SignalName,Tx_BusChannel,Tx_ECUName,Tx_MessageName,Tx_MessageID,Tx_MessageCyclic,EnableUB,crc,counter,Rx_BusChannel,Rx_ECUName,Rx_MessageName,Rx_MessageID,Rx_MessageCyclic,Len,repeat
ACUCoolantFlwReq,ADCANFD,ACU,AcuADCANFDFr12,0x410,320,29.0,,,PropulsionCAN,ECM,BgmPropulsionFr04,0x3FA,320,9.0,0
ACUCoolantFlwReq,ADCANFD,ACU,AcuADCANFDFr12,0x410,320,29.0,,,PropulsionCAN,VCU,BgmPropulsionFr04,0x3FA,320,9.0,1
AccrPedlRatGrdt,BackboneFR,VDDM,VddmBackBoneFr00,46=0=1,5,119.0,True,True,PassiveSafetyCAN,RML,AsdmPassSafeCANFr21,0x206,100,15.0,0
AirTFromHeatgEstimd,BackboneFR,VDDM,VddmBackBoneFr18,48=0=4,20,7.0,,,BodyCAN,CCM,CEMBodyFr28,0x1D0,100,13.0,0
AudWarnLvOfSnsrParkAssiFrnt,ADCANFD,ACU,AcuADCANFDFr03,0x185,70,8.0,,,InfoCANFD,CDC,BgmInfoCanFdFr20,0x335,70,2.0,0
AudWarnLvOfSnsrParkAssiLe,ADCANFD,ACU,AcuADCANFDFr03,0x185,70,17.0,,,InfoCANFD,CDC,BgmInfoCanFdFr20,0x335,70,2.0,0
AudWarnLvOfSnsrParkAssiRe,ADCANFD,ACU,AcuADCANFDFr03,0x185,70,16.0,,,InfoCANFD,CDC,BgmInfoCanFdFr20,0x335,70,2.0,0
AudWarnLvOfSnsrParkAssiRgt,ADCANFD,ACU,AcuADCANFDFr03,0x185,70,112.0,,,InfoCANFD,CDC,BgmInfoCanFdFr20,0x335,70,2.0,0
AudWarnOfSnsrParkAssiFrntPosn,ADCANFD,ACU,AcuADCANFDFr03,0x185,70,127.0,,,InfoCANFD,CDC,BgmInfoCanFdFr20,0x335,70,3.0,0
AudWarnOfSnsrParkAssiLePosn,ADCANFD,ACU,AcuADCANFDFr03,0x185,70,126.0,,,InfoCANFD,CDC,BgmInfoCanFdFr20,0x335,70,3.0,0
AudWarnOfSnsrParkAssiRePosn,ADCANFD,ACU,AcuADCANFDFr03,0x185,70,125.0,,,InfoCANFD,CDC,BgmInfoCanFdFr20,0x335,70,3.0,0
AudWarnOfSnsrParkAssiRgtPosn,ADCANFD,ACU,AcuADCANFDFr03,0x185,70,124.0,,,InfoCANFD,CDC,BgmInfoCanFdFr20,0x335,70,3.0,0
BLEConRPACtrlFrnt,ConnectivityCANFD,BNCM,BncmConnectivityFr17,0x198,100,9.0,,,ADCANFD,ACU,BgmADCANFDFr02,0x140,45,3.0,0
BLEConRPACtrlLeft,ConnectivityCANFD,BNCM,BncmConnectivityFr17,0x198,100,8.0,,,ADCANFD,ACU,BgmADCANFDFr02,0x140,45,3.0,0
BLEConRPACtrlRear,ConnectivityCANFD,BNCM,BncmConnectivityFr17,0x198,100,23.0,,,ADCANFD,ACU,BgmADCANFDFr02,0x140,45,3.0,0
BLEConRPACtrlRgt,ConnectivityCANFD,BNCM,BncmConnectivityFr17,0x198,100,22.0,,,ADCANFD,ACU,BgmADCANFDFr02,0x140,45,3.0,0
BattCpEstimdRaw,CEM_LIN6,BMS,BmsCem_Lin6Fr03,0x04,170,,,,ConnectivityCANFD,ETC,BgmConnectivityFr09,0x215,90,7.0,0
BattIRaw,CEM_LIN6,BMS,BmsCem_Lin6Fr01,0x02,"[45, 125]",,,,ConnectivityCANFD,ETC,BgmConnectivityFr09,0x215,90,16.0,0
BattRRaw,CEM_LIN6,BMS,BmsCem_Lin6Fr04,0x09,170,,,,ConnectivityCANFD,ETC,BgmConnectivityFr09,0x215,90,8.0,0
BattSocRaw,CEM_LIN6,BMS,BmsCem_Lin6Fr05,0x06,"[40, 130]",,,,BackboneFR,ACU,CemBackBoneFr26,39=14=16,80,10.0,0
BattSocRaw,CEM_LIN6,BMS,BmsCem_Lin6Fr05,0x06,"[40, 130]",,,,BackboneFR,CDC,CemBackBoneFr26,39=14=16,80,10.0,1
BattTRaw,CEM_LIN6,BMS,BmsCem_Lin6Fr03,0x04,170,,,,ConnectivityCANFD,ETC,BgmConnectivityFr09,0x215,90,9.0,0
BattTRaw,CEM_LIN6,BMS,BmsCem_Lin6Fr03,0x04,170,,,,BodyCAN,IPM,CemBodyFr131,0x118,85,9.0,0
BattURaw,CEM_LIN6,BMS,BmsCem_Lin6Fr05,0x06,"[40, 130]",,,,ConnectivityCANFD,ETC,VgmConnFr05,0x380,170,9.0,0
BattURaw,CEM_LIN6,BMS,BmsCem_Lin6Fr05,0x06,"[40, 130]",,,,BodyCAN,IPM,CemBodyFr131,0x118,85,9.0,0
BattURaw,CEM_LIN6,BMS,BmsCem_Lin6Fr05,0x06,"[40, 130]",,,,ConnectivityCANFD,TCAM,VgmConnFr05,0x380,170,9.0,1
BookChargeSetResponse,BackboneFR,VDDM,VddmBackBoneFr19,49=0=16,80,162.0,,,ConnectivityCANFD,BNCM,BgmConnectivityFr03,0x174,90,2.0,0
BookChargeSetResponse,BackboneFR,VDDM,VddmBackBoneFr19,49=0=16,80,162.0,,,CEM_LIN2,FCSI,CemCem_Lin2Fr06,0x28,110,2.0,0
BookChrgnStsFb,BackboneFR,VDDM,VddmBackBoneFr30,49=15=32,160,142.0,,,ConnectivityCANFD,BNCM,VgmConnFr12,0x470,50,2.0,0
BookChrgnStsFb,BackboneFR,VDDM,VddmBackBoneFr30,49=15=32,160,142.0,,,CEM_LIN2,FCSI,CemCem_Lin2Fr06,0x28,110,2.0,0
BookChrgnStsFb,BackboneFR,VDDM,VddmBackBoneFr30,49=15=32,160,142.0,,,ConnectivityCANFD,TCAM,VgmConnFr12,0x470,50,2.0,1
BookChrgnTarValFb,BackboneFR,VDDM,VddmBackBoneFr14,49=5=32,160,173.0,,,ConnectivityCANFD,BNCM,BgmConnectivityFr10,0x324,145,10.0,0
CDCCoolantFlwReq,InfoCANFD,CDC,CdcInfoCanFdFr11,0x450,320,29.0,,,PropulsionCAN,ECM,BgmPropulsionFr04,0x3FA,320,9.0,0
CDCCoolantFlwReq,InfoCANFD,CDC,CdcInfoCanFdFr11,0x450,320,29.0,,,PropulsionCAN,VCU,BgmPropulsionFr04,0x3FA,320,9.0,1
CDCGearShiftUnitSt,InfoCANFD,CDC,CdcInfoCanFdFr12,0x0C0,20,,,,BackboneFR,BBM,VgmBackBoneFr00,1=0=1,5,3.0,0
CDCGearShiftUnitSt,InfoCANFD,CDC,CdcInfoCanFdFr12,0x0C0,20,,,,ChassisCAN1,ECM,BgmChas1Fr01,0x125,15,3.0,0
CDCGearShiftUnitSt,InfoCANFD,CDC,CdcInfoCanFdFr12,0x0C0,20,,,,ChassisCAN1,VDDM,BgmChas1Fr01,0x125,15,3.0,1
CDCGearShiftUnitSt,InfoCANFD,CDC,CdcInfoCanFdFr12,0x0C0,20,,,,ChassisCAN1,VCU,BgmChas1Fr01,0x125,15,3.0,1
CarTiIntForClima,BodyCAN,CCM,CcmBodyFr34,0x33F,200,31.0,,,BackboneFR,VDDM,CemBackBoneFr15,39=15=32,160,32.0,0
CbnOverHeatProtnEnaFromTelm,ConnectivityCANFD,TCAM,TcamConnectivityFr04,0x14A,40,10.0,,,BodyCAN,CCM,CemBodyFr73,0x098,65,1.0,0
CcmRollgCntrSts,BodyCAN,CCM,CcmBodyFr30,0x401,500,40.0,,,BackboneFR,VDDM,CemBackBoneFr16,39=31=32,160,8.0,0
CdsParkgClimaActv,BodyCAN,CCM,CcmBodyFr58,0x243,100,6.0,,,ConnectivityCANFD,TCAM,VgmConnFr33,0x254,120,1.0,0
ChrgnSpd,BackboneFR,VDDM,VddmBackBoneFr39,49=27=64,320,145.0,,,ConnectivityCANFD,BNCM,BgmConnectivityFr03,0x174,90,11.0,0
ClimaActv,BodyCAN,CCM,CcmBodyFr03,0x200,90,29.0,,,ConnectivityCANFD,TCAM,VgmConnFr03,0x340,90,1.0,0
ClimaCmptSts,BodyCAN,CCM,CcmBodyFr11,0x405,150,6.0,,,BackboneFR,VDDM,CemBackBoneFr07,39=1=8,40,3.0,0
ClimaCoolgReqLvl,BodyCAN,CCM,CcmBodyFr34,0x33F,200,29.0,,,BackboneFR,VDDM,CemBackBoneFr15,39=15=32,160,2.0,0
ClimaDefrstSts,BodyCAN,CCM,CcmBodyFr11,0x405,150,27.0,,,BackboneFR,VDDM,CemBackBoneFr07,39=1=8,40,1.0,0
ClimaHeatgReqLvl,BodyCAN,CCM,CcmBodyFr34,0x33F,200,28.0,,,BackboneFR,VDDM,CemBackBoneFr15,39=15=32,160,2.0,0
ClimaOvrHeatProActv,BodyCAN,CCM,CcmBodyFr11,0x405,150,53.0,,,ConnectivityCANFD,TCAM,VgmConnFr10,0x250,50,1.0,0
ClimaOvrHeatProActvSts,BodyCAN,CCM,CcmBodyFr58,0x243,100,4.0,,,ConnectivityCANFD,TCAM,VgmConnFr33,0x254,120,1.0,0
ClimaOvrHeatProRspn,BodyCAN,CCM,CcmBodyFr44,0x251,EventTriggered,30.0,,,ConnectivityCANFD,TCAM,VgmConnFr21,0x338,EventTriggered,1.0,0
ClimaOvrHeatProWarn,BodyCAN,CCM,CcmBodyFr44,0x251,EventTriggered,27.0,,,ConnectivityCANFD,TCAM,VgmConnFr21,0x338,EventTriggered,2.0,0
ClimaRqrd1,ConnectivityCANFD,TCAM,TcamConnectivityFr02,0x220,EventTriggered,14.0,,,BodyCAN,CCM,CemBodyFr48,0x357,EventTriggered,2.0,0
ClimaSts,BodyCAN,CCM,CcmBodyFr25,0x419,150,12.0,,,BackboneFR,VDDM,CemBackBoneFr12,39=6=16,80,1.0,0
ClimaTmrStsTelmRqrd,ConnectivityCANFD,TCAM,TcamConnectivityFr02,0x220,EventTriggered,23.0,,,BodyCAN,CCM,CemBodyFr47,0x285,EventTriggered,1.0,0
CllsnThreat,BackboneFR,ACU,AsdmBackBoneFr03,38261.0,20,64.0,,,PassiveSafetyCAN,RML,AsdmPassSafeCANFr02,0x083,40,2.0,0
CllsnWarnReIndcn,BackboneFR,ACU,AsdmBackBoneFr11,32=4=16,80,47.0,,,PassiveSafetyCAN,RML,AsdmPassSafeCANFr04,0x085,25,2.0,0
CmprSpdAct,BackboneFR,VDDM,VddmBackBoneFr30,49=15=32,160,165.0,,,BodyCAN,CCM,CemBodyFr46,0x3A0,285,8.0,0
CmptModForHp,BodyCAN,CCM,CcmBodyFr22,0x410,150,31.0,,,BackboneFR,VDDM,CemBackBoneFr15,39=15=32,160,3.0,0
CmptmtAirTEstimdAtRowFirstLoResl,BodyCAN,CCM,CcmBodyFr08,0x121,30,19.0,,,BackboneFR,VDDM,CemBackBoneFr03,37=0=2,10,11.0,0
CmptmtCoolgSts,BackboneFR,VDDM,VddmBackBoneFr20,49=4=16,80,71.0,,,BodyCAN,CCM,CEMBodyFr14,0x140,50,4.0,0
CnvnAllwd,BackboneFR,VDDM,VddmBackBoneFr08,48=2=8,40,5.0,,,BodyCAN,IPM,BgmBodyFr08,0x265,20,1.0,0
CooltHeatrTIntk,BackboneFR,VDDM,VddmBackBoneFr20,49=4=16,80,150.0,,,BodyCAN,CCM,CemBodyFr08,0x493,100,8.0,0
CooltHeatrTOutl,BackboneFR,VDDM,VddmBackBoneFr20,49=4=16,80,151.0,,,BodyCAN,CCM,CemBodyFr08,0x493,100,8.0,0
DCChrgSt,BackboneFR,VDDM,VddmBackBoneFr20,49=4=16,80,70.0,,,ConnectivityCANFD,BNCM,VgmConnFr05,0x380,170,4.0,0
DCChrgSt,BackboneFR,VDDM,VddmBackBoneFr20,49=4=16,80,70.0,,,CEM_LIN2,FCSI,CemCem_Lin2Fr06,0x28,110,4.0,0
DCChrgnHndlSts,BackboneFR,VDDM,VddmBackBoneFr29,49=12=16,80,35.0,,,ConnectivityCANFD,BNCM,BgmConnectivityFr06,0x195,20,3.0,0
DCChrgnHndlSts,BackboneFR,VDDM,VddmBackBoneFr29,49=12=16,80,35.0,,,BodyCAN,CCM,CemBodyFr67,0x23A,35,3.0,0
DCChrgnHndlSts,BackboneFR,VDDM,VddmBackBoneFr29,49=12=16,80,35.0,,,CEM_LIN2,FCSI,CemCem_Lin2Fr06,0x28,110,3.0,0
DispHvBattLvlOfChrg,BackboneFR,VDDM,VddmBackBoneFr06,48=1=4,20,170.0,,,BodyCAN,IPM,BgmBodyFr08,0x265,20,10.0,0
DoorDrvrLockSts,BodyCAN,DDM,DdmBodyFr04,0x005,25,59.0,,,BackboneFR,ACU,CemBackBoneFr03,37=0=2,10,2.0,0
DoorDrvrLockSts,BodyCAN,DDM,DdmBodyFr04,0x005,25,59.0,,,ConnectivityCANFD,BNCM,VgmConnFr08,0x200,50,2.0,0
DoorDrvrLockSts,BodyCAN,DDM,DdmBodyFr04,0x005,25,59.0,,,BackboneFR,SRS,CemBackBoneFr03,37=0=2,10,2.0,1
DoorDrvrLockSts,BodyCAN,DDM,DdmBodyFr04,0x005,25,59.0,,,BackboneFR,PSGM,CemBackBoneFr03,37=0=2,10,2.0,1
DoorDrvrOpenerSpeed,BodyCAN,DPOD,DpodBodyFr02,0x035,20,38.0,,,ConnectivityCANFD,DRMFL,VgmConnFr52,0x15A,20,6.0,0
DoorDrvrOpenerSpeed,BodyCAN,DPOD,DpodBodyFr02,0x035,20,38.0,,,ConnectivityCANFD,DRMFR,VgmConnFr52,0x15A,20,6.0,1
DoorDrvrOpenerSpeed,BodyCAN,DPOD,DpodBodyFr02,0x035,20,38.0,,,ConnectivityCANFD,DRMRL,VgmConnFr52,0x15A,20,6.0,1
DoorDrvrOpenerSpeed,BodyCAN,DPOD,DpodBodyFr02,0x035,20,38.0,,,ConnectivityCANFD,DRMRR,VgmConnFr52,0x15A,20,6.0,1
DoorDrvrPosn,BodyCAN,DPOD,DpodBodyFr01,0x217,20,0.0,,,ConnectivityCANFD,BNCM,BgmConnectivityFr12,0x210,20,7.0,0
DoorDrvrPosn,BodyCAN,DPOD,DpodBodyFr01,0x217,20,0.0,,,ConnectivityCANFD,DRMFL,BgmConnectivityFr12,0x210,20,7.0,1
DoorDrvrPosn,BodyCAN,DPOD,DpodBodyFr01,0x217,20,0.0,,,ConnectivityCANFD,DRMFR,BgmConnectivityFr12,0x210,20,7.0,1
DoorDrvrPosn,BodyCAN,DPOD,DpodBodyFr01,0x217,20,0.0,,,ConnectivityCANFD,DRMRL,BgmConnectivityFr12,0x210,20,7.0,1
DoorDrvrPosn,BodyCAN,DPOD,DpodBodyFr01,0x217,20,0.0,,,ConnectivityCANFD,DRMRR,BgmConnectivityFr12,0x210,20,7.0,1
DoorLeReLockSts,BodyCAN,RLDM,RldmBodyFr01,0x070,30,18.0,,,BackboneFR,ACU,CemBackBoneFr03,37=0=2,10,2.0,0
DoorLeReLockSts,BodyCAN,RLDM,RldmBodyFr01,0x070,30,18.0,,,ConnectivityCANFD,BNCM,VgmConnFr08,0x200,50,2.0,0
DoorLeReLockSts,BodyCAN,RLDM,RldmBodyFr01,0x070,30,18.0,,,BackboneFR,SRS,CemBackBoneFr03,37=0=2,10,2.0,1
DoorLeReLockSts,BodyCAN,RLDM,RldmBodyFr01,0x070,30,18.0,,,BackboneFR,PSGM,CemBackBoneFr03,37=0=2,10,2.0,1
DoorLeReOpenerSpeed,BodyCAN,LPOD,LpodBodyFr02,0x036,20,38.0,,,ConnectivityCANFD,DRMFL,VgmConnFr52,0x15A,20,6.0,0
DoorLeReOpenerSpeed,BodyCAN,LPOD,LpodBodyFr02,0x036,20,38.0,,,ConnectivityCANFD,DRMFR,VgmConnFr52,0x15A,20,6.0,1
DoorLeReOpenerSpeed,BodyCAN,LPOD,LpodBodyFr02,0x036,20,38.0,,,ConnectivityCANFD,DRMRL,VgmConnFr52,0x15A,20,6.0,1
DoorLeReOpenerSpeed,BodyCAN,LPOD,LpodBodyFr02,0x036,20,38.0,,,ConnectivityCANFD,DRMRR,VgmConnFr52,0x15A,20,6.0,1
DoorLeRePosn,BodyCAN,LPOD,LpodBodyFr01,0x218,20,39.0,,,ConnectivityCANFD,BNCM,BgmConnectivityFr12,0x210,20,7.0,0
DoorLeRePosn,BodyCAN,LPOD,LpodBodyFr01,0x218,20,39.0,,,ConnectivityCANFD,DRMFL,BgmConnectivityFr12,0x210,20,7.0,1
DoorLeRePosn,BodyCAN,LPOD,LpodBodyFr01,0x218,20,39.0,,,ConnectivityCANFD,DRMFR,BgmConnectivityFr12,0x210,20,7.0,1
DoorLeRePosn,BodyCAN,LPOD,LpodBodyFr01,0x218,20,39.0,,,ConnectivityCANFD,DRMRL,BgmConnectivityFr12,0x210,20,7.0,1
DoorLeRePosn,BodyCAN,LPOD,LpodBodyFr01,0x218,20,39.0,,,ConnectivityCANFD,DRMRR,BgmConnectivityFr12,0x210,20,7.0,1
DoorOpenerDrvrSts,BodyCAN,DPOD,DpodBodyFr01,0x217,20,3.0,,,ConnectivityCANFD,BNCM,VgmConnFr08,0x200,50,4.0,0
DoorOpenerLeReSts,BodyCAN,LPOD,LpodBodyFr01,0x218,20,24.0,,,ConnectivityCANFD,BNCM,VgmConnFr08,0x200,50,4.0,0
DoorOpenerPassSts,BodyCAN,PPOD,PpodBodyFr01,0x222,20,36.0,,,ConnectivityCANFD,BNCM,VgmConnFr08,0x200,50,4.0,0
DoorOpenerRiReSts,BodyCAN,RPOD,RpodBodyFr01,0x22A,20,36.0,,,ConnectivityCANFD,BNCM,VgmConnFr08,0x200,50,4.0,0
DoorOpenwarnLeIndcn,BackboneFR,ACU,AsdmBackBoneFr04,38262.0,20,55.0,,,BodyCAN,DPOD,CemBodyFr69,0x0C4,20,2.0,0
DoorOpenwarnLeIndcn,BackboneFR,ACU,AsdmBackBoneFr04,38262.0,20,55.0,,,BodyCAN,LPOD,CemBodyFr69,0x0C4,20,2.0,1
DoorOpenwarnLeIndcn,BackboneFR,ACU,AsdmBackBoneFr04,38262.0,20,55.0,,,BodyCAN,PPOD,CemBodyFr69,0x0C4,20,2.0,1
DoorOpenwarnLeIndcn,BackboneFR,ACU,AsdmBackBoneFr04,38262.0,20,55.0,,,BodyCAN,RPOD,CemBodyFr69,0x0C4,20,2.0,1
DoorOpenwarnOn1,BackboneFR,ACU,AsdmBackBoneFr10,32=3=8,40,221.0,,,BodyCAN,DPOD,BgmBodyFr06,0x280,20,2.0,0
DoorOpenwarnOn1,BackboneFR,ACU,AsdmBackBoneFr10,32=3=8,40,221.0,,,BodyCAN,LPOD,BgmBodyFr06,0x280,20,2.0,1
DoorOpenwarnOn1,BackboneFR,ACU,AsdmBackBoneFr10,32=3=8,40,221.0,,,BodyCAN,PPOD,BgmBodyFr06,0x280,20,2.0,1
DoorOpenwarnOn1,BackboneFR,ACU,AsdmBackBoneFr10,32=3=8,40,221.0,,,BodyCAN,RPOD,BgmBodyFr06,0x280,20,2.0,1
DoorOpenwarnRiIndcn,BackboneFR,ACU,AsdmBackBoneFr04,38262.0,20,54.0,,,BodyCAN,DPOD,CemBodyFr69,0x0C4,20,2.0,0
DoorOpenwarnRiIndcn,BackboneFR,ACU,AsdmBackBoneFr04,38262.0,20,54.0,,,BodyCAN,LPOD,CemBodyFr69,0x0C4,20,2.0,1
DoorOpenwarnRiIndcn,BackboneFR,ACU,AsdmBackBoneFr04,38262.0,20,54.0,,,BodyCAN,PPOD,CemBodyFr69,0x0C4,20,2.0,1
DoorOpenwarnRiIndcn,BackboneFR,ACU,AsdmBackBoneFr04,38262.0,20,54.0,,,BodyCAN,RPOD,CemBodyFr69,0x0C4,20,2.0,1
DoorPassLockSts,BodyCAN,PDM,PdmBodyFr01,0x010,20,35.0,,,BackboneFR,ACU,CemBackBoneFr03,37=0=2,10,2.0,0
DoorPassLockSts,BodyCAN,PDM,PdmBodyFr01,0x010,20,35.0,,,ConnectivityCANFD,BNCM,VgmConnFr08,0x200,50,2.0,0
DoorPassLockSts,BodyCAN,PDM,PdmBodyFr01,0x010,20,35.0,,,BackboneFR,SRS,CemBackBoneFr03,37=0=2,10,2.0,1
DoorPassLockSts,BodyCAN,PDM,PdmBodyFr01,0x010,20,35.0,,,BackboneFR,PSGM,CemBackBoneFr03,37=0=2,10,2.0,1
DoorPassOpenerSpeed,BodyCAN,PPOD,PpodBodyFr02,0x037,20,38.0,,,ConnectivityCANFD,DRMFL,VgmConnFr52,0x15A,20,6.0,0
DoorPassOpenerSpeed,BodyCAN,PPOD,PpodBodyFr02,0x037,20,38.0,,,ConnectivityCANFD,DRMFR,VgmConnFr52,0x15A,20,6.0,1
DoorPassOpenerSpeed,BodyCAN,PPOD,PpodBodyFr02,0x037,20,38.0,,,ConnectivityCANFD,DRMRL,VgmConnFr52,0x15A,20,6.0,1
DoorPassOpenerSpeed,BodyCAN,PPOD,PpodBodyFr02,0x037,20,38.0,,,ConnectivityCANFD,DRMRR,VgmConnFr52,0x15A,20,6.0,1
DoorPassPosn,BodyCAN,PPOD,PpodBodyFr01,0x222,20,24.0,,,ConnectivityCANFD,BNCM,BgmConnectivityFr12,0x210,20,7.0,0
DoorPassPosn,BodyCAN,PPOD,PpodBodyFr01,0x222,20,24.0,,,ConnectivityCANFD,DRMFL,BgmConnectivityFr12,0x210,20,7.0,1
DoorPassPosn,BodyCAN,PPOD,PpodBodyFr01,0x222,20,24.0,,,ConnectivityCANFD,DRMFR,BgmConnectivityFr12,0x210,20,7.0,1
DoorPassPosn,BodyCAN,PPOD,PpodBodyFr01,0x222,20,24.0,,,ConnectivityCANFD,DRMRL,BgmConnectivityFr12,0x210,20,7.0,1
DoorPassPosn,BodyCAN,PPOD,PpodBodyFr01,0x222,20,24.0,,,ConnectivityCANFD,DRMRR,BgmConnectivityFr12,0x210,20,7.0,1
DoorRiReLockSts,BodyCAN,RRDM,RrdmBodyFr01,0x075,20,18.0,,,BackboneFR,ACU,CemBackBoneFr03,37=0=2,10,2.0,0
DoorRiReLockSts,BodyCAN,RRDM,RrdmBodyFr01,0x075,20,18.0,,,ConnectivityCANFD,BNCM,VgmConnFr08,0x200,50,2.0,0
DoorRiReLockSts,BodyCAN,RRDM,RrdmBodyFr01,0x075,20,18.0,,,BackboneFR,SRS,CemBackBoneFr03,37=0=2,10,2.0,1
DoorRiReLockSts,BodyCAN,RRDM,RrdmBodyFr01,0x075,20,18.0,,,BackboneFR,PSGM,CemBackBoneFr03,37=0=2,10,2.0,1
DoorRiReOpenerSpeed,BodyCAN,RPOD,RpodBodyFr02,0x038,20,38.0,,,ConnectivityCANFD,DRMFL,VgmConnFr52,0x15A,20,6.0,0
DoorRiReOpenerSpeed,BodyCAN,RPOD,RpodBodyFr02,0x038,20,38.0,,,ConnectivityCANFD,DRMFR,VgmConnFr52,0x15A,20,6.0,1
DoorRiReOpenerSpeed,BodyCAN,RPOD,RpodBodyFr02,0x038,20,38.0,,,ConnectivityCANFD,DRMRL,VgmConnFr52,0x15A,20,6.0,1
DoorRiReOpenerSpeed,BodyCAN,RPOD,RpodBodyFr02,0x038,20,38.0,,,ConnectivityCANFD,DRMRR,VgmConnFr52,0x15A,20,6.0,1
DoorRiRePosn,BodyCAN,RPOD,RpodBodyFr01,0x22A,20,24.0,,,ConnectivityCANFD,BNCM,BgmConnectivityFr12,0x210,20,7.0,0
DoorRiRePosn,BodyCAN,RPOD,RpodBodyFr01,0x22A,20,24.0,,,ConnectivityCANFD,DRMFL,BgmConnectivityFr12,0x210,20,7.0,1
DoorRiRePosn,BodyCAN,RPOD,RpodBodyFr01,0x22A,20,24.0,,,ConnectivityCANFD,DRMFR,BgmConnectivityFr12,0x210,20,7.0,1
DoorRiRePosn,BodyCAN,RPOD,RpodBodyFr01,0x22A,20,24.0,,,ConnectivityCANFD,DRMRL,BgmConnectivityFr12,0x210,20,7.0,1
DoorRiRePosn,BodyCAN,RPOD,RpodBodyFr01,0x22A,20,24.0,,,ConnectivityCANFD,DRMRR,BgmConnectivityFr12,0x210,20,7.0,1
DrvrSeatHeatgAvlSts,BodyCAN,SMD,SmdBodyFr04,0x299,95,3.0,,,ConnectivityCANFD,TCAM,VgmConnFr14,0x360,155,3.0,0
DrvrSeatHeatgLvlSts,BodyCAN,SMD,SmdBodyFr04,0x299,95,26.0,,,ConnectivityCANFD,TCAM,VgmConnFr14,0x360,155,2.0,0
DrvrSeatVentAvlSts,BodyCAN,SMD,SmdBodyFr04,0x299,95,7.0,,,ConnectivityCANFD,TCAM,VgmConnFr14,0x360,155,3.0,0
DrvrSeatVentnLvlSts,BodyCAN,SMD,SmdBodyFr04,0x299,95,29.0,,,ConnectivityCANFD,TCAM,VgmConnFr14,0x360,155,2.0,0
DstEstimdToEmptyForDrvgElec,BackboneFR,VDDM,VddmBackBoneFr16,48=6=8,40,210.0,,,ConnectivityCANFD,BNCM,BgmConnectivityFr03,0x174,90,10.0,0
ECallMuteReqSts,ConnectivityCANFD,TCAM,TcamConnectivityFr39,0x211,100,6.0,,,InfoCANFD,CDC,BgmInfoCanFdDevFr02,0x260,100,1.0,0
EcmRoilgCntr,BackboneFR,VDDM,VddmBackBoneFr30,49=15=32,160,164.0,,True,BodyCAN,CCM,CEMBodyFr28,0x1D0,100,8.0,0
EcoClimaSts,BodyCAN,CCM,CcmBodyFr31,0x127,100,46.0,,,ConnectivityCANFD,TCAM,VgmConnFr14,0x360,155,1.0,0
EcoClimaSts,BodyCAN,CCM,CcmBodyFr31,0x127,100,46.0,,,BackboneFR,VDDM,CemBackBoneFr12,39=6=16,80,1.0,0
FLDRMWorkModeFB,ConnectivityCANFD,DRMFL,DrmflConnectivityFr06,0x1F5,EventTriggered,295.0,,,ADCANFD,ACU,BgmADCANFDFr02,0x140,45,3.0,0
FRDRMWorkModeFB,ConnectivityCANFD,DRMFR,DrmfrConnectivityFr06,0x1FC,EventTriggered,295.0,,,ADCANFD,ACU,BgmADCANFDFr02,0x140,45,3.0,0
FastChrgnLEDIndctn,BackboneFR,VDDM,VddmBackBoneFr38,49=26=64,320,122.0,,,CEM_LIN2,FCSI,EcmEcm_Lin4Fr02,0x01,110,3.0,0
FctaIndcnLe,BackboneFR,ACU,AsdmBackBoneFr11,32=4=16,80,199.0,,,PassiveSafetyCAN,RML,AsdmPassSafeCANFr02,0x083,40,2.0,0
FctaIndcnRi,BackboneFR,ACU,AsdmBackBoneFr11,32=4=16,80,198.0,,,PassiveSafetyCAN,RML,AsdmPassSafeCANFr02,0x083,40,2.0,0
FragCh1Id,BodyCAN,CCM,CcmBodyFr29,0x4A0,150,55.0,,,ConnectivityCANFD,TCAM,VgmConnFr18,0x334,110,8.0,0
FragCh1UseUpWrn,BodyCAN,CCM,CcmBodyFr25,0x419,150,59.0,,,ConnectivityCANFD,TCAM,VgmConnFr03,0x340,90,1.0,0
FragCh2Id,BodyCAN,CCM,CcmBodyFr29,0x4A0,150,54.0,,,ConnectivityCANFD,TCAM,VgmConnFr18,0x334,110,8.0,0
FragCh2UseUpWrn,BodyCAN,CCM,CcmBodyFr25,0x419,150,57.0,,,ConnectivityCANFD,TCAM,VgmConnFr03,0x340,90,1.0,0
FragCh3Id,BodyCAN,CCM,CcmBodyFr29,0x4A0,150,53.0,,,ConnectivityCANFD,TCAM,VgmConnFr18,0x334,110,8.0,0
FragCh3UseUpWrn,BodyCAN,CCM,CcmBodyFr25,0x419,150,41.0,,,ConnectivityCANFD,TCAM,VgmConnFr03,0x340,90,1.0,0
FragCh4Id,BodyCAN,CCM,CcmBodyFr29,0x4A0,150,52.0,,,ConnectivityCANFD,TCAM,VgmConnFr18,0x334,110,8.0,0
FragCh4UseUpWrn,BodyCAN,CCM,CcmBodyFr25,0x419,150,43.0,,,ConnectivityCANFD,TCAM,VgmConnFr03,0x340,90,1.0,0
FragCh5Id,BodyCAN,CCM,CcmBodyFr29,0x4A0,150,51.0,,,ConnectivityCANFD,TCAM,VgmConnFr18,0x334,110,8.0,0
FragCh5UseUpWrn,BodyCAN,CCM,CcmBodyFr25,0x419,150,45.0,,,ConnectivityCANFD,TCAM,VgmConnFr03,0x340,90,1.0,0
FragLvlFrmClima,BodyCAN,CCM,CcmBodyFr25,0x419,150,40.0,,,ConnectivityCANFD,TCAM,VgmConnFr03,0x340,90,2.0,0
FragStsFrmClima,BodyCAN,CCM,CcmBodyFr25,0x419,150,61.0,,,ConnectivityCANFD,TCAM,VgmConnFr03,0x340,90,2.0,0
FrntHvacBlowerSts,BodyCAN,CCM,CcmBodyFr25,0x419,150,13.0,,,BackboneFR,VDDM,CemBackBoneFr12,39=6=16,80,2.0,0
FrntLeOfSideDoor,ADCANFD,ACU,AcuADCANFDFr03,0x185,70,123.0,,,InfoCANFD,CDC,BgmInfoCanFdFr20,0x335,70,8.0,0
FrntLeOfSnsrOfPrkgAssiSide,ADCANFD,ACU,AcuADCANFDFr03,0x185,70,122.0,,,ConnectivityCANFD,BNCM,BgmConnectivityFr03,0x174,90,8.0,0
FrntLeOfSnsrOfPrkgAssiSide,ADCANFD,ACU,AcuADCANFDFr03,0x185,70,122.0,,,InfoCANFD,CDC,BgmInfoCanFdFr20,0x335,70,8.0,0
FrntLeftRdrFault,ConnectivityCANFD,DRMFL,DrmflConnectivityFr06,0x1F5,EventTriggered,169.0,,,ADCANFD,ACU,BgmADCANFDFr11,0x1F5,EventTriggered,2.0,0
FrntRgtRdrFault,ConnectivityCANFD,DRMFR,DrmfrConnectivityFr06,0x1FC,EventTriggered,169.0,,,ADCANFD,ACU,BgmADCANFDFr17,0x1FC,EventTriggered,2.0,0
FrntRiOfSideDoor,ADCANFD,ACU,AcuADCANFDFr03,0x185,70,121.0,,,InfoCANFD,CDC,BgmInfoCanFdFr20,0x335,70,8.0,0
FrntRiOfSnsrOfPrkgAssiSide,ADCANFD,ACU,AcuADCANFDFr03,0x185,70,120.0,,,ConnectivityCANFD,BNCM,BgmConnectivityFr03,0x174,90,8.0,0
FrntRiOfSnsrOfPrkgAssiSide,ADCANFD,ACU,AcuADCANFDFr03,0x185,70,120.0,,,InfoCANFD,CDC,BgmInfoCanFdFr20,0x335,70,8.0,0
GearLvrFaultIndcn,ChassisCAN1,ECM,EcmChas1Fr09,0x2C4,130,28.0,,,InfoCANFD,CDC,BgmInfoCanFdFr17,0x320,20,3.0,0
GearLvrIllmnSts,PropulsionCAN,EGSM,EgsmPropFr01,0x135,20,34.0,,,InfoCANFD,CDC,BgmInfoCanFdFr17,0x320,20,1.0,0
GearLvrIndcn,BackboneFR,VDDM,VddmBackBoneFr03,50=0=2,10,147.0,,,ConnectivityCANFD,BNCM,VgmConnFr12,0x470,50,3.0,0
GearLvrIndcn,BackboneFR,VDDM,VddmBackBoneFr03,50=0=2,10,147.0,,,BodyCAN,DPOD,BgmBodyFr06,0x280,20,3.0,0
GearLvrIndcn,BackboneFR,VDDM,VddmBackBoneFr03,50=0=2,10,147.0,,,BodyCAN,LPOD,BgmBodyFr06,0x280,20,3.0,1
GearLvrIndcn,BackboneFR,VDDM,VddmBackBoneFr03,50=0=2,10,147.0,,,BodyCAN,PPOD,BgmBodyFr06,0x280,20,3.0,1
GearLvrIndcn,BackboneFR,VDDM,VddmBackBoneFr03,50=0=2,10,147.0,,,PassiveSafetyCAN,RML,AsdmPassSafeCANFr18,0x076,40,3.0,0
GearLvrIndcn,BackboneFR,VDDM,VddmBackBoneFr03,50=0=2,10,147.0,,,BodyCAN,RPOD,BgmBodyFr06,0x280,20,3.0,1
HVBattPumpFltSts,ChassisCAN1,ECM,EcmChas1Fr18,0x233,100,63.0,,,InfoCANFD,CDC,BgmInfoCanFdFr18,0x210,100,4.0,0
HeatrAirTReq,BodyCAN,CCM,CcmBodyFr25,0x419,150,14.0,,,BackboneFR,VDDM,CemBackBoneFr16,39=31=32,160,9.0,0
HmiAndAudReq,ConnectivityCANFD,TCAM,TcamConnectivityFr01,0x165,60,6.0,,,InfoCANFD,CDC,BgmInfoCanFdFr18,0x210,100,1.0,0
HpReqCritSts,BodyCAN,CCM,CcmBodyFr22,0x410,150,47.0,,,BackboneFR,VDDM,CemBackBoneFr21,38=20=64,320,1.0,0
HpcDeiceReq,BackboneFR,VDDM,VddmBackBoneFr20,49=4=16,80,76.0,,,BodyCAN,CCM,CEMBodyFr15,0x180,300,3.0,0
HpcHpCoolgPwrSts,BackboneFR,VDDM,VddmBackBoneFr20,49=4=16,80,110.0,,,BodyCAN,CCM,CEMBodyFr15,0x180,300,1.0,0
HpcHpHeatgPwrSts,BackboneFR,VDDM,VddmBackBoneFr20,49=4=16,80,125.0,,,BodyCAN,CCM,CEMBodyFr15,0x180,300,1.0,0
HpcHpModReq,BackboneFR,VDDM,VddmBackBoneFr20,49=4=16,80,95.0,,,BodyCAN,CCM,CEMBodyFr15,0x180,300,7.0,0
HvBattChrgnTiEstimd,BackboneFR,VDDM,VddmBackBoneFr20,49=4=16,80,11.0,,,ConnectivityCANFD,BNCM,BgmConnectivityFr03,0x174,90,11.0,0
HvBattLimnIndcn,BackboneFR,VDDM,VddmBackBoneFr18,48=0=4,20,200.0,,,BodyCAN,DDM,CemBodyFr103,0x05B,15,16.0,0
HvBattLimnIndcn,BackboneFR,VDDM,VddmBackBoneFr18,48=0=4,20,200.0,,,BodyCAN,IPM,CemBodyFr103,0x05B,15,16.0,1
HvBattSoc,BackboneFR,VDDM,VddmBackBoneFr11,38018.0,20,19.0,,,ConnectivityCANFD,BNCM,BgmConnectivityFr06,0x195,20,11.0,0
HvBattSoc,BackboneFR,VDDM,VddmBackBoneFr11,38018.0,20,19.0,,,BodyCAN,CCM,CemBodyFr70,0x101,65,11.0,0
HvClimaCmd,BackboneFR,VDDM,VddmBackBoneFr20,49=4=16,80,108.0,,,BodyCAN,CCM,CEMBodyFr14,0x140,50,2.0,0
HvCooltHeatrStsSig,BackboneFR,VDDM,VddmBackBoneFr27,49=13=32,160,148.0,,,BodyCAN,CCM,CEMBodyFr14,0x140,50,3.0,0
HvEgyCnsAllwdForClima,BackboneFR,VDDM,VddmBackBoneFr15,48=3=8,40,228.0,,,BodyCAN,CCM,CemBodyFr73,0x098,65,8.0,0
HvEgyDesForClima,BodyCAN,CCM,CcmBodyFr02,0x025,20,12.0,,,BackboneFR,VDDM,CemBackBoneFr07,39=1=8,40,8.0,0
HvPwrAvlForClimaEstimd,BackboneFR,VDDM,VddmBackBoneFr18,48=0=4,20,203.0,,,BodyCAN,CCM,CEMBodyFr11,0x0E0,40,10.0,0
HvPwrEgyPrio,BackboneFR,VDDM,VddmBackBoneFr20,49=4=16,80,235.0,,,BodyCAN,CCM,CEMBodyFr19,0x210,235,3.0,0
HvacAirMFlowEstimd,BodyCAN,CCM,CcmBodyFr02,0x025,20,34.0,,,BackboneFR,VDDM,CemBackBoneFr06,38200.0,20,10.0,0
HvacAirMFlowReEstimd,BodyCAN,CCM,CcmBodyFr42,0x25C,300,37.0,,,BackboneFR,VDDM,CemBackBoneFr13,38=2=64,320,10.0,0
HvacCoolgEnaFrnt,BodyCAN,CCM,CcmBodyFr01,0x0B1,20,62.0,,,BackboneFR,VDDM,CemBackBoneFr03,37=0=2,10,1.0,0
HvacCoolgEnaRe,BodyCAN,CCM,CcmBodyFr25,0x419,150,47.0,,,BackboneFR,VDDM,CemBackBoneFr07,39=1=8,40,1.0,0
HvacEvaprTSpFrnt,BodyCAN,CCM,CcmBodyFr11,0x405,150,55.0,,,BackboneFR,VDDM,CemBackBoneFr12,39=6=16,80,8.0,0
HvacEvaprTSpRe,BodyCAN,CCM,CcmBodyFr11,0x405,150,7.0,,,BackboneFR,VDDM,CemBackBoneFr12,39=6=16,80,8.0,0
HvacHeatElmAirMFlowEstimd,BodyCAN,CCM,CcmBodyFr30,0x401,500,45.0,,,BackboneFR,VDDM,CemBackBoneFr21,38=20=64,320,10.0,0
HvacHeatgReq,BodyCAN,CCM,CcmBodyFr30,0x401,500,23.0,,,BackboneFR,VDDM,CemBackBoneFr21,38=20=64,320,1.0,0
HvacOsaAndRecActrQfForHp,BodyCAN,CCM,CcmBodyFr25,0x419,150,34.0,,,BackboneFR,VDDM,CemBackBoneFr08,39=2=8,40,1.0,0
HvacRecircAct,BodyCAN,CCM,CcmBodyFr01,0x0B1,20,55.0,,,BackboneFR,VDDM,CemBackBoneFr06,38200.0,20,7.0,0
HvacTempFlapActlPosnFrstRowLe,BodyCAN,CCM,CcmBodyFr42,0x25C,300,13.0,,,BackboneFR,VDDM,CemBackBoneFr20,38=16=64,320,10.0,0
HvacTempFlapActlPosnFrstRowRi,BodyCAN,CCM,CcmBodyFr42,0x25C,300,10.0,,,BackboneFR,VDDM,CemBackBoneFr20,38=16=64,320,10.0,0
HvacTempFlapActlPosnSecRowLe,BodyCAN,CCM,CcmBodyFr42,0x25C,300,12.0,,,BackboneFR,VDDM,CemBackBoneFr20,38=16=64,320,10.0,0
HvacTempFlapActlPosnSecRowRi,BodyCAN,CCM,CcmBodyFr42,0x25C,300,11.0,,,BackboneFR,VDDM,CemBackBoneFr20,38=16=64,320,10.0,0
HvahAirTsp,BodyCAN,CCM,CcmBodyFr25,0x419,150,11.0,,,BackboneFR,VDDM,CemBackBoneFr12,39=6=16,80,11.0,0
HvahFltIndcnReq,BackboneFR,VDDM,VddmBackBoneFr19,49=0=16,80,8.0,,,BodyCAN,CCM,CemBodyFr55,0x099,545,1.0,0
HvahHeatgReq,BodyCAN,CCM,CcmBodyFr25,0x419,150,21.0,,,BackboneFR,VDDM,CemBackBoneFr12,39=6=16,80,1.0,0
HvahPwrReq,BodyCAN,CCM,CcmBodyFr22,0x410,150,16.0,,,BackboneFR,VDDM,CemBackBoneFr21,38=20=64,320,8.0,0
InsdLeOfSnsrPrkgAssiFrnt,ADCANFD,ACU,AcuADCANFDFr03,0x185,70,135.0,,,ConnectivityCANFD,BNCM,BgmConnectivityFr03,0x174,90,8.0,0
InsdLeOfSnsrPrkgAssiFrnt,ADCANFD,ACU,AcuADCANFDFr03,0x185,70,135.0,,,InfoCANFD,CDC,BgmInfoCanFdFr20,0x335,70,8.0,0
InsdLeOfSnsrPrkgAssiRe,ADCANFD,ACU,AcuADCANFDFr03,0x185,70,134.0,,,ConnectivityCANFD,BNCM,BgmConnectivityFr03,0x174,90,8.0,0
InsdLeOfSnsrPrkgAssiRe,ADCANFD,ACU,AcuADCANFDFr03,0x185,70,134.0,,,InfoCANFD,CDC,BgmInfoCanFdFr20,0x335,70,8.0,0
InsdRiOfSnsrPrkgAssiFrnt,ADCANFD,ACU,AcuADCANFDFr03,0x185,70,133.0,,,ConnectivityCANFD,BNCM,BgmConnectivityFr03,0x174,90,8.0,0
InsdRiOfSnsrPrkgAssiFrnt,ADCANFD,ACU,AcuADCANFDFr03,0x185,70,133.0,,,InfoCANFD,CDC,BgmInfoCanFdFr20,0x335,70,8.0,0
InsdRiOfSnsrPrkgAssiRe,ADCANFD,ACU,AcuADCANFDFr03,0x185,70,132.0,,,ConnectivityCANFD,BNCM,BgmConnectivityFr03,0x174,90,8.0,0
InsdRiOfSnsrPrkgAssiRe,ADCANFD,ACU,AcuADCANFDFr03,0x185,70,132.0,,,InfoCANFD,CDC,BgmInfoCanFdFr20,0x335,70,8.0,0
InsdSnsrFltFrntShoLe,ADCANFD,ACU,AcuADCANFDFr03,0x185,70,131.0,,,InfoCANFD,CDC,BgmInfoCanFdFr20,0x335,70,2.0,0
InsdSnsrFltFrntShoRi,ADCANFD,ACU,AcuADCANFDFr03,0x185,70,130.0,,,InfoCANFD,CDC,BgmInfoCanFdFr20,0x335,70,2.0,0
InsdSnsrFltReShoLe,ADCANFD,ACU,AcuADCANFDFr03,0x185,70,129.0,,,InfoCANFD,CDC,BgmInfoCanFdFr20,0x335,70,2.0,0
InsdSnsrFltReShoRi,ADCANFD,ACU,AcuADCANFDFr03,0x185,70,128.0,,,InfoCANFD,CDC,BgmInfoCanFdFr20,0x335,70,2.0,0
IntPm25LvlFrmClima,BodyCAN,CCM,CcmBodyFr01,0x0B1,20,59.0,,,ConnectivityCANFD,TCAM,VgmConnFr03,0x340,90,3.0,0
IntPm25VluFrmClima,BodyCAN,CCM,CcmBodyFr02,0x025,20,10.0,,,ConnectivityCANFD,TCAM,VgmConnFr04,0x300,100,10.0,0
IsgMotT,BackboneFR,VDDM,VddmBackBoneFr20,49=4=16,80,193.0,,,BodyCAN,CCM,CemBodyFr67,0x23A,35,8.0,0
LiOprnMod,CEM_LIN1,RLSM,RlsmCem_Lin1Fr03,0x02,165,,,,BodyExposedCANFD,ETC,CemBodyExpoCommonFr01,0x052,10,2.0,0
MirrDwnStsAtDrvr,BodyCAN,DDM,DdmBodyFr03,0x123,100,46.0,,,BackboneFR,ETC,CemBackBoneFr12,39=6=16,80,3.0,0
MirrFoldStsAtDrvr,BodyCAN,DDM,DdmBodyFr01,0x030,70,25.0,,,BackboneFR,ACU,CemBackBoneFr05,39=0=8,40,3.0,0
MirrFoldStsAtPass,BodyCAN,PDM,PdmBodyFr01,0x010,20,8.0,,,BackboneFR,ACU,CemBackBoneFr05,39=0=8,40,3.0,0
NOPCoolReqFromCDC,InfoCANFD,CDC,CdcInfoCanFdFr10,0x310,200,6.0,,,PropulsionCAN,ECM,BgmPropulsionFr01,0x27C,100,1.0,0
NOPCoolReqFromCDC,InfoCANFD,CDC,CdcInfoCanFdFr10,0x310,200,6.0,,,PropulsionCAN,VCU,BgmPropulsionFr01,0x27C,100,1.0,1
NotifForEmgyCall,BackboneFR,SRS,SrsBackBoneFr02,23717.0,320,40.0,,,ConnectivityCANFD,TCAM,BgmConnectivityFr06,0x195,20,1.0,0
ObstStrDetcnDrvr,BodyCAN,DPOD,DpodBodyFr01,0x217,20,59.0,,,ConnectivityCANFD,DRMFL,BgmConnectivityFr12,0x210,20,1.0,0
ObstStrDetcnDrvr,BodyCAN,DPOD,DpodBodyFr01,0x217,20,59.0,,,ConnectivityCANFD,DRMFR,BgmConnectivityFr12,0x210,20,1.0,1
ObstStrDetcnDrvr,BodyCAN,DPOD,DpodBodyFr01,0x217,20,59.0,,,ConnectivityCANFD,DRMRL,BgmConnectivityFr12,0x210,20,1.0,1
ObstStrDetcnDrvr,BodyCAN,DPOD,DpodBodyFr01,0x217,20,59.0,,,ConnectivityCANFD,DRMRR,BgmConnectivityFr12,0x210,20,1.0,1
ObstStrDetcnLeRe,BodyCAN,LPOD,LpodBodyFr01,0x218,20,59.0,,,ConnectivityCANFD,DRMFL,BgmConnectivityFr12,0x210,20,1.0,0
ObstStrDetcnLeRe,BodyCAN,LPOD,LpodBodyFr01,0x218,20,59.0,,,ConnectivityCANFD,DRMFR,BgmConnectivityFr12,0x210,20,1.0,1
ObstStrDetcnLeRe,BodyCAN,LPOD,LpodBodyFr01,0x218,20,59.0,,,ConnectivityCANFD,DRMRL,BgmConnectivityFr12,0x210,20,1.0,1
ObstStrDetcnLeRe,BodyCAN,LPOD,LpodBodyFr01,0x218,20,59.0,,,ConnectivityCANFD,DRMRR,BgmConnectivityFr12,0x210,20,1.0,1
ObstStrDetcnPass,BodyCAN,PPOD,PpodBodyFr01,0x222,20,59.0,,,ConnectivityCANFD,DRMFL,BgmConnectivityFr12,0x210,20,1.0,0
ObstStrDetcnPass,BodyCAN,PPOD,PpodBodyFr01,0x222,20,59.0,,,ConnectivityCANFD,DRMFR,BgmConnectivityFr12,0x210,20,1.0,1
ObstStrDetcnPass,BodyCAN,PPOD,PpodBodyFr01,0x222,20,59.0,,,ConnectivityCANFD,DRMRL,BgmConnectivityFr12,0x210,20,1.0,1
ObstStrDetcnPass,BodyCAN,PPOD,PpodBodyFr01,0x222,20,59.0,,,ConnectivityCANFD,DRMRR,BgmConnectivityFr12,0x210,20,1.0,1
ObstStrDetcnRiRe,BodyCAN,RPOD,RpodBodyFr01,0x22A,20,59.0,,,ConnectivityCANFD,DRMFL,BgmConnectivityFr12,0x210,20,1.0,0
ObstStrDetcnRiRe,BodyCAN,RPOD,RpodBodyFr01,0x22A,20,59.0,,,ConnectivityCANFD,DRMFR,BgmConnectivityFr12,0x210,20,1.0,1
ObstStrDetcnRiRe,BodyCAN,RPOD,RpodBodyFr01,0x22A,20,59.0,,,ConnectivityCANFD,DRMRL,BgmConnectivityFr12,0x210,20,1.0,1
ObstStrDetcnRiRe,BodyCAN,RPOD,RpodBodyFr01,0x22A,20,59.0,,,ConnectivityCANFD,DRMRR,BgmConnectivityFr12,0x210,20,1.0,1
OnBdChrgrHndlSts1,PropulsionCAN,HVCM,CddObcPropFr01,0x218,100,20.0,,,ConnectivityCANFD,BNCM,BgmConnectivityFr04,0x190,90,4.0,0
OutdLeOfSnsrPrkgAssiFrnt,ADCANFD,ACU,AcuADCANFDFr03,0x185,70,143.0,,,ConnectivityCANFD,BNCM,BgmConnectivityFr03,0x174,90,8.0,0
OutdLeOfSnsrPrkgAssiFrnt,ADCANFD,ACU,AcuADCANFDFr03,0x185,70,143.0,,,InfoCANFD,CDC,BgmInfoCanFdFr20,0x335,70,8.0,0
OutdLeOfSnsrPrkgAssiRe,ADCANFD,ACU,AcuADCANFDFr03,0x185,70,142.0,,,ConnectivityCANFD,BNCM,BgmConnectivityFr03,0x174,90,8.0,0
OutdLeOfSnsrPrkgAssiRe,ADCANFD,ACU,AcuADCANFDFr03,0x185,70,142.0,,,InfoCANFD,CDC,BgmInfoCanFdFr20,0x335,70,8.0,0
OutdRiOfSnsrPrkgAssiFrnt,ADCANFD,ACU,AcuADCANFDFr03,0x185,70,141.0,,,ConnectivityCANFD,BNCM,BgmConnectivityFr03,0x174,90,8.0,0
OutdRiOfSnsrPrkgAssiFrnt,ADCANFD,ACU,AcuADCANFDFr03,0x185,70,141.0,,,InfoCANFD,CDC,BgmInfoCanFdFr20,0x335,70,8.0,0
OutdRiOfSnsrPrkgAssiRe,ADCANFD,ACU,AcuADCANFDFr03,0x185,70,140.0,,,ConnectivityCANFD,BNCM,BgmConnectivityFr03,0x174,90,8.0,0
OutdRiOfSnsrPrkgAssiRe,ADCANFD,ACU,AcuADCANFDFr03,0x185,70,140.0,,,InfoCANFD,CDC,BgmInfoCanFdFr20,0x335,70,8.0,0
OutdSnsrFltFrntShoLe,ADCANFD,ACU,AcuADCANFDFr03,0x185,70,139.0,,,InfoCANFD,CDC,BgmInfoCanFdFr20,0x335,70,2.0,0
OutdSnsrFltFrntShoRi,ADCANFD,ACU,AcuADCANFDFr03,0x185,70,138.0,,,InfoCANFD,CDC,BgmInfoCanFdFr20,0x335,70,2.0,0
OutdSnsrFltReShoLe,ADCANFD,ACU,AcuADCANFDFr03,0x185,70,137.0,,,InfoCANFD,CDC,BgmInfoCanFdFr20,0x335,70,2.0,0
OutdSnsrFltReShoRi,ADCANFD,ACU,AcuADCANFDFr03,0x185,70,136.0,,,InfoCANFD,CDC,BgmInfoCanFdFr20,0x335,70,2.0,0
OutsidePrkOutReq,InfoCANFD,CDC,CdcInfoCanFdFr04,0x100,60,22.0,,,ADCANFD,ACU,BgmADCANFDFr02,0x140,45,1.0,0
PassAirbSts,BackboneFR,SRS,SrsBackBoneFr04,37591.0,10,191.0,,,PassiveSafetyCAN,RML,AsdmPassSafeCANFr12,0x351,450,1.0,0
PassAirbSts,BackboneFR,SRS,SrsBackBoneFr04,37591.0,10,191.0,,,BodyCAN,SMP,CemBodyFr55,0x099,545,1.0,0
PassSeatHeatgAvlSts,BodyCAN,SMP,SmpBodyFr03,0x427,150,15.0,,,ConnectivityCANFD,TCAM,VgmConnFr14,0x360,155,3.0,0
PassSeatHeatgLvlSts,BodyCAN,SMP,SmpBodyFr03,0x427,150,18.0,,,ConnectivityCANFD,TCAM,VgmConnFr14,0x360,155,2.0,0
PassSeatSts,BackboneFR,SRS,SrsBackBoneFr04,37591.0,10,210.0,,,ConnectivityCANFD,BNCM,BgmConnectivityFr03,0x174,90,2.0,0
PassSeatSts,BackboneFR,SRS,SrsBackBoneFr04,37591.0,10,210.0,,,BodyCAN,CCM,CEMBodyFr19,0x210,235,2.0,0
PassSeatSts,BackboneFR,SRS,SrsBackBoneFr04,37591.0,10,210.0,,,CEM_LIN4,HOD,CemCem_Lin4Fr02,0x02,75,2.0,0
PassSeatSts,BackboneFR,SRS,SrsBackBoneFr04,37591.0,10,210.0,,,BodyCAN,SMP,CEMBodyFr19,0x210,235,2.0,1
PassSeatVentAvlSts,BodyCAN,SMP,SmpBodyFr03,0x427,150,14.0,,,ConnectivityCANFD,TCAM,VgmConnFr14,0x360,155,3.0,0
PassSeatVentnLvlSts,BodyCAN,SMP,SmpBodyFr03,0x427,150,21.0,,,ConnectivityCANFD,TCAM,VgmConnFr14,0x360,155,2.0,0
PrkgClimaWarn,BodyCAN,CCM,CcmBodyFr02,0x025,20,35.0,,,ConnectivityCANFD,TCAM,VgmConnFr05,0x380,170,4.0,0
PrkgDstCtrlSts,ADCANFD,ACU,AcuADCANFDFr03,0x185,70,151.0,,,InfoCANFD,CDC,BgmInfoCanFdFr20,0x335,70,4.0,0
PrkgDstCtrlWarn,ADCANFD,ACU,AcuADCANFDFr03,0x185,70,150.0,,,InfoCANFD,CDC,BgmInfoCanFdFr20,0x335,70,1.0,0
RLDRMWorkModeFB,ConnectivityCANFD,DRMRL,DrmrlConnectivityFr06,0x203,EventTriggered,295.0,,,ADCANFD,ACU,BgmADCANFDFr02,0x140,45,3.0,0
RRDRMWorkModeFB,ConnectivityCANFD,DRMRR,DrmrrConnectivityFr06,0x209,EventTriggered,295.0,,,ADCANFD,ACU,BgmADCANFDFr02,0x140,45,3.0,0
RainDetected,CEM_LIN1,RLSM,RlsmCem_Lin1Fr03,0x02,165,,,,BodyCAN,DDM,CemBodyFr70,0x101,65,1.0,0
RainDetected,CEM_LIN1,RLSM,RlsmCem_Lin1Fr03,0x02,165,,,,BodyCAN,PDM,CemBodyFr70,0x101,65,1.0,1
RainDetected,CEM_LIN1,RLSM,RlsmCem_Lin1Fr03,0x02,165,,,,BodyCAN,RLDM,CemBodyFr70,0x101,65,1.0,1
RainDetected,CEM_LIN1,RLSM,RlsmCem_Lin1Fr03,0x02,165,,,,BodyCAN,RRDM,CemBodyFr70,0x101,65,1.0,1
RainLi,CEM_LIN1,RLSM,RlsmCem_Lin1Fr01,0x15,"[80, 85]",,,,BodyExposedCANFD,ETC,CemBodyExpoCommonFr21,0x040,15,1.0,0
RainfallAmnt,CEM_LIN1,RLSM,RlsmCem_Lin1Fr03,0x02,165,,,,BackboneFR,ACU,CemBackBoneFr05,39=0=8,40,4.0,0
RainfallAmnt,CEM_LIN1,RLSM,RlsmCem_Lin1Fr03,0x02,165,,,,BodyCAN,CCM,CemBodyFr99,0x33B,240,4.0,0
RainfallAmnt,CEM_LIN1,RLSM,RlsmCem_Lin1Fr03,0x02,165,,,,BodyCAN,DDM,CemBodyFr99,0x33B,240,4.0,1
RainfallAmnt,CEM_LIN1,RLSM,RlsmCem_Lin1Fr03,0x02,165,,,,BodyCAN,PDM,CemBodyFr99,0x33B,240,4.0,1
RainfallAmnt,CEM_LIN1,RLSM,RlsmCem_Lin1Fr03,0x02,165,,,,BodyCAN,RLDM,CemBodyFr99,0x33B,240,4.0,1
RainfallAmnt,CEM_LIN1,RLSM,RlsmCem_Lin1Fr03,0x02,165,,,,BodyCAN,RRDM,CemBodyFr99,0x33B,240,4.0,1
RctaIndcnLe,BackboneFR,ACU,AsdmBackBoneFr03,38261.0,20,61.0,,,PassiveSafetyCAN,RML,AsdmPassSafeCANFr04,0x085,25,2.0,0
RctaIndcnRi,BackboneFR,ACU,AsdmBackBoneFr03,38261.0,20,58.0,,,PassiveSafetyCAN,RML,AsdmPassSafeCANFr04,0x085,25,2.0,0
ReHvacBlowerSts,BodyCAN,CCM,CcmBodyFr34,0x33F,200,18.0,,,BackboneFR,VDDM,CemBackBoneFr16,39=31=32,160,2.0,0
ReLeOfSideDoor,ADCANFD,ACU,AcuADCANFDFr03,0x185,70,149.0,,,InfoCANFD,CDC,BgmInfoCanFdFr20,0x335,70,8.0,0
ReLeOfSnsrOfPrkgAssiSide,ADCANFD,ACU,AcuADCANFDFr03,0x185,70,148.0,,,ConnectivityCANFD,BNCM,BgmConnectivityFr03,0x174,90,8.0,0
ReLeOfSnsrOfPrkgAssiSide,ADCANFD,ACU,AcuADCANFDFr03,0x185,70,148.0,,,InfoCANFD,CDC,BgmInfoCanFdFr20,0x335,70,8.0,0
ReRiOfSideDoor,ADCANFD,ACU,AcuADCANFDFr03,0x185,70,147.0,,,InfoCANFD,CDC,BgmInfoCanFdFr20,0x335,70,8.0,0
ReRiOfSnsrOfPrkgAssiSide,ADCANFD,ACU,AcuADCANFDFr03,0x185,70,146.0,,,ConnectivityCANFD,BNCM,BgmConnectivityFr03,0x174,90,8.0,0
ReRiOfSnsrOfPrkgAssiSide,ADCANFD,ACU,AcuADCANFDFr03,0x185,70,146.0,,,InfoCANFD,CDC,BgmInfoCanFdFr20,0x335,70,8.0,0
RearLeftRdrFault,ConnectivityCANFD,DRMRL,DrmrlConnectivityFr06,0x203,EventTriggered,169.0,,,ADCANFD,ACU,BgmADCANFDFr23,0x203,EventTriggered,2.0,0
RearRgtRdrFault,ConnectivityCANFD,DRMRR,DrmrrConnectivityFr06,0x209,EventTriggered,169.0,,,ADCANFD,ACU,BgmADCANFDFr29,0x209,EventTriggered,2.0,0
RemChkTInVeh,ConnectivityCANFD,TCAM,TcamConnectivityFr04,0x14A,40,8.0,,,BodyCAN,CCM,CemBodyFr08,0x493,100,1.0,0
RemClimaActv,BodyCAN,CCM,CcmBodyFr03,0x200,90,52.0,,,ConnectivityCANFD,TCAM,VgmConnFr03,0x340,90,1.0,0
RemClimaDefrstSts,BodyCAN,CCM,CcmBodyFr31,0x127,100,48.0,,,ConnectivityCANFD,TCAM,VgmConnFr51,0x255,250,1.0,0
RemClimaDelaySts,BodyCAN,CCM,CcmBodyFr22,0x410,150,58.0,,,ConnectivityCANFD,TCAM,VgmConnFr21,0x338,EventTriggered,1.0,0
RemClimaExtnTiRspn,BodyCAN,CCM,CcmBodyFr22,0x410,150,60.0,,,ConnectivityCANFD,TCAM,VgmConnFr21,0x338,EventTriggered,1.0,0
RemClimaHvRspn,BodyCAN,CCM,CcmBodyFr22,0x410,150,62.0,,,ConnectivityCANFD,TCAM,VgmConnFr21,0x338,EventTriggered,1.0,0
RemClimaHvSts,BodyCAN,CCM,CcmBodyFr22,0x410,150,17.0,,,ConnectivityCANFD,TCAM,VgmConnFr12,0x470,50,1.0,0
RemClimaWarn,BodyCAN,CCM,CcmBodyFr21,0x40D,150,60.0,,,ConnectivityCANFD,TCAM,VgmConnFr21,0x338,EventTriggered,4.0,0
RemHvStrtActvReq,ConnectivityCANFD,TCAM,TcamConnectivityFr12,0x164,40,55.0,,,BackboneFR,VDDM,VgmBackBoneFr03,38048.0,20,2.0,0
RemStrtClimaRspn,BodyCAN,CCM,CcmBodyFr44,0x251,EventTriggered,14.0,,,ConnectivityCANFD,TCAM,VgmConnFr21,0x338,EventTriggered,1.0,0
RemVentActvSts,BodyCAN,CCM,CcmBodyFr58,0x243,100,2.0,,,ConnectivityCANFD,TCAM,VgmConnFr33,0x254,120,1.0,0
RemVentReqRspnFb,BodyCAN,CCM,CcmBodyFr58,0x243,100,0.0,,,ConnectivityCANFD,TCAM,VgmConnFr33,0x254,120,1.0,0
RemVentWarnSts,BodyCAN,CCM,CcmBodyFr58,0x243,100,13.0,,,ConnectivityCANFD,TCAM,VgmConnFr33,0x254,120,2.0,0
ResrvdSigForCCM1,BackboneFR,VDDM,VddmBackBoneFr30,49=15=32,160,72.0,,,BodyCAN,CCM,CemBodyFr80,0x415,600,8.0,0
ResrvdSigForCCM2,BackboneFR,VDDM,VddmBackBoneFr30,49=15=32,160,73.0,,,BodyCAN,CCM,CemBodyFr80,0x415,600,8.0,0
ResrvdSigForCCM3,BackboneFR,VDDM,VddmBackBoneFr30,49=15=32,160,74.0,,,BodyCAN,CCM,CemBodyFr80,0x415,600,16.0,0
ResrvdSigForCCM4,BackboneFR,VDDM,VddmBackBoneFr30,49=15=32,160,75.0,,,BodyCAN,CCM,CemBodyFr80,0x415,600,16.0,0
ResrvdSigForECM1,BodyCAN,CCM,CcmBodyFr21,0x40D,150,62.0,,,BackboneFR,VDDM,CemBackBoneFr18,38=8=64,320,8.0,0
ResrvdSigForECM2,BodyCAN,CCM,CcmBodyFr21,0x40D,150,61.0,,,BackboneFR,VDDM,CemBackBoneFr18,38=8=64,320,8.0,0
ResrvdSigForECM3,BodyCAN,CCM,CcmBodyFr21,0x40D,150,16.0,,,BackboneFR,VDDM,CemBackBoneFr18,38=8=64,320,16.0,0
ResrvdSigForECM4,BodyCAN,CCM,CcmBodyFr21,0x40D,150,63.0,,,BackboneFR,VDDM,CemBackBoneFr18,38=8=64,320,16.0,0
SUMCtrlSts,ChassisCAN2,SUM1,SumChas2Fr10,0x050,EventTriggered,0.0,,,ADCANFD,ACU,BgmADCANFDFr31,0x260,EventTriggered,3.0,0
SeatHeatDurgClimaEnadFromTelm,ConnectivityCANFD,TCAM,TcamConnectivityFr02,0x220,EventTriggered,11.0,,,BodyCAN,CCM,CemBodyFr47,0x285,EventTriggered,3.0,0
SeatOccptAtRowSecLe,BackboneFR,SRS,SrsBackBoneFr04,37591.0,10,188.0,,,ConnectivityCANFD,BNCM,BgmConnectivityFr03,0x174,90,2.0,0
SeatOccptAtRowSecLe,BackboneFR,SRS,SrsBackBoneFr04,37591.0,10,188.0,,,BodyCAN,CCM,CEMBodyFr19,0x210,235,2.0,0
SeatOccptAtRowSecMid,BackboneFR,SRS,SrsBackBoneFr04,37591.0,10,189.0,,,ConnectivityCANFD,BNCM,BgmConnectivityFr03,0x174,90,2.0,0
SeatOccptAtRowSecMid,BackboneFR,SRS,SrsBackBoneFr04,37591.0,10,189.0,,,BodyCAN,CCM,CEMBodyFr28,0x1D0,100,2.0,0
SeatOccptAtRowSecRi,BackboneFR,SRS,SrsBackBoneFr04,37591.0,10,190.0,,,ConnectivityCANFD,BNCM,BgmConnectivityFr03,0x174,90,2.0,0
SeatOccptAtRowSecRi,BackboneFR,SRS,SrsBackBoneFr04,37591.0,10,190.0,,,BodyCAN,CCM,CEMBodyFr19,0x210,235,2.0,0
SentrWarnReq,ADCANFD,ACU,AcuADCANFDFr05,0x120,50,61.0,,,InfoCANFD,CDC,BgmInfoCanFdFr22,0x201,50,1.0,0
SnsrFltFrntShoSideLe,ADCANFD,ACU,AcuADCANFDFr03,0x185,70,145.0,,,InfoCANFD,CDC,BgmInfoCanFdFr20,0x335,70,2.0,0
SnsrFltFrntShoSideRi,ADCANFD,ACU,AcuADCANFDFr03,0x185,70,144.0,,,InfoCANFD,CDC,BgmInfoCanFdFr20,0x335,70,2.0,0
SnsrFltOfPrkgDstCtrl,ADCANFD,ACU,AcuADCANFDFr03,0x185,70,159.0,,,InfoCANFD,CDC,BgmInfoCanFdFr20,0x335,70,3.0,0
SnsrFltReShoSideLe,ADCANFD,ACU,AcuADCANFDFr03,0x185,70,158.0,,,InfoCANFD,CDC,BgmInfoCanFdFr20,0x335,70,2.0,0
SnsrFltReShoSideRi,ADCANFD,ACU,AcuADCANFDFr03,0x185,70,157.0,,,InfoCANFD,CDC,BgmInfoCanFdFr20,0x335,70,2.0,0
SteerWhlScButtonMidRi1,BodyCAN,SWTR,SwtrBodyFr01,0x271,50,11.0,,,InfoCANFD,CDC,BgmInfoCanFdDevFr03,0x180,50,4.0,0
SteerWhlScButtonMidRi2,BodyCAN,SWTR,SwtrBodyFr01,0x271,50,10.0,,,InfoCANFD,CDC,BgmInfoCanFdDevFr03,0x180,50,2.0,0
SteerWhlScLeftButtonRi,BodyCAN,SWTR,SwtrBodyFr01,0x271,50,9.0,,,InfoCANFD,CDC,BgmInfoCanFdFr18,0x210,100,2.0,0
SteerWhlScRightButtonRi,BodyCAN,SWTR,SwtrBodyFr01,0x271,50,8.0,,,InfoCANFD,CDC,BgmInfoCanFdDevFr03,0x180,50,2.0,0
TInCooltAtStrtOfClima,BackboneFR,VDDM,VddmBackBoneFr29,49=12=16,80,96.0,,,BodyCAN,CCM,CemBodyFr99,0x33B,240,8.0,0
TelmClimaTmr,ConnectivityCANFD,TCAM,TcamConnectivityFr02,0x220,EventTriggered,15.0,,,BodyCAN,CCM,CemBodyFr47,0x285,EventTriggered,16.0,0
TelmWakeupADReq,ConnectivityCANFD,TCAM,TcamConnectivityFr01,0x165,60,62.0,,,BackboneFR,ACU,CemBackBoneFr26,39=14=16,80,1.0,0
TelmWakeupCDReq,ConnectivityCANFD,TCAM,TcamConnectivityFr01,0x165,60,60.0,,,BackboneFR,CDC,CemBackBoneFr26,39=14=16,80,1.0,0
TrOpenerSts,BodyCAN,POT,PotBodyFr02,0x095,45,4.0,,,ConnectivityCANFD,BNCM,VgmConnFr09,0x420,85,4.0,0
UsgModChgReqFromBLE,ConnectivityCANFD,BNCM,BncmConnectivityFr17,0x198,100,7.0,,,BackboneFR,ACU,VgmBackBoneFr14,43=4=16,80,1.0,0
UsgModChgReqFromBLE,ConnectivityCANFD,BNCM,BncmConnectivityFr17,0x198,100,7.0,,,BackboneFR,CDC,VgmBackBoneFr14,43=4=16,80,1.0,1
VehHomePrkgSysSts,BackboneFR,ACU,AsdmBackBoneFr13,32=6=16,80,29.0,,,ConnectivityCANFD,TCAM,VgmConnFr32,0x355,150,5.0,0
VehWinSunRoofClsReq,BackboneFR,ACU,AsdmBackBoneFr30,30=3=8,40,253.0,,,BodyCAN,DDM,CemBodyFr69,0x0C4,20,2.0,0
VehWinSunRoofClsReq,BackboneFR,ACU,AsdmBackBoneFr30,30=3=8,40,253.0,,,BodyCAN,PDM,CemBodyFr69,0x0C4,20,2.0,1
VehWinSunRoofClsReq,BackboneFR,ACU,AsdmBackBoneFr30,30=3=8,40,253.0,,,BodyCAN,RLDM,CemBodyFr69,0x0C4,20,2.0,1
VehWinSunRoofClsReq,BackboneFR,ACU,AsdmBackBoneFr30,30=3=8,40,253.0,,,BodyCAN,RRDM,CemBodyFr69,0x0C4,20,2.0,1
WhlMotSysCooltT,PropulsionCAN,IEM,IemEduPropFr02,0x060,20,16.0,,,ADCANFD,ACU,BgmADCANFDFr30,0x280,100,8.0,0
WhlSpdCmpFac,ADCANFD,ACU,AcuADCANFDFr01,0x130,20,2.0,,,InfoCANFD,CDC,BgmInfoCanFdFr17,0x320,20,5.0,0
WinPosnStsAtDrvr,BodyCAN,DDM,DdmBodyFr04,0x005,25,56.0,,,BackboneFR,ACU,CemBackBoneFr03,37=0=2,10,5.0,0
WinPosnStsAtDrvr,BodyCAN,DDM,DdmBodyFr04,0x005,25,56.0,,,ConnectivityCANFD,BNCM,VgmConnFr01,0x120,10,5.0,0
WinPosnStsAtDrvr,BodyCAN,DDM,DdmBodyFr04,0x005,25,56.0,,,ConnectivityCANFD,TCAM,VgmConnFr01,0x120,10,5.0,1
WinPosnStsAtPass,BodyCAN,PDM,PdmBodyFr01,0x010,20,2.0,,,BackboneFR,ACU,CemBackBoneFr03,37=0=2,10,5.0,0
WinPosnStsAtPass,BodyCAN,PDM,PdmBodyFr01,0x010,20,2.0,,,ConnectivityCANFD,BNCM,VgmConnFr01,0x120,10,5.0,0
WinPosnStsAtPass,BodyCAN,PDM,PdmBodyFr01,0x010,20,2.0,,,ConnectivityCANFD,TCAM,VgmConnFr01,0x120,10,5.0,1
WinPosnStsAtReLe,BodyCAN,RLDM,RldmBodyFr01,0x070,30,13.0,,,BackboneFR,ACU,CemBackBoneFr03,37=0=2,10,5.0,0
WinPosnStsAtReLe,BodyCAN,RLDM,RldmBodyFr01,0x070,30,13.0,,,ConnectivityCANFD,BNCM,VgmConnFr02,0x150,35,5.0,0
WinPosnStsAtReLe,BodyCAN,RLDM,RldmBodyFr01,0x070,30,13.0,,,ConnectivityCANFD,TCAM,VgmConnFr02,0x150,35,5.0,1
WinPosnStsAtReRi,BodyCAN,RRDM,RrdmBodyFr01,0x075,20,13.0,,,BackboneFR,ACU,CemBackBoneFr03,37=0=2,10,5.0,0
WinPosnStsAtReRi,BodyCAN,RRDM,RrdmBodyFr01,0x075,20,13.0,,,ConnectivityCANFD,BNCM,VgmConnFr02,0x150,35,5.0,0
WinPosnStsAtReRi,BodyCAN,RRDM,RrdmBodyFr01,0x075,20,13.0,,,ConnectivityCANFD,TCAM,VgmConnFr02,0x150,35,5.0,1
YawRateReqdByDrvr,BackboneFR,VDDM,BcmVddmBackBoneFr03,56=1=2,10,167.0,,,BodyExposedCANFD,HCML,CemBodyExpoCommonFr02,0x300,45,16.0,0
YawRateReqdByDrvr,BackboneFR,VDDM,BcmVddmBackBoneFr03,56=1=2,10,167.0,,,BodyExposedCANFD,HCMR,CemBodyExpoCommonFr02,0x300,45,16.0,1
ACUActTEngT,ADCANFD,ACU,AcuADCANFDFr12,0x410,320,,,,PropulsionCAN,ECM,BgmPropulsionFr04,0x3FA,320,8.0,0
ACUActTEngT,ADCANFD,ACU,AcuADCANFDFr12,0x410,320,,,,PropulsionCAN,VCU,BgmPropulsionFr04,0x3FA,320,8.0,1
ACUActTEngTQf,ADCANFD,ACU,AcuADCANFDFr12,0x410,320,,,,PropulsionCAN,ECM,BgmPropulsionFr04,0x3FA,320,2.0,0
ACUActTEngTQf,ADCANFD,ACU,AcuADCANFDFr12,0x410,320,,,,PropulsionCAN,VCU,BgmPropulsionFr04,0x3FA,320,2.0,1
ADTakeoverReqGroupADTakeoverAudio,BackboneFR,ACU,AsdmBackBoneFr11,32=4=16,80,,True,True,PassiveSafetyCAN,RML,AsdmPassSafeCANFr29,0x210,120,2.0,0
ADTakeoverReqGroupADTakeoverMsg,BackboneFR,ACU,AsdmBackBoneFr11,32=4=16,80,,True,True,PassiveSafetyCAN,RML,AsdmPassSafeCANFr29,0x210,120,3.0,0
ADTakeoverReqGroupChks,BackboneFR,ACU,AsdmBackBoneFr11,32=4=16,80,,True,True,PassiveSafetyCAN,RML,AsdmPassSafeCANFr29,0x210,120,8.0,0
ADTakeoverReqGroupCntr,BackboneFR,ACU,AsdmBackBoneFr11,32=4=16,80,,True,True,PassiveSafetyCAN,RML,AsdmPassSafeCANFr29,0x210,120,4.0,0
AccrPedlRatAccrPedlRat,PropulsionCAN,ECM,EcmPropFr00,0x04A,10,,True,True,InfoCANFD,CDC,BgmInfoCanFdFr23,0x050,10,15.0,0
AccrPedlRatAccrPedlRat,PropulsionCAN,ECM,EcmPropFr00,0x04A,10,,True,True,BodyExposedCANFD,HCML,CemBodyExpoCommonFr08,0x080,20,15.0,0
AccrPedlRatAccrPedlRat,PropulsionCAN,ECM,EcmPropFr00,0x04A,10,,True,True,BodyExposedCANFD,HCMR,CemBodyExpoCommonFr08,0x080,20,15.0,1
AccrPedlRatAccrPedlRat,PropulsionCAN,ECM,EcmPropFr00,0x04A,10,,True,True,PassiveSafetyCAN,RML,AsdmPassSafeCANFr21,0x206,100,15.0,0
AccrPedlRatChks,PropulsionCAN,ECM,EcmPropFr00,0x04A,10,,True,True,InfoCANFD,CDC,BgmInfoCanFdFr23,0x050,10,8.0,0
AccrPedlRatChks,PropulsionCAN,ECM,EcmPropFr00,0x04A,10,,True,True,BodyExposedCANFD,HCML,CemBodyExpoCommonFr08,0x080,20,8.0,0
AccrPedlRatChks,PropulsionCAN,ECM,EcmPropFr00,0x04A,10,,True,True,BodyExposedCANFD,HCMR,CemBodyExpoCommonFr08,0x080,20,8.0,1
AccrPedlRatChks,PropulsionCAN,ECM,EcmPropFr00,0x04A,10,,True,True,PassiveSafetyCAN,RML,AsdmPassSafeCANFr21,0x206,100,8.0,0
AccrPedlRatCntr,PropulsionCAN,ECM,EcmPropFr00,0x04A,10,,True,True,InfoCANFD,CDC,BgmInfoCanFdFr23,0x050,10,4.0,0
AccrPedlRatCntr,PropulsionCAN,ECM,EcmPropFr00,0x04A,10,,True,True,BodyExposedCANFD,HCML,CemBodyExpoCommonFr08,0x080,20,4.0,0
AccrPedlRatCntr,PropulsionCAN,ECM,EcmPropFr00,0x04A,10,,True,True,BodyExposedCANFD,HCMR,CemBodyExpoCommonFr08,0x080,20,4.0,1
AccrPedlRatCntr,PropulsionCAN,ECM,EcmPropFr00,0x04A,10,,True,True,PassiveSafetyCAN,RML,AsdmPassSafeCANFr21,0x206,100,4.0,0
AgDataRaw2SafeChks,BackboneFR,SRS,SrsBackBoneFr01,12=0=4,20,,True,True,ConnectivityCANFD,DRMFL,BgmConnectivityFr21,0x050,10,8.0,0
AgDataRaw2SafeChks,BackboneFR,SRS,SrsBackBoneFr01,12=0=4,20,,True,True,ConnectivityCANFD,DRMFR,BgmConnectivityFr21,0x050,10,8.0,1
AgDataRaw2SafeChks,BackboneFR,SRS,SrsBackBoneFr01,12=0=4,20,,True,True,ConnectivityCANFD,DRMRL,BgmConnectivityFr21,0x050,10,8.0,1
AgDataRaw2SafeChks,BackboneFR,SRS,SrsBackBoneFr01,12=0=4,20,,True,True,ConnectivityCANFD,DRMRR,BgmConnectivityFr21,0x050,10,8.0,1
AgDataRaw2SafeCntr,BackboneFR,SRS,SrsBackBoneFr01,12=0=4,20,,True,True,ConnectivityCANFD,DRMFL,BgmConnectivityFr21,0x050,10,4.0,0
AgDataRaw2SafeCntr,BackboneFR,SRS,SrsBackBoneFr01,12=0=4,20,,True,True,ConnectivityCANFD,DRMFR,BgmConnectivityFr21,0x050,10,4.0,1
AgDataRaw2SafeCntr,BackboneFR,SRS,SrsBackBoneFr01,12=0=4,20,,True,True,ConnectivityCANFD,DRMRL,BgmConnectivityFr21,0x050,10,4.0,1
AgDataRaw2SafeCntr,BackboneFR,SRS,SrsBackBoneFr01,12=0=4,20,,True,True,ConnectivityCANFD,DRMRR,BgmConnectivityFr21,0x050,10,4.0,1
AgDataRaw2SafePitchRate,BackboneFR,SRS,SrsBackBoneFr01,12=0=4,20,,True,True,ConnectivityCANFD,DRMFL,BgmConnectivityFr21,0x050,10,16.0,0
AgDataRaw2SafePitchRate,BackboneFR,SRS,SrsBackBoneFr01,12=0=4,20,,True,True,ConnectivityCANFD,DRMFR,BgmConnectivityFr21,0x050,10,16.0,1
AgDataRaw2SafePitchRate,BackboneFR,SRS,SrsBackBoneFr01,12=0=4,20,,True,True,ConnectivityCANFD,DRMRL,BgmConnectivityFr21,0x050,10,16.0,1
AgDataRaw2SafePitchRate,BackboneFR,SRS,SrsBackBoneFr01,12=0=4,20,,True,True,ConnectivityCANFD,DRMRR,BgmConnectivityFr21,0x050,10,16.0,1
AgDataRaw2SafePitchRateQf,BackboneFR,SRS,SrsBackBoneFr01,12=0=4,20,,True,True,ConnectivityCANFD,DRMFL,BgmConnectivityFr21,0x050,10,2.0,0
AgDataRaw2SafePitchRateQf,BackboneFR,SRS,SrsBackBoneFr01,12=0=4,20,,True,True,ConnectivityCANFD,DRMFR,BgmConnectivityFr21,0x050,10,2.0,1
AgDataRaw2SafePitchRateQf,BackboneFR,SRS,SrsBackBoneFr01,12=0=4,20,,True,True,ConnectivityCANFD,DRMRL,BgmConnectivityFr21,0x050,10,2.0,1
AgDataRaw2SafePitchRateQf,BackboneFR,SRS,SrsBackBoneFr01,12=0=4,20,,True,True,ConnectivityCANFD,DRMRR,BgmConnectivityFr21,0x050,10,2.0,1
AgDataRawSafeChks,BackboneFR,SRS,SrsBackBoneFr04,37591.0,10,,True,True,ConnectivityCANFD,DRMFL,BgmConnectivityFr21,0x050,10,8.0,0
AgDataRawSafeChks,BackboneFR,SRS,SrsBackBoneFr04,37591.0,10,,True,True,ConnectivityCANFD,DRMFR,BgmConnectivityFr21,0x050,10,8.0,1
AgDataRawSafeChks,BackboneFR,SRS,SrsBackBoneFr04,37591.0,10,,True,True,ConnectivityCANFD,DRMRL,BgmConnectivityFr21,0x050,10,8.0,1
AgDataRawSafeChks,BackboneFR,SRS,SrsBackBoneFr04,37591.0,10,,True,True,ConnectivityCANFD,DRMRR,BgmConnectivityFr21,0x050,10,8.0,1
AgDataRawSafeCntr,BackboneFR,SRS,SrsBackBoneFr04,37591.0,10,,True,True,ConnectivityCANFD,DRMFL,BgmConnectivityFr21,0x050,10,4.0,0
AgDataRawSafeCntr,BackboneFR,SRS,SrsBackBoneFr04,37591.0,10,,True,True,ConnectivityCANFD,DRMFR,BgmConnectivityFr21,0x050,10,4.0,1
AgDataRawSafeCntr,BackboneFR,SRS,SrsBackBoneFr04,37591.0,10,,True,True,ConnectivityCANFD,DRMRL,BgmConnectivityFr21,0x050,10,4.0,1
AgDataRawSafeCntr,BackboneFR,SRS,SrsBackBoneFr04,37591.0,10,,True,True,ConnectivityCANFD,DRMRR,BgmConnectivityFr21,0x050,10,4.0,1
AgDataRawSafeRollRate,BackboneFR,SRS,SrsBackBoneFr04,37591.0,10,,True,True,ConnectivityCANFD,DRMFL,BgmConnectivityFr21,0x050,10,16.0,0
AgDataRawSafeRollRate,BackboneFR,SRS,SrsBackBoneFr04,37591.0,10,,True,True,ConnectivityCANFD,DRMFR,BgmConnectivityFr21,0x050,10,16.0,1
AgDataRawSafeRollRate,BackboneFR,SRS,SrsBackBoneFr04,37591.0,10,,True,True,ConnectivityCANFD,DRMRL,BgmConnectivityFr21,0x050,10,16.0,1
AgDataRawSafeRollRate,BackboneFR,SRS,SrsBackBoneFr04,37591.0,10,,True,True,ConnectivityCANFD,DRMRR,BgmConnectivityFr21,0x050,10,16.0,1
AgDataRawSafeRollRateQf,BackboneFR,SRS,SrsBackBoneFr04,37591.0,10,,True,True,ConnectivityCANFD,DRMFL,BgmConnectivityFr21,0x050,10,2.0,0
AgDataRawSafeRollRateQf,BackboneFR,SRS,SrsBackBoneFr04,37591.0,10,,True,True,ConnectivityCANFD,DRMFR,BgmConnectivityFr21,0x050,10,2.0,1
AgDataRawSafeRollRateQf,BackboneFR,SRS,SrsBackBoneFr04,37591.0,10,,True,True,ConnectivityCANFD,DRMRL,BgmConnectivityFr21,0x050,10,2.0,1
AgDataRawSafeRollRateQf,BackboneFR,SRS,SrsBackBoneFr04,37591.0,10,,True,True,ConnectivityCANFD,DRMRR,BgmConnectivityFr21,0x050,10,2.0,1
AgDataRawSafeYawRate,BackboneFR,SRS,SrsBackBoneFr04,37591.0,10,,True,True,ConnectivityCANFD,DRMFL,BgmConnectivityFr21,0x050,10,16.0,0
AgDataRawSafeYawRate,BackboneFR,SRS,SrsBackBoneFr04,37591.0,10,,True,True,ConnectivityCANFD,DRMFR,BgmConnectivityFr21,0x050,10,16.0,1
AgDataRawSafeYawRate,BackboneFR,SRS,SrsBackBoneFr04,37591.0,10,,True,True,ConnectivityCANFD,DRMRL,BgmConnectivityFr21,0x050,10,16.0,1
AgDataRawSafeYawRate,BackboneFR,SRS,SrsBackBoneFr04,37591.0,10,,True,True,ConnectivityCANFD,DRMRR,BgmConnectivityFr21,0x050,10,16.0,1
AgDataRawSafeYawRateQf,BackboneFR,SRS,SrsBackBoneFr04,37591.0,10,,True,True,ConnectivityCANFD,DRMFL,BgmConnectivityFr21,0x050,10,2.0,0
AgDataRawSafeYawRateQf,BackboneFR,SRS,SrsBackBoneFr04,37591.0,10,,True,True,ConnectivityCANFD,DRMFR,BgmConnectivityFr21,0x050,10,2.0,1
AgDataRawSafeYawRateQf,BackboneFR,SRS,SrsBackBoneFr04,37591.0,10,,True,True,ConnectivityCANFD,DRMRL,BgmConnectivityFr21,0x050,10,2.0,1
AgDataRawSafeYawRateQf,BackboneFR,SRS,SrsBackBoneFr04,37591.0,10,,True,True,ConnectivityCANFD,DRMRR,BgmConnectivityFr21,0x050,10,2.0,1
AmbIllmnFwdStsAmblillmn1,CEM_LIN1,RLSM,RlsmCem_Lin1Fr02,0x2C,165,,True,True,BackboneFR,ETC,CemBackBoneFr03,37=0=2,10,9.0,0
AmbIllmnFwdStsAmblillmn2,CEM_LIN1,RLSM,RlsmCem_Lin1Fr02,0x2C,165,,True,True,BackboneFR,ETC,CemBackBoneFr03,37=0=2,10,8.0,0
AmbIllmnFwdStsChks,CEM_LIN1,RLSM,RlsmCem_Lin1Fr02,0x2C,165,,True,True,BackboneFR,ETC,CemBackBoneFr03,37=0=2,10,8.0,0
AmbIllmnFwdStsCntr,CEM_LIN1,RLSM,RlsmCem_Lin1Fr02,0x2C,165,,True,True,BackboneFR,ETC,CemBackBoneFr03,37=0=2,10,4.0,0
AmbTEstimdAmbTEstimd,BodyCAN,CCM,CcmBodyFr28,0x490,60,,,,BackboneFR,VDDM,CemBackBoneFr08,39=2=8,40,11.0,0
AmbTEstimdQf,BodyCAN,CCM,CcmBodyFr28,0x490,60,,,,BackboneFR,VDDM,CemBackBoneFr08,39=2=8,40,1.0,0
AmbTRawAtPassSideAmbTVal,BodyCAN,PDM,PdmBodyFr03,0x125,100,,,,CEM_LIN6,AWM,BgmCem_Lin6Fr01,0x24,170,11.0,0
AmbTRawAtPassSideQly,BodyCAN,PDM,PdmBodyFr03,0x125,100,,,,CEM_LIN6,AWM,BgmCem_Lin6Fr01,0x24,170,2.0,0
AsyDataWithCmpSafeALat1Qf,BackboneFR,SRS,SrsBackBoneFr04,37591.0,10,,True,True,ConnectivityCANFD,DRMFL,BgmConnectivityFr21,0x050,10,2.0,0
AsyDataWithCmpSafeALat1Qf,BackboneFR,SRS,SrsBackBoneFr04,37591.0,10,,True,True,ConnectivityCANFD,DRMFR,BgmConnectivityFr21,0x050,10,2.0,1
AsyDataWithCmpSafeALat1Qf,BackboneFR,SRS,SrsBackBoneFr04,37591.0,10,,True,True,ConnectivityCANFD,DRMRL,BgmConnectivityFr21,0x050,10,2.0,1
AsyDataWithCmpSafeALat1Qf,BackboneFR,SRS,SrsBackBoneFr04,37591.0,10,,True,True,ConnectivityCANFD,DRMRR,BgmConnectivityFr21,0x050,10,2.0,1
AsyDataWithCmpSafeALatWithCmp,BackboneFR,SRS,SrsBackBoneFr04,37591.0,10,,True,True,ConnectivityCANFD,DRMFL,BgmConnectivityFr21,0x050,10,15.0,0
AsyDataWithCmpSafeALatWithCmp,BackboneFR,SRS,SrsBackBoneFr04,37591.0,10,,True,True,ConnectivityCANFD,DRMFR,BgmConnectivityFr21,0x050,10,15.0,1
AsyDataWithCmpSafeALatWithCmp,BackboneFR,SRS,SrsBackBoneFr04,37591.0,10,,True,True,ConnectivityCANFD,DRMRL,BgmConnectivityFr21,0x050,10,15.0,1
AsyDataWithCmpSafeALatWithCmp,BackboneFR,SRS,SrsBackBoneFr04,37591.0,10,,True,True,ConnectivityCANFD,DRMRR,BgmConnectivityFr21,0x050,10,15.0,1
AsyDataWithCmpSafeALgt1Qf,BackboneFR,SRS,SrsBackBoneFr04,37591.0,10,,True,True,ConnectivityCANFD,DRMFL,BgmConnectivityFr21,0x050,10,2.0,0
AsyDataWithCmpSafeALgt1Qf,BackboneFR,SRS,SrsBackBoneFr04,37591.0,10,,True,True,ConnectivityCANFD,DRMFR,BgmConnectivityFr21,0x050,10,2.0,1
AsyDataWithCmpSafeALgt1Qf,BackboneFR,SRS,SrsBackBoneFr04,37591.0,10,,True,True,ConnectivityCANFD,DRMRL,BgmConnectivityFr21,0x050,10,2.0,1
AsyDataWithCmpSafeALgt1Qf,BackboneFR,SRS,SrsBackBoneFr04,37591.0,10,,True,True,ConnectivityCANFD,DRMRR,BgmConnectivityFr21,0x050,10,2.0,1
AsyDataWithCmpSafeChks,BackboneFR,SRS,SrsBackBoneFr04,37591.0,10,,True,True,ConnectivityCANFD,DRMFL,BgmConnectivityFr21,0x050,10,8.0,0
AsyDataWithCmpSafeChks,BackboneFR,SRS,SrsBackBoneFr04,37591.0,10,,True,True,ConnectivityCANFD,DRMFR,BgmConnectivityFr21,0x050,10,8.0,1
AsyDataWithCmpSafeChks,BackboneFR,SRS,SrsBackBoneFr04,37591.0,10,,True,True,ConnectivityCANFD,DRMRL,BgmConnectivityFr21,0x050,10,8.0,1
AsyDataWithCmpSafeChks,BackboneFR,SRS,SrsBackBoneFr04,37591.0,10,,True,True,ConnectivityCANFD,DRMRR,BgmConnectivityFr21,0x050,10,8.0,1
AsyDataWithCmpSafeCntr,BackboneFR,SRS,SrsBackBoneFr04,37591.0,10,,True,True,ConnectivityCANFD,DRMFL,BgmConnectivityFr21,0x050,10,4.0,0
AsyDataWithCmpSafeCntr,BackboneFR,SRS,SrsBackBoneFr04,37591.0,10,,True,True,ConnectivityCANFD,DRMFR,BgmConnectivityFr21,0x050,10,4.0,1
AsyDataWithCmpSafeCntr,BackboneFR,SRS,SrsBackBoneFr04,37591.0,10,,True,True,ConnectivityCANFD,DRMRL,BgmConnectivityFr21,0x050,10,4.0,1
AsyDataWithCmpSafeCntr,BackboneFR,SRS,SrsBackBoneFr04,37591.0,10,,True,True,ConnectivityCANFD,DRMRR,BgmConnectivityFr21,0x050,10,4.0,1
AsyDataWithCmpSafeGrdtOfALgt,BackboneFR,SRS,SrsBackBoneFr04,37591.0,10,,True,True,ConnectivityCANFD,DRMFL,BgmConnectivityFr21,0x050,10,14.0,0
AsyDataWithCmpSafeGrdtOfALgt,BackboneFR,SRS,SrsBackBoneFr04,37591.0,10,,True,True,ConnectivityCANFD,DRMFR,BgmConnectivityFr21,0x050,10,14.0,1
AsyDataWithCmpSafeGrdtOfALgt,BackboneFR,SRS,SrsBackBoneFr04,37591.0,10,,True,True,ConnectivityCANFD,DRMRL,BgmConnectivityFr21,0x050,10,14.0,1
AsyDataWithCmpSafeGrdtOfALgt,BackboneFR,SRS,SrsBackBoneFr04,37591.0,10,,True,True,ConnectivityCANFD,DRMRR,BgmConnectivityFr21,0x050,10,14.0,1
AsyDataWithCmpSafeYawRateQf,BackboneFR,SRS,SrsBackBoneFr04,37591.0,10,,True,True,ConnectivityCANFD,DRMFL,BgmConnectivityFr21,0x050,10,2.0,0
AsyDataWithCmpSafeYawRateQf,BackboneFR,SRS,SrsBackBoneFr04,37591.0,10,,True,True,ConnectivityCANFD,DRMFR,BgmConnectivityFr21,0x050,10,2.0,1
AsyDataWithCmpSafeYawRateQf,BackboneFR,SRS,SrsBackBoneFr04,37591.0,10,,True,True,ConnectivityCANFD,DRMRL,BgmConnectivityFr21,0x050,10,2.0,1
AsyDataWithCmpSafeYawRateQf,BackboneFR,SRS,SrsBackBoneFr04,37591.0,10,,True,True,ConnectivityCANFD,DRMRR,BgmConnectivityFr21,0x050,10,2.0,1
AsyDataWithCmpSafeYawRateWithCmp,BackboneFR,SRS,SrsBackBoneFr04,37591.0,10,,True,True,ConnectivityCANFD,DRMFL,BgmConnectivityFr21,0x050,10,16.0,0
AsyDataWithCmpSafeYawRateWithCmp,BackboneFR,SRS,SrsBackBoneFr04,37591.0,10,,True,True,ConnectivityCANFD,DRMFR,BgmConnectivityFr21,0x050,10,16.0,1
AsyDataWithCmpSafeYawRateWithCmp,BackboneFR,SRS,SrsBackBoneFr04,37591.0,10,,True,True,ConnectivityCANFD,DRMRL,BgmConnectivityFr21,0x050,10,16.0,1
AsyDataWithCmpSafeYawRateWithCmp,BackboneFR,SRS,SrsBackBoneFr04,37591.0,10,,True,True,ConnectivityCANFD,DRMRR,BgmConnectivityFr21,0x050,10,16.0,1
BLEKeyPrsntStsChks,ConnectivityCANFD,BNCM,BncmConnectivityFr17,0x198,100,,True,True,InfoCANFD,CDC,BgmInfoCanFdFr20,0x335,70,8.0,0
BLEKeyPrsntStsCntr,ConnectivityCANFD,BNCM,BncmConnectivityFr17,0x198,100,,True,True,InfoCANFD,CDC,BgmInfoCanFdFr20,0x335,70,4.0,0
BLEKeyPrsntStsZone0,ConnectivityCANFD,BNCM,BncmConnectivityFr17,0x198,100,,True,True,InfoCANFD,CDC,BgmInfoCanFdFr20,0x335,70,1.0,0
BLEKeyPrsntStsZone1,ConnectivityCANFD,BNCM,BncmConnectivityFr17,0x198,100,,True,True,InfoCANFD,CDC,BgmInfoCanFdFr20,0x335,70,1.0,0
BLEKeyPrsntStsZone10,ConnectivityCANFD,BNCM,BncmConnectivityFr17,0x198,100,,True,True,InfoCANFD,CDC,BgmInfoCanFdFr20,0x335,70,1.0,0
BLEKeyPrsntStsZone11,ConnectivityCANFD,BNCM,BncmConnectivityFr17,0x198,100,,True,True,InfoCANFD,CDC,BgmInfoCanFdFr20,0x335,70,1.0,0
BLEKeyPrsntStsZone12,ConnectivityCANFD,BNCM,BncmConnectivityFr17,0x198,100,,True,True,InfoCANFD,CDC,BgmInfoCanFdFr20,0x335,70,1.0,0
BLEKeyPrsntStsZone13,ConnectivityCANFD,BNCM,BncmConnectivityFr17,0x198,100,,True,True,InfoCANFD,CDC,BgmInfoCanFdFr20,0x335,70,1.0,0
BLEKeyPrsntStsZone14,ConnectivityCANFD,BNCM,BncmConnectivityFr17,0x198,100,,True,True,InfoCANFD,CDC,BgmInfoCanFdFr20,0x335,70,1.0,0
BLEKeyPrsntStsZone15,ConnectivityCANFD,BNCM,BncmConnectivityFr17,0x198,100,,True,True,InfoCANFD,CDC,BgmInfoCanFdFr20,0x335,70,1.0,0
BLEKeyPrsntStsZone2,ConnectivityCANFD,BNCM,BncmConnectivityFr17,0x198,100,,True,True,InfoCANFD,CDC,BgmInfoCanFdFr20,0x335,70,1.0,0
BLEKeyPrsntStsZone3,ConnectivityCANFD,BNCM,BncmConnectivityFr17,0x198,100,,True,True,InfoCANFD,CDC,BgmInfoCanFdFr20,0x335,70,1.0,0
BLEKeyPrsntStsZone4,ConnectivityCANFD,BNCM,BncmConnectivityFr17,0x198,100,,True,True,InfoCANFD,CDC,BgmInfoCanFdFr20,0x335,70,1.0,0
BLEKeyPrsntStsZone5,ConnectivityCANFD,BNCM,BncmConnectivityFr17,0x198,100,,True,True,InfoCANFD,CDC,BgmInfoCanFdFr20,0x335,70,1.0,0
BLEKeyPrsntStsZone6,ConnectivityCANFD,BNCM,BncmConnectivityFr17,0x198,100,,True,True,InfoCANFD,CDC,BgmInfoCanFdFr20,0x335,70,1.0,0
BLEKeyPrsntStsZone7,ConnectivityCANFD,BNCM,BncmConnectivityFr17,0x198,100,,True,True,InfoCANFD,CDC,BgmInfoCanFdFr20,0x335,70,1.0,0
BLEKeyPrsntStsZone8,ConnectivityCANFD,BNCM,BncmConnectivityFr17,0x198,100,,True,True,InfoCANFD,CDC,BgmInfoCanFdFr20,0x335,70,1.0,0
BLEKeyPrsntStsZone9,ConnectivityCANFD,BNCM,BncmConnectivityFr17,0x198,100,,True,True,InfoCANFD,CDC,BgmInfoCanFdFr20,0x335,70,1.0,0
BltLockStAtDrvrBltLockSt1,BackboneFR,SRS,SrsBackBoneFr05,20=0=1,5,,,,BodyCAN,CCM,CemBodyFr08,0x493,100,1.0,0
BltLockStAtDrvrBltLockSts,BackboneFR,SRS,SrsBackBoneFr05,20=0=1,5,,,,BodyCAN,CCM,CemBodyFr08,0x493,100,1.0,0
BltLockStAtPassBltLockSt1,BackboneFR,SRS,SrsBackBoneFr04,37591.0,10,,,,BodyCAN,CCM,CemBodyFr08,0x493,100,1.0,0
BltLockStAtPassBltLockSts,BackboneFR,SRS,SrsBackBoneFr04,37591.0,10,,,,BodyCAN,CCM,CemBodyFr08,0x493,100,1.0,0
BltLockStAtRowSecLeBltLockEquid,BackboneFR,SRS,SrsBackBoneFr04,37591.0,10,,,,BodyCAN,CCM,CemBodyFr08,0x493,100,1.0,0
BltLockStAtRowSecLeBltLockSt1,BackboneFR,SRS,SrsBackBoneFr04,37591.0,10,,,,BodyCAN,CCM,CemBodyFr08,0x493,100,1.0,0
BltLockStAtRowSecLeBltLockSts,BackboneFR,SRS,SrsBackBoneFr04,37591.0,10,,,,BodyCAN,CCM,CemBodyFr08,0x493,100,1.0,0
BltLockStAtRowSecMidBltLockEquid,BackboneFR,SRS,SrsBackBoneFr04,37591.0,10,,,,BodyCAN,CCM,CemBodyFr08,0x493,100,1.0,0
BltLockStAtRowSecMidBltLockSt1,BackboneFR,SRS,SrsBackBoneFr04,37591.0,10,,,,BodyCAN,CCM,CemBodyFr08,0x493,100,1.0,0
BltLockStAtRowSecMidBltLockSts,BackboneFR,SRS,SrsBackBoneFr04,37591.0,10,,,,BodyCAN,CCM,CemBodyFr08,0x493,100,1.0,0
BltLockStAtRowSecRiBltLockEquid,BackboneFR,SRS,SrsBackBoneFr04,37591.0,10,,,,BodyCAN,CCM,CemBodyFr08,0x493,100,1.0,0
BltLockStAtRowSecRiBltLockSt1,BackboneFR,SRS,SrsBackBoneFr04,37591.0,10,,,,BodyCAN,CCM,CemBodyFr08,0x493,100,1.0,0
BltLockStAtRowSecRiBltLockSts,BackboneFR,SRS,SrsBackBoneFr04,37591.0,10,,,,BodyCAN,CCM,CemBodyFr08,0x493,100,1.0,0
BltLockStAtRowThrdLeBltLockEquid,BackboneFR,SRS,SrsBackBoneFr04,37591.0,10,,,,BodyCAN,CCM,CemBodyFr08,0x493,100,1.0,0
BltLockStAtRowThrdLeBltLockSt1,BackboneFR,SRS,SrsBackBoneFr04,37591.0,10,,,,BodyCAN,CCM,CemBodyFr08,0x493,100,1.0,0
BltLockStAtRowThrdLeBltLockSts,BackboneFR,SRS,SrsBackBoneFr04,37591.0,10,,,,BodyCAN,CCM,CemBodyFr08,0x493,100,1.0,0
BltLockStAtRowThrdRiBltLockEquid,BackboneFR,SRS,SrsBackBoneFr04,37591.0,10,,,,BodyCAN,CCM,CemBodyFr08,0x493,100,1.0,0
BltLockStAtRowThrdRiBltLockSt1,BackboneFR,SRS,SrsBackBoneFr04,37591.0,10,,,,BodyCAN,CCM,CemBodyFr08,0x493,100,1.0,0
BltLockStAtRowThrdRiBltLockSts,BackboneFR,SRS,SrsBackBoneFr04,37591.0,10,,,,BodyCAN,CCM,CemBodyFr08,0x493,100,1.0,0
BrkPedlrRatPerc,BackboneFR,VDDM,BcmVddmBackBoneFr08,57=5=8,40,,,,BodyExposedCANFD,HCML,CemBodyExpoCommonFr02,0x300,45,15.0,0
BrkPedlrRatPerc,BackboneFR,VDDM,BcmVddmBackBoneFr08,57=5=8,40,,,,BodyExposedCANFD,HCMR,CemBodyExpoCommonFr02,0x300,45,15.0,1
BrkPedlrRatQf,BackboneFR,VDDM,BcmVddmBackBoneFr08,57=5=8,40,,,,BodyExposedCANFD,HCML,CemBodyExpoCommonFr02,0x300,45,2.0,0
BrkPedlrRatQf,BackboneFR,VDDM,BcmVddmBackBoneFr08,57=5=8,40,,,,BodyExposedCANFD,HCMR,CemBodyExpoCommonFr02,0x300,45,2.0,1
BrkSysCylPMstAct,BackboneFR,VDDM,BcmVddmBackBoneFr03,56=1=2,10,,True,True,PassiveSafetyCAN,RML,AsdmPassSafeCANFr22,0x054,10,10.0,0
BrkSysCylPMstActQf,BackboneFR,VDDM,BcmVddmBackBoneFr03,56=1=2,10,,True,True,PassiveSafetyCAN,RML,AsdmPassSafeCANFr22,0x054,10,2.0,0
BrkSysCylPMstChks,BackboneFR,VDDM,BcmVddmBackBoneFr03,56=1=2,10,,True,True,PassiveSafetyCAN,RML,AsdmPassSafeCANFr22,0x054,10,8.0,0
BrkSysCylPMstCntr,BackboneFR,VDDM,BcmVddmBackBoneFr03,56=1=2,10,,True,True,PassiveSafetyCAN,RML,AsdmPassSafeCANFr22,0x054,10,4.0,0
BrkSysCylPMstTar,BackboneFR,VDDM,BcmVddmBackBoneFr03,56=1=2,10,,True,True,PassiveSafetyCAN,RML,AsdmPassSafeCANFr22,0x054,10,10.0,0
BrkSysCylPMstVirt,BackboneFR,VDDM,BcmVddmBackBoneFr03,56=1=2,10,,True,True,PassiveSafetyCAN,RML,AsdmPassSafeCANFr22,0x054,10,10.0,0
BrkSysCylPMstVirtQf,BackboneFR,VDDM,BcmVddmBackBoneFr03,56=1=2,10,,True,True,PassiveSafetyCAN,RML,AsdmPassSafeCANFr22,0x054,10,2.0,0
CDCActTEngT,InfoCANFD,CDC,CdcInfoCanFdFr11,0x450,320,,,,PropulsionCAN,ECM,BgmPropulsionFr04,0x3FA,320,8.0,0
CDCActTEngT,InfoCANFD,CDC,CdcInfoCanFdFr11,0x450,320,,,,PropulsionCAN,VCU,BgmPropulsionFr04,0x3FA,320,8.0,1
CDCActTEngTQf,InfoCANFD,CDC,CdcInfoCanFdFr11,0x450,320,,,,PropulsionCAN,ECM,BgmPropulsionFr04,0x3FA,320,2.0,0
CDCActTEngTQf,InfoCANFD,CDC,CdcInfoCanFdFr11,0x450,320,,,,PropulsionCAN,VCU,BgmPropulsionFr04,0x3FA,320,2.0,1
CDCDrvrGearShiftDirReq1Chks,InfoCANFD,CDC,CdcInfoCanFdFr12,0x0C0,20,,True,True,ChassisCAN1,ACU,BgmChas1Fr01,0x125,15,8.0,0
CDCDrvrGearShiftDirReq1Chks,InfoCANFD,CDC,CdcInfoCanFdFr12,0x0C0,20,,True,True,ChassisCAN1,ECM,BgmChas1Fr01,0x125,15,8.0,1
CDCDrvrGearShiftDirReq1Chks,InfoCANFD,CDC,CdcInfoCanFdFr12,0x0C0,20,,True,True,ChassisCAN1,VCU,BgmChas1Fr01,0x125,15,8.0,1
CDCDrvrGearShiftDirReq1Cntr,InfoCANFD,CDC,CdcInfoCanFdFr12,0x0C0,20,,True,True,ChassisCAN1,ACU,BgmChas1Fr01,0x125,15,4.0,0
CDCDrvrGearShiftDirReq1Cntr,InfoCANFD,CDC,CdcInfoCanFdFr12,0x0C0,20,,True,True,ChassisCAN1,ECM,BgmChas1Fr01,0x125,15,4.0,1
CDCDrvrGearShiftDirReq1Cntr,InfoCANFD,CDC,CdcInfoCanFdFr12,0x0C0,20,,True,True,ChassisCAN1,VCU,BgmChas1Fr01,0x125,15,4.0,1
CDCDrvrGearShiftDirReq1DwnRTipAut,InfoCANFD,CDC,CdcInfoCanFdFr12,0x0C0,20,,True,True,ChassisCAN1,ACU,BgmChas1Fr01,0x125,15,1.0,0
CDCDrvrGearShiftDirReq1DwnRTipAut,InfoCANFD,CDC,CdcInfoCanFdFr12,0x0C0,20,,True,True,ChassisCAN1,ECM,BgmChas1Fr01,0x125,15,1.0,1
CDCDrvrGearShiftDirReq1DwnRTipAut,InfoCANFD,CDC,CdcInfoCanFdFr12,0x0C0,20,,True,True,ChassisCAN1,VCU,BgmChas1Fr01,0x125,15,1.0,1
CDCDrvrGearShiftDirReq1DwnTipAut,InfoCANFD,CDC,CdcInfoCanFdFr12,0x0C0,20,,True,True,ChassisCAN1,ACU,BgmChas1Fr01,0x125,15,1.0,0
CDCDrvrGearShiftDirReq1DwnTipAut,InfoCANFD,CDC,CdcInfoCanFdFr12,0x0C0,20,,True,True,ChassisCAN1,ECM,BgmChas1Fr01,0x125,15,1.0,1
CDCDrvrGearShiftDirReq1DwnTipAut,InfoCANFD,CDC,CdcInfoCanFdFr12,0x0C0,20,,True,True,ChassisCAN1,VCU,BgmChas1Fr01,0x125,15,1.0,1
CDCDrvrGearShiftDirReq1PosnAut,InfoCANFD,CDC,CdcInfoCanFdFr12,0x0C0,20,,True,True,ChassisCAN1,ACU,BgmChas1Fr01,0x125,15,1.0,0
CDCDrvrGearShiftDirReq1PosnAut,InfoCANFD,CDC,CdcInfoCanFdFr12,0x0C0,20,,True,True,ChassisCAN1,ECM,BgmChas1Fr01,0x125,15,1.0,1
CDCDrvrGearShiftDirReq1PosnAut,InfoCANFD,CDC,CdcInfoCanFdFr12,0x0C0,20,,True,True,ChassisCAN1,VCU,BgmChas1Fr01,0x125,15,1.0,1
CDCDrvrGearShiftDirReq1UpDTipAut,InfoCANFD,CDC,CdcInfoCanFdFr12,0x0C0,20,,True,True,ChassisCAN1,ACU,BgmChas1Fr01,0x125,15,1.0,0
CDCDrvrGearShiftDirReq1UpDTipAut,InfoCANFD,CDC,CdcInfoCanFdFr12,0x0C0,20,,True,True,ChassisCAN1,ECM,BgmChas1Fr01,0x125,15,1.0,1
CDCDrvrGearShiftDirReq1UpDTipAut,InfoCANFD,CDC,CdcInfoCanFdFr12,0x0C0,20,,True,True,ChassisCAN1,VCU,BgmChas1Fr01,0x125,15,1.0,1
CDCDrvrGearShiftDirReq1UpTipAut,InfoCANFD,CDC,CdcInfoCanFdFr12,0x0C0,20,,True,True,ChassisCAN1,ACU,BgmChas1Fr01,0x125,15,1.0,0
CDCDrvrGearShiftDirReq1UpTipAut,InfoCANFD,CDC,CdcInfoCanFdFr12,0x0C0,20,,True,True,ChassisCAN1,ECM,BgmChas1Fr01,0x125,15,1.0,1
CDCDrvrGearShiftDirReq1UpTipAut,InfoCANFD,CDC,CdcInfoCanFdFr12,0x0C0,20,,True,True,ChassisCAN1,VCU,BgmChas1Fr01,0x125,15,1.0,1
CDCDrvrGearShiftDirReq2Chks,InfoCANFD,CDC,CdcInfoCanFdFr12,0x0C0,20,,True,True,ChassisCAN1,ACU,BgmChas1Fr01,0x125,15,8.0,0
CDCDrvrGearShiftDirReq2Chks,InfoCANFD,CDC,CdcInfoCanFdFr12,0x0C0,20,,True,True,ChassisCAN1,ECM,BgmChas1Fr01,0x125,15,8.0,1
CDCDrvrGearShiftDirReq2Chks,InfoCANFD,CDC,CdcInfoCanFdFr12,0x0C0,20,,True,True,ChassisCAN1,VCU,BgmChas1Fr01,0x125,15,8.0,1
CDCDrvrGearShiftDirReq2Cntr,InfoCANFD,CDC,CdcInfoCanFdFr12,0x0C0,20,,True,True,ChassisCAN1,ACU,BgmChas1Fr01,0x125,15,4.0,0
CDCDrvrGearShiftDirReq2Cntr,InfoCANFD,CDC,CdcInfoCanFdFr12,0x0C0,20,,True,True,ChassisCAN1,ECM,BgmChas1Fr01,0x125,15,4.0,1
CDCDrvrGearShiftDirReq2Cntr,InfoCANFD,CDC,CdcInfoCanFdFr12,0x0C0,20,,True,True,ChassisCAN1,VCU,BgmChas1Fr01,0x125,15,4.0,1
CDCDrvrGearShiftDirReq2DwnRTipAut,InfoCANFD,CDC,CdcInfoCanFdFr12,0x0C0,20,,True,True,ChassisCAN1,ACU,BgmChas1Fr01,0x125,15,1.0,0
CDCDrvrGearShiftDirReq2DwnRTipAut,InfoCANFD,CDC,CdcInfoCanFdFr12,0x0C0,20,,True,True,ChassisCAN1,ECM,BgmChas1Fr01,0x125,15,1.0,1
CDCDrvrGearShiftDirReq2DwnRTipAut,InfoCANFD,CDC,CdcInfoCanFdFr12,0x0C0,20,,True,True,ChassisCAN1,VCU,BgmChas1Fr01,0x125,15,1.0,1
CDCDrvrGearShiftDirReq2DwnTipAut,InfoCANFD,CDC,CdcInfoCanFdFr12,0x0C0,20,,True,True,ChassisCAN1,ACU,BgmChas1Fr01,0x125,15,1.0,0
CDCDrvrGearShiftDirReq2DwnTipAut,InfoCANFD,CDC,CdcInfoCanFdFr12,0x0C0,20,,True,True,ChassisCAN1,ECM,BgmChas1Fr01,0x125,15,1.0,1
CDCDrvrGearShiftDirReq2DwnTipAut,InfoCANFD,CDC,CdcInfoCanFdFr12,0x0C0,20,,True,True,ChassisCAN1,VCU,BgmChas1Fr01,0x125,15,1.0,1
CDCDrvrGearShiftDirReq2PosnAut,InfoCANFD,CDC,CdcInfoCanFdFr12,0x0C0,20,,True,True,ChassisCAN1,ACU,BgmChas1Fr01,0x125,15,1.0,0
CDCDrvrGearShiftDirReq2PosnAut,InfoCANFD,CDC,CdcInfoCanFdFr12,0x0C0,20,,True,True,ChassisCAN1,ECM,BgmChas1Fr01,0x125,15,1.0,1
CDCDrvrGearShiftDirReq2PosnAut,InfoCANFD,CDC,CdcInfoCanFdFr12,0x0C0,20,,True,True,ChassisCAN1,VCU,BgmChas1Fr01,0x125,15,1.0,1
CDCDrvrGearShiftDirReq2UpDTipAut,InfoCANFD,CDC,CdcInfoCanFdFr12,0x0C0,20,,True,True,ChassisCAN1,ACU,BgmChas1Fr01,0x125,15,1.0,0
CDCDrvrGearShiftDirReq2UpDTipAut,InfoCANFD,CDC,CdcInfoCanFdFr12,0x0C0,20,,True,True,ChassisCAN1,ECM,BgmChas1Fr01,0x125,15,1.0,1
CDCDrvrGearShiftDirReq2UpDTipAut,InfoCANFD,CDC,CdcInfoCanFdFr12,0x0C0,20,,True,True,ChassisCAN1,VCU,BgmChas1Fr01,0x125,15,1.0,1
CDCDrvrGearShiftDirReq2UpTipAut,InfoCANFD,CDC,CdcInfoCanFdFr12,0x0C0,20,,True,True,ChassisCAN1,ACU,BgmChas1Fr01,0x125,15,1.0,0
CDCDrvrGearShiftDirReq2UpTipAut,InfoCANFD,CDC,CdcInfoCanFdFr12,0x0C0,20,,True,True,ChassisCAN1,ECM,BgmChas1Fr01,0x125,15,1.0,1
CDCDrvrGearShiftDirReq2UpTipAut,InfoCANFD,CDC,CdcInfoCanFdFr12,0x0C0,20,,True,True,ChassisCAN1,VCU,BgmChas1Fr01,0x125,15,1.0,1
CDCDrvrGearShiftParkReq1,InfoCANFD,CDC,CdcInfoCanFdFr12,0x0C0,20,,True,True,ChassisCAN1,ACU,BgmChas1Fr01,0x125,15,1.0,0
CDCDrvrGearShiftParkReq1,InfoCANFD,CDC,CdcInfoCanFdFr12,0x0C0,20,,True,True,BackboneFR,BBM,VgmBackBoneFr00,1=0=1,5,1.0,0
CDCDrvrGearShiftParkReq1,InfoCANFD,CDC,CdcInfoCanFdFr12,0x0C0,20,,True,True,ChassisCAN1,ECM,BgmChas1Fr01,0x125,15,1.0,1
CDCDrvrGearShiftParkReq1,InfoCANFD,CDC,CdcInfoCanFdFr12,0x0C0,20,,True,True,ChassisCAN1,VDDM,BgmChas1Fr01,0x125,15,1.0,1
CDCDrvrGearShiftParkReq1,InfoCANFD,CDC,CdcInfoCanFdFr12,0x0C0,20,,True,True,ChassisCAN1,VCU,BgmChas1Fr01,0x125,15,1.0,1
CDCDrvrGearShiftParkReqChks,InfoCANFD,CDC,CdcInfoCanFdFr12,0x0C0,20,,True,True,ChassisCAN1,ACU,BgmChas1Fr01,0x125,15,8.0,0
CDCDrvrGearShiftParkReqChks,InfoCANFD,CDC,CdcInfoCanFdFr12,0x0C0,20,,True,True,BackboneFR,BBM,VgmBackBoneFr00,1=0=1,5,8.0,0
CDCDrvrGearShiftParkReqChks,InfoCANFD,CDC,CdcInfoCanFdFr12,0x0C0,20,,True,True,ChassisCAN1,ECM,BgmChas1Fr01,0x125,15,8.0,1
CDCDrvrGearShiftParkReqChks,InfoCANFD,CDC,CdcInfoCanFdFr12,0x0C0,20,,True,True,ChassisCAN1,VDDM,BgmChas1Fr01,0x125,15,8.0,1
CDCDrvrGearShiftParkReqChks,InfoCANFD,CDC,CdcInfoCanFdFr12,0x0C0,20,,True,True,ChassisCAN1,VCU,BgmChas1Fr01,0x125,15,8.0,1
CDCDrvrGearShiftParkReqCntr,InfoCANFD,CDC,CdcInfoCanFdFr12,0x0C0,20,,True,True,ChassisCAN1,ACU,BgmChas1Fr01,0x125,15,4.0,0
CDCDrvrGearShiftParkReqCntr,InfoCANFD,CDC,CdcInfoCanFdFr12,0x0C0,20,,True,True,BackboneFR,BBM,VgmBackBoneFr00,1=0=1,5,4.0,0
CDCDrvrGearShiftParkReqCntr,InfoCANFD,CDC,CdcInfoCanFdFr12,0x0C0,20,,True,True,ChassisCAN1,ECM,BgmChas1Fr01,0x125,15,4.0,1
CDCDrvrGearShiftParkReqCntr,InfoCANFD,CDC,CdcInfoCanFdFr12,0x0C0,20,,True,True,ChassisCAN1,VDDM,BgmChas1Fr01,0x125,15,4.0,1
CDCDrvrGearShiftParkReqCntr,InfoCANFD,CDC,CdcInfoCanFdFr12,0x0C0,20,,True,True,ChassisCAN1,VCU,BgmChas1Fr01,0x125,15,4.0,1
CDCDrvrGearShiftParkReqSts,InfoCANFD,CDC,CdcInfoCanFdFr12,0x0C0,20,,True,True,ChassisCAN1,ACU,BgmChas1Fr01,0x125,15,2.0,0
CDCDrvrGearShiftParkReqSts,InfoCANFD,CDC,CdcInfoCanFdFr12,0x0C0,20,,True,True,BackboneFR,BBM,VgmBackBoneFr00,1=0=1,5,2.0,0
CDCDrvrGearShiftParkReqSts,InfoCANFD,CDC,CdcInfoCanFdFr12,0x0C0,20,,True,True,ChassisCAN1,ECM,BgmChas1Fr01,0x125,15,2.0,1
CDCDrvrGearShiftParkReqSts,InfoCANFD,CDC,CdcInfoCanFdFr12,0x0C0,20,,True,True,ChassisCAN1,VDDM,BgmChas1Fr01,0x125,15,2.0,1
CDCDrvrGearShiftParkReqSts,InfoCANFD,CDC,CdcInfoCanFdFr12,0x0C0,20,,True,True,ChassisCAN1,VCU,BgmChas1Fr01,0x125,15,2.0,1
CamStsCamCamFrntCalNotCmpl,BackboneFR,ACU,AsdmBackBoneFr09,32=2=8,40,,True,True,BodyCAN,CCM,CEMBodyFr27,0x310,175,1.0,0
CamStsCamCamHeatrActv,BackboneFR,ACU,AsdmBackBoneFr09,32=2=8,40,,True,True,BodyCAN,CCM,CEMBodyFr27,0x310,175,1.0,0
CamStsCamFrntBlkd1,BackboneFR,ACU,AsdmBackBoneFr09,32=2=8,40,,True,True,BodyCAN,CCM,CEMBodyFr27,0x310,175,1.0,0
CamStsCamFrntBlkd2,BackboneFR,ACU,AsdmBackBoneFr09,32=2=8,40,,True,True,BodyCAN,CCM,CEMBodyFr27,0x310,175,1.0,0
CamStsCamFrntBlkd3,BackboneFR,ACU,AsdmBackBoneFr09,32=2=8,40,,True,True,BodyCAN,CCM,CEMBodyFr27,0x310,175,1.0,0
CamStsCamFrntBlkd4,BackboneFR,ACU,AsdmBackBoneFr09,32=2=8,40,,True,True,BodyCAN,CCM,CEMBodyFr27,0x310,175,1.0,0
CamStsCamFrntBlkd5,BackboneFR,ACU,AsdmBackBoneFr09,32=2=8,40,,True,True,BodyCAN,CCM,CEMBodyFr27,0x310,175,1.0,0
CamStsCamFrntBlkd6,BackboneFR,ACU,AsdmBackBoneFr09,32=2=8,40,,True,True,BodyCAN,CCM,CEMBodyFr27,0x310,175,1.0,0
CamStsCamFrntBlkd7,BackboneFR,ACU,AsdmBackBoneFr09,32=2=8,40,,True,True,BodyCAN,CCM,CEMBodyFr27,0x310,175,1.0,0
CamStsCamFrntBlkd8,BackboneFR,ACU,AsdmBackBoneFr09,32=2=8,40,,True,True,BodyCAN,CCM,CEMBodyFr27,0x310,175,1.0,0
CamStsCamFrntCalNotStrtd,BackboneFR,ACU,AsdmBackBoneFr09,32=2=8,40,,True,True,BodyCAN,CCM,CEMBodyFr27,0x310,175,1.0,0
CamStsCamFrntFaulty,BackboneFR,ACU,AsdmBackBoneFr09,32=2=8,40,,True,True,BodyCAN,CCM,CEMBodyFr27,0x310,175,12.0,0
CamStsCamFrontEna,BackboneFR,ACU,AsdmBackBoneFr09,32=2=8,40,,True,True,BodyCAN,CCM,CEMBodyFr27,0x310,175,1.0,0
CamStsCamMissCom,BackboneFR,ACU,AsdmBackBoneFr09,32=2=8,40,,True,True,BodyCAN,CCM,CEMBodyFr27,0x310,175,1.0,0
CamStsChks,BackboneFR,ACU,AsdmBackBoneFr09,32=2=8,40,,True,True,BodyCAN,CCM,CEMBodyFr27,0x310,175,8.0,0
CamStsCntr,BackboneFR,ACU,AsdmBackBoneFr09,32=2=8,40,,True,True,BodyCAN,CCM,CEMBodyFr27,0x310,175,4.0,0
CmptmtAirTEstimdExtdComptmtT,BodyCAN,CCM,CcmBodyFr08,0x121,30,,,,BackboneFR,VDDM,CemBackBoneFr03,37=0=2,10,11.0,0
CmptmtAirTEstimdExtdQlyFlg,BodyCAN,CCM,CcmBodyFr08,0x121,30,,,,BackboneFR,VDDM,CemBackBoneFr03,37=0=2,10,2.0,0
CmptmtTFrntCmptmtTFrnt,BodyCAN,CCM,CcmBodyFr08,0x121,30,,,,ConnectivityCANFD,TCAM,VgmConnFr13,0x480,225,11.0,0
CmptmtTFrntCmptmtTFrnt,BodyCAN,CCM,CcmBodyFr08,0x121,30,,,,BackboneFR,VDDM,CemBackBoneFr06,38200.0,20,11.0,0
CmptmtTFrntFanForCmptmtTRunng,BodyCAN,CCM,CcmBodyFr08,0x121,30,,,,ConnectivityCANFD,TCAM,VgmConnFr13,0x480,225,1.0,0
CmptmtTFrntFanForCmptmtTRunng,BodyCAN,CCM,CcmBodyFr08,0x121,30,,,,BackboneFR,VDDM,CemBackBoneFr06,38200.0,20,1.0,0
CmptmtTFrntQf,BodyCAN,CCM,CcmBodyFr08,0x121,30,,,,ConnectivityCANFD,TCAM,VgmConnFr13,0x480,225,2.0,0
CmptmtTFrntQf,BodyCAN,CCM,CcmBodyFr08,0x121,30,,,,BackboneFR,VDDM,CemBackBoneFr06,38200.0,20,2.0,0
CmptmtTReCmptmtTFrnt,BodyCAN,CCM,CcmBodyFr57,0x325,135,,,,BackboneFR,VDDM,CemBackBoneFr16,39=31=32,160,11.0,0
CmptmtTReCmptmtTFrntQf,BodyCAN,CCM,CcmBodyFr57,0x325,135,,,,BackboneFR,VDDM,CemBackBoneFr16,39=31=32,160,2.0,0
CmptmtTReFanForCmptmtTRunng,BodyCAN,CCM,CcmBodyFr57,0x325,135,,,,BackboneFR,VDDM,CemBackBoneFr16,39=31=32,160,1.0,0
CoolgLoadGroupCoolgLimd,BackboneFR,VDDM,VddmBackBoneFr18,48=0=4,20,,,,BodyCAN,CCM,CEMBodyFr19,0x210,235,1.0,0
CoolgLoadGroupCoolgLoad2,BackboneFR,VDDM,VddmBackBoneFr18,48=0=4,20,,,,BodyCAN,CCM,CEMBodyFr19,0x210,235,7.0,0
CrashStsSafeChks,BackboneFR,SRS,SrsBackBoneFr05,20=0=1,5,,True,True,BodyCAN,DDM,CemBodyFr84,0x1D4,180,8.0,0
CrashStsSafeChks,BackboneFR,SRS,SrsBackBoneFr05,20=0=1,5,,True,True,InfoCANFD,ETC,BgmInfoCanFdFr21,0x480,EventTriggered,8.0,0
CrashStsSafeChks,BackboneFR,SRS,SrsBackBoneFr05,20=0=1,5,,True,True,BodyCAN,PDM,CemBodyFr84,0x1D4,180,8.0,1
CrashStsSafeChks,BackboneFR,SRS,SrsBackBoneFr05,20=0=1,5,,True,True,BodyCAN,RLDM,CemBodyFr84,0x1D4,180,8.0,1
CrashStsSafeChks,BackboneFR,SRS,SrsBackBoneFr05,20=0=1,5,,True,True,BodyCAN,RRDM,CemBodyFr84,0x1D4,180,8.0,1
CrashStsSafeChks,BackboneFR,SRS,SrsBackBoneFr05,20=0=1,5,,True,True,ConnectivityCANFD,TCAM,BgmConnectivityFr08,0x385,EventTriggered,8.0,0
CrashStsSafeCntr,BackboneFR,SRS,SrsBackBoneFr05,20=0=1,5,,True,True,BodyCAN,DDM,CemBodyFr84,0x1D4,180,4.0,0
CrashStsSafeCntr,BackboneFR,SRS,SrsBackBoneFr05,20=0=1,5,,True,True,InfoCANFD,ETC,BgmInfoCanFdFr21,0x480,EventTriggered,4.0,0
CrashStsSafeCntr,BackboneFR,SRS,SrsBackBoneFr05,20=0=1,5,,True,True,BodyCAN,PDM,CemBodyFr84,0x1D4,180,4.0,1
CrashStsSafeCntr,BackboneFR,SRS,SrsBackBoneFr05,20=0=1,5,,True,True,BodyCAN,RLDM,CemBodyFr84,0x1D4,180,4.0,1
CrashStsSafeCntr,BackboneFR,SRS,SrsBackBoneFr05,20=0=1,5,,True,True,BodyCAN,RRDM,CemBodyFr84,0x1D4,180,4.0,1
CrashStsSafeCntr,BackboneFR,SRS,SrsBackBoneFr05,20=0=1,5,,True,True,ConnectivityCANFD,TCAM,BgmConnectivityFr08,0x385,EventTriggered,4.0,0
CrashStsSafeSts,BackboneFR,SRS,SrsBackBoneFr05,20=0=1,5,,True,True,BodyCAN,DDM,CemBodyFr84,0x1D4,180,1.0,0
CrashStsSafeSts,BackboneFR,SRS,SrsBackBoneFr05,20=0=1,5,,True,True,InfoCANFD,ETC,BgmInfoCanFdFr21,0x480,EventTriggered,1.0,0
CrashStsSafeSts,BackboneFR,SRS,SrsBackBoneFr05,20=0=1,5,,True,True,BodyCAN,PDM,CemBodyFr84,0x1D4,180,1.0,1
CrashStsSafeSts,BackboneFR,SRS,SrsBackBoneFr05,20=0=1,5,,True,True,BodyCAN,RLDM,CemBodyFr84,0x1D4,180,1.0,1
CrashStsSafeSts,BackboneFR,SRS,SrsBackBoneFr05,20=0=1,5,,True,True,BodyCAN,RRDM,CemBodyFr84,0x1D4,180,1.0,1
CrashStsSafeSts,BackboneFR,SRS,SrsBackBoneFr05,20=0=1,5,,True,True,ConnectivityCANFD,TCAM,BgmConnectivityFr08,0x385,EventTriggered,1.0,0
DiagFrameForECMByte0,BackboneFR,VDDM,VddmBackBoneFr33,49=19=32,160,,,,BodyCAN,CCM,CemBodyDevFr01,0x59A,1000,8.0,0
DiagFrameForECMByte1,BackboneFR,VDDM,VddmBackBoneFr33,49=19=32,160,,,,BodyCAN,CCM,CemBodyDevFr01,0x59A,1000,8.0,0
DiagFrameForECMByte2,BackboneFR,VDDM,VddmBackBoneFr33,49=19=32,160,,,,BodyCAN,CCM,CemBodyDevFr01,0x59A,1000,8.0,0
DiagFrameForECMByte3,BackboneFR,VDDM,VddmBackBoneFr33,49=19=32,160,,,,BodyCAN,CCM,CemBodyDevFr01,0x59A,1000,8.0,0
DiagFrameForECMByte4,BackboneFR,VDDM,VddmBackBoneFr33,49=19=32,160,,,,BodyCAN,CCM,CemBodyDevFr01,0x59A,1000,8.0,0
DiagFrameForECMByte5,BackboneFR,VDDM,VddmBackBoneFr33,49=19=32,160,,,,BodyCAN,CCM,CemBodyDevFr01,0x59A,1000,8.0,0
DiagFrameForECMByte6,BackboneFR,VDDM,VddmBackBoneFr33,49=19=32,160,,,,BodyCAN,CCM,CemBodyDevFr01,0x59A,1000,8.0,0
DiagFrameForECMByte7,BackboneFR,VDDM,VddmBackBoneFr33,49=19=32,160,,,,BodyCAN,CCM,CemBodyDevFr01,0x59A,1000,8.0,0
DoorDrvrPosnToObstAngle1,ConnectivityCANFD,DRMFL,DrmflConnectivityFr07,0x0F0,20,,True,True,BodyCAN,DPOD,BgmBodyFr04,0x260,20,8.0,0
DoorDrvrPosnToObstChks,ConnectivityCANFD,DRMFL,DrmflConnectivityFr07,0x0F0,20,,True,True,BodyCAN,DPOD,BgmBodyFr04,0x260,20,8.0,0
DoorDrvrPosnToObstCntr,ConnectivityCANFD,DRMFL,DrmflConnectivityFr07,0x0F0,20,,True,True,BodyCAN,DPOD,BgmBodyFr04,0x260,20,4.0,0
DoorLeRePosnToObstAngle1,ConnectivityCANFD,DRMRL,DrmrlConnectivityFr07,0x0F2,20,,True,True,BodyCAN,LPOD,BgmBodyFr04,0x260,20,8.0,0
DoorLeRePosnToObstChks,ConnectivityCANFD,DRMRL,DrmrlConnectivityFr07,0x0F2,20,,True,True,BodyCAN,LPOD,BgmBodyFr04,0x260,20,8.0,0
DoorLeRePosnToObstCntr,ConnectivityCANFD,DRMRL,DrmrlConnectivityFr07,0x0F2,20,,True,True,BodyCAN,LPOD,BgmBodyFr04,0x260,20,4.0,0
DoorPassPosnToObstAngle1,ConnectivityCANFD,DRMFR,DrmfrConnectivityFr07,0x0F1,20,,True,True,BodyCAN,PPOD,BgmBodyFr08,0x265,20,8.0,0
DoorPassPosnToObstChks,ConnectivityCANFD,DRMFR,DrmfrConnectivityFr07,0x0F1,20,,True,True,BodyCAN,PPOD,BgmBodyFr08,0x265,20,8.0,0
DoorPassPosnToObstCntr,ConnectivityCANFD,DRMFR,DrmfrConnectivityFr07,0x0F1,20,,True,True,BodyCAN,PPOD,BgmBodyFr08,0x265,20,4.0,0
DoorRiRePosnToObstAngle1,ConnectivityCANFD,DRMRR,DrmrrConnectivityFr07,0x0F3,20,,True,True,BodyCAN,RPOD,BgmBodyFr08,0x265,20,8.0,0
DoorRiRePosnToObstChks,ConnectivityCANFD,DRMRR,DrmrrConnectivityFr07,0x0F3,20,,True,True,BodyCAN,RPOD,BgmBodyFr08,0x265,20,8.0,0
DoorRiRePosnToObstCntr,ConnectivityCANFD,DRMRR,DrmrrConnectivityFr07,0x0F3,20,,True,True,BodyCAN,RPOD,BgmBodyFr08,0x265,20,4.0,0
DrvrDesDirChks,BackboneFR,VDDM,VddmBackBoneFr10,50=1=2,10,,True,True,BodyCAN,DDM,CemBodyFr73,0x098,65,8.0,0
DrvrDesDirChks,BackboneFR,VDDM,VddmBackBoneFr10,50=1=2,10,,True,True,BodyExposedCANFD,HCML,BgmBodyExposedCANFr02,0x092,10,8.0,0
DrvrDesDirChks,BackboneFR,VDDM,VddmBackBoneFr10,50=1=2,10,,True,True,BodyExposedCANFD,HCMR,BgmBodyExposedCANFr02,0x092,10,8.0,1
DrvrDesDirCntr,BackboneFR,VDDM,VddmBackBoneFr10,50=1=2,10,,True,True,BodyCAN,DDM,CemBodyFr73,0x098,65,4.0,0
DrvrDesDirCntr,BackboneFR,VDDM,VddmBackBoneFr10,50=1=2,10,,True,True,BodyExposedCANFD,HCML,BgmBodyExposedCANFr02,0x092,10,4.0,0
DrvrDesDirCntr,BackboneFR,VDDM,VddmBackBoneFr10,50=1=2,10,,True,True,BodyExposedCANFD,HCMR,BgmBodyExposedCANFr02,0x092,10,4.0,1
DrvrDesDirDrvrDesDir,BackboneFR,VDDM,VddmBackBoneFr10,50=1=2,10,,True,True,BodyCAN,DDM,CemBodyFr73,0x098,65,3.0,0
DrvrDesDirDrvrDesDir,BackboneFR,VDDM,VddmBackBoneFr10,50=1=2,10,,True,True,BodyExposedCANFD,HCML,BgmBodyExposedCANFr02,0x092,10,3.0,0
DrvrDesDirDrvrDesDir,BackboneFR,VDDM,VddmBackBoneFr10,50=1=2,10,,True,True,BodyExposedCANFD,HCMR,BgmBodyExposedCANFr02,0x092,10,3.0,1
DrvrSeatPosPercSeatPosFrntHeiPerc,BodyCAN,SMD,SmdBodyFr05,0x110,70,,,,BackboneFR,SRS,CemBackBoneFr23,39=5=8,40,10.0,0
DrvrSeatPosPercSeatPosFrntHeiPerc,BodyCAN,SMD,SmdBodyFr05,0x110,70,,,,BackboneFR,PSGM,CemBackBoneFr23,39=5=8,40,10.0,1
DrvrSeatPosPercSeatPosFrntHeiQF,BodyCAN,SMD,SmdBodyFr05,0x110,70,,,,BackboneFR,SRS,CemBackBoneFr23,39=5=8,40,2.0,0
DrvrSeatPosPercSeatPosFrntHeiQF,BodyCAN,SMD,SmdBodyFr05,0x110,70,,,,BackboneFR,PSGM,CemBackBoneFr23,39=5=8,40,2.0,1
DrvrSeatPosPercSeatPosHeiPerc,BodyCAN,SMD,SmdBodyFr05,0x110,70,,,,BackboneFR,SRS,CemBackBoneFr23,39=5=8,40,10.0,0
DrvrSeatPosPercSeatPosHeiPerc,BodyCAN,SMD,SmdBodyFr05,0x110,70,,,,BackboneFR,PSGM,CemBackBoneFr23,39=5=8,40,10.0,1
DrvrSeatPosPercSeatPosHeiQF,BodyCAN,SMD,SmdBodyFr05,0x110,70,,,,BackboneFR,SRS,CemBackBoneFr23,39=5=8,40,2.0,0
DrvrSeatPosPercSeatPosHeiQF,BodyCAN,SMD,SmdBodyFr05,0x110,70,,,,BackboneFR,PSGM,CemBackBoneFr23,39=5=8,40,2.0,1
DrvrSeatPosPercSeatPosSldPerc,BodyCAN,SMD,SmdBodyFr05,0x110,70,,,,BackboneFR,SRS,CemBackBoneFr23,39=5=8,40,10.0,0
DrvrSeatPosPercSeatPosSldPerc,BodyCAN,SMD,SmdBodyFr05,0x110,70,,,,BackboneFR,PSGM,CemBackBoneFr23,39=5=8,40,10.0,1
DrvrSeatPosPercSeatPosSldQF,BodyCAN,SMD,SmdBodyFr05,0x110,70,,,,BackboneFR,SRS,CemBackBoneFr23,39=5=8,40,2.0,0
DrvrSeatPosPercSeatPosSldQF,BodyCAN,SMD,SmdBodyFr05,0x110,70,,,,BackboneFR,PSGM,CemBackBoneFr23,39=5=8,40,2.0,1
DvlpFrameForCCMByte0,BodyCAN,CCM,CcmBodyDevFr02,0x59B,1250,,,,BackboneFR,VDDM,CemBackBoneFr16,39=31=32,160,8.0,0
DvlpFrameForCCMByte1,BodyCAN,CCM,CcmBodyDevFr02,0x59B,1250,,,,BackboneFR,VDDM,CemBackBoneFr16,39=31=32,160,8.0,0
DvlpFrameForCCMByte2,BodyCAN,CCM,CcmBodyDevFr02,0x59B,1250,,,,BackboneFR,VDDM,CemBackBoneFr16,39=31=32,160,8.0,0
DvlpFrameForCCMByte3,BodyCAN,CCM,CcmBodyDevFr02,0x59B,1250,,,,BackboneFR,VDDM,CemBackBoneFr16,39=31=32,160,8.0,0
DvlpFrameForCCMByte4,BodyCAN,CCM,CcmBodyDevFr02,0x59B,1250,,,,BackboneFR,VDDM,CemBackBoneFr16,39=31=32,160,8.0,0
DvlpFrameForCCMByte5,BodyCAN,CCM,CcmBodyDevFr02,0x59B,1250,,,,BackboneFR,VDDM,CemBackBoneFr16,39=31=32,160,8.0,0
DvlpFrameForCCMByte6,BodyCAN,CCM,CcmBodyDevFr02,0x59B,1250,,,,BackboneFR,VDDM,CemBackBoneFr16,39=31=32,160,8.0,0
DvlpFrameForCCMByte7,BodyCAN,CCM,CcmBodyDevFr02,0x59B,1250,,,,BackboneFR,VDDM,CemBackBoneFr16,39=31=32,160,8.0,0
EngSt1WdStsChks,BackboneFR,VDDM,VddmBackBoneFr00,46=0=1,5,,True,True,BodyCAN,CCM,CEMBodyFr30,0x370,620,8.0,0
EngSt1WdStsChks,BackboneFR,VDDM,VddmBackBoneFr00,46=0=1,5,,True,True,BodyCAN,SMD,CEMBodyFr30,0x370,620,8.0,1
EngSt1WdStsChks,BackboneFR,VDDM,VddmBackBoneFr00,46=0=1,5,,True,True,BodyCAN,SMP,CEMBodyFr30,0x370,620,8.0,1
EngSt1WdStsChks,BackboneFR,VDDM,VddmBackBoneFr00,46=0=1,5,,True,True,BodyCAN,SMB,CEMBodyFr30,0x370,620,8.0,1
EngSt1WdStsChks,BackboneFR,VDDM,VddmBackBoneFr00,46=0=1,5,,True,True,BodyCAN,SMB,CEMBodyFr30,0x370,620,8.0,1
EngSt1WdStsCntr,BackboneFR,VDDM,VddmBackBoneFr00,46=0=1,5,,True,True,BodyCAN,CCM,CEMBodyFr30,0x370,620,4.0,0
EngSt1WdStsCntr,BackboneFR,VDDM,VddmBackBoneFr00,46=0=1,5,,True,True,BodyCAN,SMD,CEMBodyFr30,0x370,620,4.0,1
EngSt1WdStsCntr,BackboneFR,VDDM,VddmBackBoneFr00,46=0=1,5,,True,True,BodyCAN,SMP,CEMBodyFr30,0x370,620,4.0,1
EngSt1WdStsCntr,BackboneFR,VDDM,VddmBackBoneFr00,46=0=1,5,,True,True,BodyCAN,SMB,CEMBodyFr30,0x370,620,4.0,1
EngSt1WdStsCntr,BackboneFR,VDDM,VddmBackBoneFr00,46=0=1,5,,True,True,BodyCAN,SMB,CEMBodyFr30,0x370,620,4.0,1
EngSt1WdStsEngSt1WdSts,BackboneFR,VDDM,VddmBackBoneFr00,46=0=1,5,,True,True,BodyCAN,CCM,CEMBodyFr30,0x370,620,4.0,0
EngSt1WdStsEngSt1WdSts,BackboneFR,VDDM,VddmBackBoneFr00,46=0=1,5,,True,True,BodyCAN,SMD,CEMBodyFr30,0x370,620,4.0,1
EngSt1WdStsEngSt1WdSts,BackboneFR,VDDM,VddmBackBoneFr00,46=0=1,5,,True,True,BodyCAN,SMP,CEMBodyFr30,0x370,620,4.0,1
EngSt1WdStsEngSt1WdSts,BackboneFR,VDDM,VddmBackBoneFr00,46=0=1,5,,True,True,BodyCAN,SMB,CEMBodyFr30,0x370,620,4.0,1
EngSt1WdStsEngSt1WdSts,BackboneFR,VDDM,VddmBackBoneFr00,46=0=1,5,,True,True,BodyCAN,SMB,CEMBodyFr30,0x370,620,4.0,1
EngTEngT,BackboneFR,VDDM,VddmBackBoneFr15,48=3=8,40,,,,BodyCAN,CCM,CEMBodyFr19,0x210,235,8.0,0
EngTQf,BackboneFR,VDDM,VddmBackBoneFr15,48=3=8,40,,,,BodyCAN,CCM,CEMBodyFr19,0x210,235,2.0,0
EpbStsChks,BackboneFR,VDDM,BcmVddmBackBoneFr00,55=0=1,5,,True,True,ConnectivityCANFD,BNCM,BgmConnectivityFr12,0x210,20,8.0,0
EpbStsCntr,BackboneFR,VDDM,BcmVddmBackBoneFr00,55=0=1,5,,True,True,ConnectivityCANFD,BNCM,BgmConnectivityFr12,0x210,20,4.0,0
EpbStsEpbSts,BackboneFR,VDDM,BcmVddmBackBoneFr00,55=0=1,5,,True,True,ConnectivityCANFD,BNCM,BgmConnectivityFr12,0x210,20,4.0,0
EvaprTFrntEvaprTFrnt,BodyCAN,CCM,CcmBodyFr01,0x0B1,20,,,,BackboneFR,VDDM,CemBackBoneFr03,37=0=2,10,13.0,0
EvaprTFrntEvaprTQf,BodyCAN,CCM,CcmBodyFr01,0x0B1,20,,,,BackboneFR,VDDM,CemBackBoneFr03,37=0=2,10,1.0,0
EvaprTReEvaprTFrnt,BodyCAN,CCM,CcmBodyFr57,0x325,135,,,,BackboneFR,VDDM,CemBackBoneFr12,39=6=16,80,13.0,0
EvaprTReEvaprTQf,BodyCAN,CCM,CcmBodyFr57,0x325,135,,,,BackboneFR,VDDM,CemBackBoneFr12,39=6=16,80,1.0,0
FrntLeftRdrObj1ObjBoxCenterLat,ConnectivityCANFD,DRMFL,DrmflConnectivityFr01,0x1F0,EventTriggered,,,,ADCANFD,ACU,BgmADCANFDFr06,0x1F0,EventTriggered,8.0,0
FrntLeftRdrObj1ObjBoxCenterLgt,ConnectivityCANFD,DRMFL,DrmflConnectivityFr01,0x1F0,EventTriggered,,,,ADCANFD,ACU,BgmADCANFDFr06,0x1F0,EventTriggered,8.0,0
FrntLeftRdrObj1RdrObjChks,ConnectivityCANFD,DRMFL,DrmflConnectivityFr01,0x1F0,EventTriggered,,True,True,ADCANFD,ACU,BgmADCANFDFr06,0x1F0,EventTriggered,8.0,0
FrntLeftRdrObj1RdrObjCntr,ConnectivityCANFD,DRMFL,DrmflConnectivityFr01,0x1F0,EventTriggered,,True,True,ADCANFD,ACU,BgmADCANFDFr06,0x1F0,EventTriggered,4.0,0
FrntLeftRdrObj1RdrObjDx,ConnectivityCANFD,DRMFL,DrmflConnectivityFr01,0x1F0,EventTriggered,,True,True,ADCANFD,ACU,BgmADCANFDFr06,0x1F0,EventTriggered,12.0,0
FrntLeftRdrObj1RdrObjDxStdDe,ConnectivityCANFD,DRMFL,DrmflConnectivityFr01,0x1F0,EventTriggered,,True,True,ADCANFD,ACU,BgmADCANFDFr06,0x1F0,EventTriggered,11.0,0
FrntLeftRdrObj1RdrObjDy,ConnectivityCANFD,DRMFL,DrmflConnectivityFr01,0x1F0,EventTriggered,,True,True,ADCANFD,ACU,BgmADCANFDFr06,0x1F0,EventTriggered,12.0,0
FrntLeftRdrObj1RdrObjDyStdDe,ConnectivityCANFD,DRMFL,DrmflConnectivityFr01,0x1F0,EventTriggered,,True,True,ADCANFD,ACU,BgmADCANFDFr06,0x1F0,EventTriggered,11.0,0
FrntLeftRdrObj1RdrObjDynProp,ConnectivityCANFD,DRMFL,DrmflConnectivityFr01,0x1F0,EventTriggered,,True,True,ADCANFD,ACU,BgmADCANFDFr06,0x1F0,EventTriggered,1.0,0
FrntLeftRdrObj1RdrObjExistProb,ConnectivityCANFD,DRMFL,DrmflConnectivityFr01,0x1F0,EventTriggered,,True,True,ADCANFD,ACU,BgmADCANFDFr06,0x1F0,EventTriggered,10.0,0
FrntLeftRdrObj1RdrObjHeight,ConnectivityCANFD,DRMFL,DrmflConnectivityFr01,0x1F0,EventTriggered,,True,True,ADCANFD,ACU,BgmADCANFDFr06,0x1F0,EventTriggered,10.0,0
FrntLeftRdrObj1RdrObjHeightStdDe,ConnectivityCANFD,DRMFL,DrmflConnectivityFr01,0x1F0,EventTriggered,,True,True,ADCANFD,ACU,BgmADCANFDFr06,0x1F0,EventTriggered,10.0,0
FrntLeftRdrObj1RdrObjID,ConnectivityCANFD,DRMFL,DrmflConnectivityFr01,0x1F0,EventTriggered,,True,True,ADCANFD,ACU,BgmADCANFDFr06,0x1F0,EventTriggered,6.0,0
FrntLeftRdrObj1RdrObjLifeCycle,ConnectivityCANFD,DRMFL,DrmflConnectivityFr01,0x1F0,EventTriggered,,True,True,ADCANFD,ACU,BgmADCANFDFr06,0x1F0,EventTriggered,7.0,0
FrntLeftRdrObj1RdrObjPwr,ConnectivityCANFD,DRMFL,DrmflConnectivityFr01,0x1F0,EventTriggered,,True,True,ADCANFD,ACU,BgmADCANFDFr06,0x1F0,EventTriggered,8.0,0
FrntLeftRdrObj1RdrObjVx,ConnectivityCANFD,DRMFL,DrmflConnectivityFr01,0x1F0,EventTriggered,,True,True,ADCANFD,ACU,BgmADCANFDFr06,0x1F0,EventTriggered,11.0,0
FrntLeftRdrObj1RdrObjVxStdDe,ConnectivityCANFD,DRMFL,DrmflConnectivityFr01,0x1F0,EventTriggered,,True,True,ADCANFD,ACU,BgmADCANFDFr06,0x1F0,EventTriggered,10.0,0
FrntLeftRdrObj1RdrObjVy,ConnectivityCANFD,DRMFL,DrmflConnectivityFr01,0x1F0,EventTriggered,,True,True,ADCANFD,ACU,BgmADCANFDFr06,0x1F0,EventTriggered,11.0,0
FrntLeftRdrObj1RdrObjVyStdDe,ConnectivityCANFD,DRMFL,DrmflConnectivityFr01,0x1F0,EventTriggered,,True,True,ADCANFD,ACU,BgmADCANFDFr06,0x1F0,EventTriggered,10.0,0
FrntLeftRdrObj10ObjBoxCenterLat,ConnectivityCANFD,DRMFL,DrmflConnectivityFr04,0x1F3,EventTriggered,,,,ADCANFD,ACU,BgmADCANFDFr09,0x1F3,EventTriggered,8.0,0
FrntLeftRdrObj10ObjBoxCenterLgt,ConnectivityCANFD,DRMFL,DrmflConnectivityFr04,0x1F3,EventTriggered,,,,ADCANFD,ACU,BgmADCANFDFr09,0x1F3,EventTriggered,8.0,0
FrntLeftRdrObj10RdrObjChks,ConnectivityCANFD,DRMFL,DrmflConnectivityFr04,0x1F3,EventTriggered,,True,True,ADCANFD,ACU,BgmADCANFDFr09,0x1F3,EventTriggered,8.0,0
FrntLeftRdrObj10RdrObjCntr,ConnectivityCANFD,DRMFL,DrmflConnectivityFr04,0x1F3,EventTriggered,,True,True,ADCANFD,ACU,BgmADCANFDFr09,0x1F3,EventTriggered,4.0,0
FrntLeftRdrObj10RdrObjDx,ConnectivityCANFD,DRMFL,DrmflConnectivityFr04,0x1F3,EventTriggered,,True,True,ADCANFD,ACU,BgmADCANFDFr09,0x1F3,EventTriggered,12.0,0
FrntLeftRdrObj10RdrObjDxStdDe,ConnectivityCANFD,DRMFL,DrmflConnectivityFr04,0x1F3,EventTriggered,,True,True,ADCANFD,ACU,BgmADCANFDFr09,0x1F3,EventTriggered,11.0,0
FrntLeftRdrObj10RdrObjDy,ConnectivityCANFD,DRMFL,DrmflConnectivityFr04,0x1F3,EventTriggered,,True,True,ADCANFD,ACU,BgmADCANFDFr09,0x1F3,EventTriggered,12.0,0
FrntLeftRdrObj10RdrObjDyStdDe,ConnectivityCANFD,DRMFL,DrmflConnectivityFr04,0x1F3,EventTriggered,,True,True,ADCANFD,ACU,BgmADCANFDFr09,0x1F3,EventTriggered,11.0,0
FrntLeftRdrObj10RdrObjDynProp,ConnectivityCANFD,DRMFL,DrmflConnectivityFr04,0x1F3,EventTriggered,,True,True,ADCANFD,ACU,BgmADCANFDFr09,0x1F3,EventTriggered,1.0,0
FrntLeftRdrObj10RdrObjExistProb,ConnectivityCANFD,DRMFL,DrmflConnectivityFr04,0x1F3,EventTriggered,,True,True,ADCANFD,ACU,BgmADCANFDFr09,0x1F3,EventTriggered,10.0,0
FrntLeftRdrObj10RdrObjHeight,ConnectivityCANFD,DRMFL,DrmflConnectivityFr04,0x1F3,EventTriggered,,True,True,ADCANFD,ACU,BgmADCANFDFr09,0x1F3,EventTriggered,10.0,0
FrntLeftRdrObj10RdrObjHeightStdDe,ConnectivityCANFD,DRMFL,DrmflConnectivityFr04,0x1F3,EventTriggered,,True,True,ADCANFD,ACU,BgmADCANFDFr09,0x1F3,EventTriggered,10.0,0
FrntLeftRdrObj10RdrObjID,ConnectivityCANFD,DRMFL,DrmflConnectivityFr04,0x1F3,EventTriggered,,True,True,ADCANFD,ACU,BgmADCANFDFr09,0x1F3,EventTriggered,6.0,0
FrntLeftRdrObj10RdrObjLifeCycle,ConnectivityCANFD,DRMFL,DrmflConnectivityFr04,0x1F3,EventTriggered,,True,True,ADCANFD,ACU,BgmADCANFDFr09,0x1F3,EventTriggered,7.0,0
FrntLeftRdrObj10RdrObjPwr,ConnectivityCANFD,DRMFL,DrmflConnectivityFr04,0x1F3,EventTriggered,,True,True,ADCANFD,ACU,BgmADCANFDFr09,0x1F3,EventTriggered,8.0,0
FrntLeftRdrObj10RdrObjVx,ConnectivityCANFD,DRMFL,DrmflConnectivityFr04,0x1F3,EventTriggered,,True,True,ADCANFD,ACU,BgmADCANFDFr09,0x1F3,EventTriggered,11.0,0
FrntLeftRdrObj10RdrObjVxStdDe,ConnectivityCANFD,DRMFL,DrmflConnectivityFr04,0x1F3,EventTriggered,,True,True,ADCANFD,ACU,BgmADCANFDFr09,0x1F3,EventTriggered,10.0,0
FrntLeftRdrObj10RdrObjVy,ConnectivityCANFD,DRMFL,DrmflConnectivityFr04,0x1F3,EventTriggered,,True,True,ADCANFD,ACU,BgmADCANFDFr09,0x1F3,EventTriggered,11.0,0
FrntLeftRdrObj10RdrObjVyStdDe,ConnectivityCANFD,DRMFL,DrmflConnectivityFr04,0x1F3,EventTriggered,,True,True,ADCANFD,ACU,BgmADCANFDFr09,0x1F3,EventTriggered,10.0,0
FrntLeftRdrObj11ObjBoxCenterLat,ConnectivityCANFD,DRMFL,DrmflConnectivityFr04,0x1F3,EventTriggered,,,,ADCANFD,ACU,BgmADCANFDFr09,0x1F3,EventTriggered,8.0,0
FrntLeftRdrObj11ObjBoxCenterLgt,ConnectivityCANFD,DRMFL,DrmflConnectivityFr04,0x1F3,EventTriggered,,,,ADCANFD,ACU,BgmADCANFDFr09,0x1F3,EventTriggered,8.0,0
FrntLeftRdrObj11RdrObjChks,ConnectivityCANFD,DRMFL,DrmflConnectivityFr04,0x1F3,EventTriggered,,True,True,ADCANFD,ACU,BgmADCANFDFr09,0x1F3,EventTriggered,8.0,0
FrntLeftRdrObj11RdrObjCntr,ConnectivityCANFD,DRMFL,DrmflConnectivityFr04,0x1F3,EventTriggered,,True,True,ADCANFD,ACU,BgmADCANFDFr09,0x1F3,EventTriggered,4.0,0
FrntLeftRdrObj11RdrObjDx,ConnectivityCANFD,DRMFL,DrmflConnectivityFr04,0x1F3,EventTriggered,,True,True,ADCANFD,ACU,BgmADCANFDFr09,0x1F3,EventTriggered,12.0,0
FrntLeftRdrObj11RdrObjDxStdDe,ConnectivityCANFD,DRMFL,DrmflConnectivityFr04,0x1F3,EventTriggered,,True,True,ADCANFD,ACU,BgmADCANFDFr09,0x1F3,EventTriggered,11.0,0
FrntLeftRdrObj11RdrObjDy,ConnectivityCANFD,DRMFL,DrmflConnectivityFr04,0x1F3,EventTriggered,,True,True,ADCANFD,ACU,BgmADCANFDFr09,0x1F3,EventTriggered,12.0,0
FrntLeftRdrObj11RdrObjDyStdDe,ConnectivityCANFD,DRMFL,DrmflConnectivityFr04,0x1F3,EventTriggered,,True,True,ADCANFD,ACU,BgmADCANFDFr09,0x1F3,EventTriggered,11.0,0
FrntLeftRdrObj11RdrObjDynProp,ConnectivityCANFD,DRMFL,DrmflConnectivityFr04,0x1F3,EventTriggered,,True,True,ADCANFD,ACU,BgmADCANFDFr09,0x1F3,EventTriggered,1.0,0
FrntLeftRdrObj11RdrObjExistProb,ConnectivityCANFD,DRMFL,DrmflConnectivityFr04,0x1F3,EventTriggered,,True,True,ADCANFD,ACU,BgmADCANFDFr09,0x1F3,EventTriggered,10.0,0
FrntLeftRdrObj11RdrObjHeight,ConnectivityCANFD,DRMFL,DrmflConnectivityFr04,0x1F3,EventTriggered,,True,True,ADCANFD,ACU,BgmADCANFDFr09,0x1F3,EventTriggered,10.0,0
FrntLeftRdrObj11RdrObjHeightStdDe,ConnectivityCANFD,DRMFL,DrmflConnectivityFr04,0x1F3,EventTriggered,,True,True,ADCANFD,ACU,BgmADCANFDFr09,0x1F3,EventTriggered,10.0,0
FrntLeftRdrObj11RdrObjID,ConnectivityCANFD,DRMFL,DrmflConnectivityFr04,0x1F3,EventTriggered,,True,True,ADCANFD,ACU,BgmADCANFDFr09,0x1F3,EventTriggered,6.0,0
FrntLeftRdrObj11RdrObjLifeCycle,ConnectivityCANFD,DRMFL,DrmflConnectivityFr04,0x1F3,EventTriggered,,True,True,ADCANFD,ACU,BgmADCANFDFr09,0x1F3,EventTriggered,7.0,0
FrntLeftRdrObj11RdrObjPwr,ConnectivityCANFD,DRMFL,DrmflConnectivityFr04,0x1F3,EventTriggered,,True,True,ADCANFD,ACU,BgmADCANFDFr09,0x1F3,EventTriggered,8.0,0
FrntLeftRdrObj11RdrObjVx,ConnectivityCANFD,DRMFL,DrmflConnectivityFr04,0x1F3,EventTriggered,,True,True,ADCANFD,ACU,BgmADCANFDFr09,0x1F3,EventTriggered,11.0,0
FrntLeftRdrObj11RdrObjVxStdDe,ConnectivityCANFD,DRMFL,DrmflConnectivityFr04,0x1F3,EventTriggered,,True,True,ADCANFD,ACU,BgmADCANFDFr09,0x1F3,EventTriggered,10.0,0
FrntLeftRdrObj11RdrObjVy,ConnectivityCANFD,DRMFL,DrmflConnectivityFr04,0x1F3,EventTriggered,,True,True,ADCANFD,ACU,BgmADCANFDFr09,0x1F3,EventTriggered,11.0,0
FrntLeftRdrObj11RdrObjVyStdDe,ConnectivityCANFD,DRMFL,DrmflConnectivityFr04,0x1F3,EventTriggered,,True,True,ADCANFD,ACU,BgmADCANFDFr09,0x1F3,EventTriggered,10.0,0
FrntLeftRdrObj12ObjBoxCenterLat,ConnectivityCANFD,DRMFL,DrmflConnectivityFr04,0x1F3,EventTriggered,,,,ADCANFD,ACU,BgmADCANFDFr09,0x1F3,EventTriggered,8.0,0
FrntLeftRdrObj12ObjBoxCenterLgt,ConnectivityCANFD,DRMFL,DrmflConnectivityFr04,0x1F3,EventTriggered,,,,ADCANFD,ACU,BgmADCANFDFr09,0x1F3,EventTriggered,8.0,0
FrntLeftRdrObj12RdrObjChks,ConnectivityCANFD,DRMFL,DrmflConnectivityFr04,0x1F3,EventTriggered,,True,True,ADCANFD,ACU,BgmADCANFDFr09,0x1F3,EventTriggered,8.0,0
FrntLeftRdrObj12RdrObjCntr,ConnectivityCANFD,DRMFL,DrmflConnectivityFr04,0x1F3,EventTriggered,,True,True,ADCANFD,ACU,BgmADCANFDFr09,0x1F3,EventTriggered,4.0,0
FrntLeftRdrObj12RdrObjDx,ConnectivityCANFD,DRMFL,DrmflConnectivityFr04,0x1F3,EventTriggered,,True,True,ADCANFD,ACU,BgmADCANFDFr09,0x1F3,EventTriggered,12.0,0
FrntLeftRdrObj12RdrObjDxStdDe,ConnectivityCANFD,DRMFL,DrmflConnectivityFr04,0x1F3,EventTriggered,,True,True,ADCANFD,ACU,BgmADCANFDFr09,0x1F3,EventTriggered,11.0,0
FrntLeftRdrObj12RdrObjDy,ConnectivityCANFD,DRMFL,DrmflConnectivityFr04,0x1F3,EventTriggered,,True,True,ADCANFD,ACU,BgmADCANFDFr09,0x1F3,EventTriggered,12.0,0
FrntLeftRdrObj12RdrObjDyStdDe,ConnectivityCANFD,DRMFL,DrmflConnectivityFr04,0x1F3,EventTriggered,,True,True,ADCANFD,ACU,BgmADCANFDFr09,0x1F3,EventTriggered,11.0,0
FrntLeftRdrObj12RdrObjDynProp,ConnectivityCANFD,DRMFL,DrmflConnectivityFr04,0x1F3,EventTriggered,,True,True,ADCANFD,ACU,BgmADCANFDFr09,0x1F3,EventTriggered,1.0,0
FrntLeftRdrObj12RdrObjExistProb,ConnectivityCANFD,DRMFL,DrmflConnectivityFr04,0x1F3,EventTriggered,,True,True,ADCANFD,ACU,BgmADCANFDFr09,0x1F3,EventTriggered,10.0,0
FrntLeftRdrObj12RdrObjHeight,ConnectivityCANFD,DRMFL,DrmflConnectivityFr04,0x1F3,EventTriggered,,True,True,ADCANFD,ACU,BgmADCANFDFr09,0x1F3,EventTriggered,10.0,0
FrntLeftRdrObj12RdrObjHeightStdDe,ConnectivityCANFD,DRMFL,DrmflConnectivityFr04,0x1F3,EventTriggered,,True,True,ADCANFD,ACU,BgmADCANFDFr09,0x1F3,EventTriggered,10.0,0
FrntLeftRdrObj12RdrObjID,ConnectivityCANFD,DRMFL,DrmflConnectivityFr04,0x1F3,EventTriggered,,True,True,ADCANFD,ACU,BgmADCANFDFr09,0x1F3,EventTriggered,6.0,0
FrntLeftRdrObj12RdrObjLifeCycle,ConnectivityCANFD,DRMFL,DrmflConnectivityFr04,0x1F3,EventTriggered,,True,True,ADCANFD,ACU,BgmADCANFDFr09,0x1F3,EventTriggered,7.0,0
FrntLeftRdrObj12RdrObjPwr,ConnectivityCANFD,DRMFL,DrmflConnectivityFr04,0x1F3,EventTriggered,,True,True,ADCANFD,ACU,BgmADCANFDFr09,0x1F3,EventTriggered,8.0,0
FrntLeftRdrObj12RdrObjVx,ConnectivityCANFD,DRMFL,DrmflConnectivityFr04,0x1F3,EventTriggered,,True,True,ADCANFD,ACU,BgmADCANFDFr09,0x1F3,EventTriggered,11.0,0
FrntLeftRdrObj12RdrObjVxStdDe,ConnectivityCANFD,DRMFL,DrmflConnectivityFr04,0x1F3,EventTriggered,,True,True,ADCANFD,ACU,BgmADCANFDFr09,0x1F3,EventTriggered,10.0,0
FrntLeftRdrObj12RdrObjVy,ConnectivityCANFD,DRMFL,DrmflConnectivityFr04,0x1F3,EventTriggered,,True,True,ADCANFD,ACU,BgmADCANFDFr09,0x1F3,EventTriggered,11.0,0
FrntLeftRdrObj12RdrObjVyStdDe,ConnectivityCANFD,DRMFL,DrmflConnectivityFr04,0x1F3,EventTriggered,,True,True,ADCANFD,ACU,BgmADCANFDFr09,0x1F3,EventTriggered,10.0,0
FrntLeftRdrObj13ObjBoxCenterLat,ConnectivityCANFD,DRMFL,DrmflConnectivityFr05,0x1F4,EventTriggered,,,,ADCANFD,ACU,BgmADCANFDFr10,0x1F4,EventTriggered,8.0,0
FrntLeftRdrObj13ObjBoxCenterLgt,ConnectivityCANFD,DRMFL,DrmflConnectivityFr05,0x1F4,EventTriggered,,,,ADCANFD,ACU,BgmADCANFDFr10,0x1F4,EventTriggered,8.0,0
FrntLeftRdrObj13RdrObjChks,ConnectivityCANFD,DRMFL,DrmflConnectivityFr05,0x1F4,EventTriggered,,True,True,ADCANFD,ACU,BgmADCANFDFr10,0x1F4,EventTriggered,8.0,0
FrntLeftRdrObj13RdrObjCntr,ConnectivityCANFD,DRMFL,DrmflConnectivityFr05,0x1F4,EventTriggered,,True,True,ADCANFD,ACU,BgmADCANFDFr10,0x1F4,EventTriggered,4.0,0
FrntLeftRdrObj13RdrObjDx,ConnectivityCANFD,DRMFL,DrmflConnectivityFr05,0x1F4,EventTriggered,,True,True,ADCANFD,ACU,BgmADCANFDFr10,0x1F4,EventTriggered,12.0,0
FrntLeftRdrObj13RdrObjDxStdDe,ConnectivityCANFD,DRMFL,DrmflConnectivityFr05,0x1F4,EventTriggered,,True,True,ADCANFD,ACU,BgmADCANFDFr10,0x1F4,EventTriggered,11.0,0
FrntLeftRdrObj13RdrObjDy,ConnectivityCANFD,DRMFL,DrmflConnectivityFr05,0x1F4,EventTriggered,,True,True,ADCANFD,ACU,BgmADCANFDFr10,0x1F4,EventTriggered,12.0,0
FrntLeftRdrObj13RdrObjDyStdDe,ConnectivityCANFD,DRMFL,DrmflConnectivityFr05,0x1F4,EventTriggered,,True,True,ADCANFD,ACU,BgmADCANFDFr10,0x1F4,EventTriggered,11.0,0
FrntLeftRdrObj13RdrObjDynProp,ConnectivityCANFD,DRMFL,DrmflConnectivityFr05,0x1F4,EventTriggered,,True,True,ADCANFD,ACU,BgmADCANFDFr10,0x1F4,EventTriggered,1.0,0
FrntLeftRdrObj13RdrObjExistProb,ConnectivityCANFD,DRMFL,DrmflConnectivityFr05,0x1F4,EventTriggered,,True,True,ADCANFD,ACU,BgmADCANFDFr10,0x1F4,EventTriggered,10.0,0
FrntLeftRdrObj13RdrObjHeight,ConnectivityCANFD,DRMFL,DrmflConnectivityFr05,0x1F4,EventTriggered,,True,True,ADCANFD,ACU,BgmADCANFDFr10,0x1F4,EventTriggered,10.0,0
FrntLeftRdrObj13RdrObjHeightStdDe,ConnectivityCANFD,DRMFL,DrmflConnectivityFr05,0x1F4,EventTriggered,,True,True,ADCANFD,ACU,BgmADCANFDFr10,0x1F4,EventTriggered,10.0,0
FrntLeftRdrObj13RdrObjID,ConnectivityCANFD,DRMFL,DrmflConnectivityFr05,0x1F4,EventTriggered,,True,True,ADCANFD,ACU,BgmADCANFDFr10,0x1F4,EventTriggered,6.0,0
FrntLeftRdrObj13RdrObjLifeCycle,ConnectivityCANFD,DRMFL,DrmflConnectivityFr05,0x1F4,EventTriggered,,True,True,ADCANFD,ACU,BgmADCANFDFr10,0x1F4,EventTriggered,7.0,0
FrntLeftRdrObj13RdrObjPwr,ConnectivityCANFD,DRMFL,DrmflConnectivityFr05,0x1F4,EventTriggered,,True,True,ADCANFD,ACU,BgmADCANFDFr10,0x1F4,EventTriggered,8.0,0
FrntLeftRdrObj13RdrObjVx,ConnectivityCANFD,DRMFL,DrmflConnectivityFr05,0x1F4,EventTriggered,,True,True,ADCANFD,ACU,BgmADCANFDFr10,0x1F4,EventTriggered,11.0,0
FrntLeftRdrObj13RdrObjVxStdDe,ConnectivityCANFD,DRMFL,DrmflConnectivityFr05,0x1F4,EventTriggered,,True,True,ADCANFD,ACU,BgmADCANFDFr10,0x1F4,EventTriggered,10.0,0
FrntLeftRdrObj13RdrObjVy,ConnectivityCANFD,DRMFL,DrmflConnectivityFr05,0x1F4,EventTriggered,,True,True,ADCANFD,ACU,BgmADCANFDFr10,0x1F4,EventTriggered,11.0,0
FrntLeftRdrObj13RdrObjVyStdDe,ConnectivityCANFD,DRMFL,DrmflConnectivityFr05,0x1F4,EventTriggered,,True,True,ADCANFD,ACU,BgmADCANFDFr10,0x1F4,EventTriggered,10.0,0
FrntLeftRdrObj14ObjBoxCenterLat,ConnectivityCANFD,DRMFL,DrmflConnectivityFr05,0x1F4,EventTriggered,,,,ADCANFD,ACU,BgmADCANFDFr10,0x1F4,EventTriggered,8.0,0
FrntLeftRdrObj14ObjBoxCenterLgt,ConnectivityCANFD,DRMFL,DrmflConnectivityFr05,0x1F4,EventTriggered,,,,ADCANFD,ACU,BgmADCANFDFr10,0x1F4,EventTriggered,8.0,0
FrntLeftRdrObj14RdrObjChks,ConnectivityCANFD,DRMFL,DrmflConnectivityFr05,0x1F4,EventTriggered,,True,True,ADCANFD,ACU,BgmADCANFDFr10,0x1F4,EventTriggered,8.0,0
FrntLeftRdrObj14RdrObjCntr,ConnectivityCANFD,DRMFL,DrmflConnectivityFr05,0x1F4,EventTriggered,,True,True,ADCANFD,ACU,BgmADCANFDFr10,0x1F4,EventTriggered,4.0,0
FrntLeftRdrObj14RdrObjDx,ConnectivityCANFD,DRMFL,DrmflConnectivityFr05,0x1F4,EventTriggered,,True,True,ADCANFD,ACU,BgmADCANFDFr10,0x1F4,EventTriggered,12.0,0
FrntLeftRdrObj14RdrObjDxStdDe,ConnectivityCANFD,DRMFL,DrmflConnectivityFr05,0x1F4,EventTriggered,,True,True,ADCANFD,ACU,BgmADCANFDFr10,0x1F4,EventTriggered,11.0,0
FrntLeftRdrObj14RdrObjDy,ConnectivityCANFD,DRMFL,DrmflConnectivityFr05,0x1F4,EventTriggered,,True,True,ADCANFD,ACU,BgmADCANFDFr10,0x1F4,EventTriggered,12.0,0
FrntLeftRdrObj14RdrObjDyStdDe,ConnectivityCANFD,DRMFL,DrmflConnectivityFr05,0x1F4,EventTriggered,,True,True,ADCANFD,ACU,BgmADCANFDFr10,0x1F4,EventTriggered,11.0,0
FrntLeftRdrObj14RdrObjDynProp,ConnectivityCANFD,DRMFL,DrmflConnectivityFr05,0x1F4,EventTriggered,,True,True,ADCANFD,ACU,BgmADCANFDFr10,0x1F4,EventTriggered,1.0,0
FrntLeftRdrObj14RdrObjExistProb,ConnectivityCANFD,DRMFL,DrmflConnectivityFr05,0x1F4,EventTriggered,,True,True,ADCANFD,ACU,BgmADCANFDFr10,0x1F4,EventTriggered,10.0,0
FrntLeftRdrObj14RdrObjHeight,ConnectivityCANFD,DRMFL,DrmflConnectivityFr05,0x1F4,EventTriggered,,True,True,ADCANFD,ACU,BgmADCANFDFr10,0x1F4,EventTriggered,10.0,0
FrntLeftRdrObj14RdrObjHeightStdDe,ConnectivityCANFD,DRMFL,DrmflConnectivityFr05,0x1F4,EventTriggered,,True,True,ADCANFD,ACU,BgmADCANFDFr10,0x1F4,EventTriggered,10.0,0
FrntLeftRdrObj14RdrObjID,ConnectivityCANFD,DRMFL,DrmflConnectivityFr05,0x1F4,EventTriggered,,True,True,ADCANFD,ACU,BgmADCANFDFr10,0x1F4,EventTriggered,6.0,0
FrntLeftRdrObj14RdrObjLifeCycle,ConnectivityCANFD,DRMFL,DrmflConnectivityFr05,0x1F4,EventTriggered,,True,True,ADCANFD,ACU,BgmADCANFDFr10,0x1F4,EventTriggered,7.0,0
FrntLeftRdrObj14RdrObjPwr,ConnectivityCANFD,DRMFL,DrmflConnectivityFr05,0x1F4,EventTriggered,,True,True,ADCANFD,ACU,BgmADCANFDFr10,0x1F4,EventTriggered,8.0,0
FrntLeftRdrObj14RdrObjVx,ConnectivityCANFD,DRMFL,DrmflConnectivityFr05,0x1F4,EventTriggered,,True,True,ADCANFD,ACU,BgmADCANFDFr10,0x1F4,EventTriggered,11.0,0
FrntLeftRdrObj14RdrObjVxStdDe,ConnectivityCANFD,DRMFL,DrmflConnectivityFr05,0x1F4,EventTriggered,,True,True,ADCANFD,ACU,BgmADCANFDFr10,0x1F4,EventTriggered,10.0,0
FrntLeftRdrObj14RdrObjVy,ConnectivityCANFD,DRMFL,DrmflConnectivityFr05,0x1F4,EventTriggered,,True,True,ADCANFD,ACU,BgmADCANFDFr10,0x1F4,EventTriggered,11.0,0
FrntLeftRdrObj14RdrObjVyStdDe,ConnectivityCANFD,DRMFL,DrmflConnectivityFr05,0x1F4,EventTriggered,,True,True,ADCANFD,ACU,BgmADCANFDFr10,0x1F4,EventTriggered,10.0,0
FrntLeftRdrObj15ObjBoxCenterLat,ConnectivityCANFD,DRMFL,DrmflConnectivityFr05,0x1F4,EventTriggered,,,,ADCANFD,ACU,BgmADCANFDFr10,0x1F4,EventTriggered,8.0,0
FrntLeftRdrObj15ObjBoxCenterLgt,ConnectivityCANFD,DRMFL,DrmflConnectivityFr05,0x1F4,EventTriggered,,,,ADCANFD,ACU,BgmADCANFDFr10,0x1F4,EventTriggered,8.0,0
FrntLeftRdrObj15RdrObjChks,ConnectivityCANFD,DRMFL,DrmflConnectivityFr05,0x1F4,EventTriggered,,True,True,ADCANFD,ACU,BgmADCANFDFr10,0x1F4,EventTriggered,8.0,0
FrntLeftRdrObj15RdrObjCntr,ConnectivityCANFD,DRMFL,DrmflConnectivityFr05,0x1F4,EventTriggered,,True,True,ADCANFD,ACU,BgmADCANFDFr10,0x1F4,EventTriggered,4.0,0
FrntLeftRdrObj15RdrObjDx,ConnectivityCANFD,DRMFL,DrmflConnectivityFr05,0x1F4,EventTriggered,,True,True,ADCANFD,ACU,BgmADCANFDFr10,0x1F4,EventTriggered,12.0,0
FrntLeftRdrObj15RdrObjDxStdDe,ConnectivityCANFD,DRMFL,DrmflConnectivityFr05,0x1F4,EventTriggered,,True,True,ADCANFD,ACU,BgmADCANFDFr10,0x1F4,EventTriggered,11.0,0
FrntLeftRdrObj15RdrObjDy,ConnectivityCANFD,DRMFL,DrmflConnectivityFr05,0x1F4,EventTriggered,,True,True,ADCANFD,ACU,BgmADCANFDFr10,0x1F4,EventTriggered,12.0,0
FrntLeftRdrObj15RdrObjDyStdDe,ConnectivityCANFD,DRMFL,DrmflConnectivityFr05,0x1F4,EventTriggered,,True,True,ADCANFD,ACU,BgmADCANFDFr10,0x1F4,EventTriggered,11.0,0
FrntLeftRdrObj15RdrObjDynProp,ConnectivityCANFD,DRMFL,DrmflConnectivityFr05,0x1F4,EventTriggered,,True,True,ADCANFD,ACU,BgmADCANFDFr10,0x1F4,EventTriggered,1.0,0
FrntLeftRdrObj15RdrObjExistProb,ConnectivityCANFD,DRMFL,DrmflConnectivityFr05,0x1F4,EventTriggered,,True,True,ADCANFD,ACU,BgmADCANFDFr10,0x1F4,EventTriggered,10.0,0
FrntLeftRdrObj15RdrObjHeight,ConnectivityCANFD,DRMFL,DrmflConnectivityFr05,0x1F4,EventTriggered,,True,True,ADCANFD,ACU,BgmADCANFDFr10,0x1F4,EventTriggered,10.0,0
FrntLeftRdrObj15RdrObjHeightStdDe,ConnectivityCANFD,DRMFL,DrmflConnectivityFr05,0x1F4,EventTriggered,,True,True,ADCANFD,ACU,BgmADCANFDFr10,0x1F4,EventTriggered,10.0,0
FrntLeftRdrObj15RdrObjID,ConnectivityCANFD,DRMFL,DrmflConnectivityFr05,0x1F4,EventTriggered,,True,True,ADCANFD,ACU,BgmADCANFDFr10,0x1F4,EventTriggered,6.0,0
FrntLeftRdrObj15RdrObjLifeCycle,ConnectivityCANFD,DRMFL,DrmflConnectivityFr05,0x1F4,EventTriggered,,True,True,ADCANFD,ACU,BgmADCANFDFr10,0x1F4,EventTriggered,7.0,0
FrntLeftRdrObj15RdrObjPwr,ConnectivityCANFD,DRMFL,DrmflConnectivityFr05,0x1F4,EventTriggered,,True,True,ADCANFD,ACU,BgmADCANFDFr10,0x1F4,EventTriggered,8.0,0
FrntLeftRdrObj15RdrObjVx,ConnectivityCANFD,DRMFL,DrmflConnectivityFr05,0x1F4,EventTriggered,,True,True,ADCANFD,ACU,BgmADCANFDFr10,0x1F4,EventTriggered,11.0,0
FrntLeftRdrObj15RdrObjVxStdDe,ConnectivityCANFD,DRMFL,DrmflConnectivityFr05,0x1F4,EventTriggered,,True,True,ADCANFD,ACU,BgmADCANFDFr10,0x1F4,EventTriggered,10.0,0
FrntLeftRdrObj15RdrObjVy,ConnectivityCANFD,DRMFL,DrmflConnectivityFr05,0x1F4,EventTriggered,,True,True,ADCANFD,ACU,BgmADCANFDFr10,0x1F4,EventTriggered,11.0,0
FrntLeftRdrObj15RdrObjVyStdDe,ConnectivityCANFD,DRMFL,DrmflConnectivityFr05,0x1F4,EventTriggered,,True,True,ADCANFD,ACU,BgmADCANFDFr10,0x1F4,EventTriggered,10.0,0
FrntLeftRdrObj16ObjBoxCenterLat,ConnectivityCANFD,DRMFL,DrmflConnectivityFr06,0x1F5,EventTriggered,,,,ADCANFD,ACU,BgmADCANFDFr11,0x1F5,EventTriggered,8.0,0
FrntLeftRdrObj16ObjBoxCenterLgt,ConnectivityCANFD,DRMFL,DrmflConnectivityFr06,0x1F5,EventTriggered,,,,ADCANFD,ACU,BgmADCANFDFr11,0x1F5,EventTriggered,8.0,0
FrntLeftRdrObj16RdrObjChks,ConnectivityCANFD,DRMFL,DrmflConnectivityFr06,0x1F5,EventTriggered,,True,True,ADCANFD,ACU,BgmADCANFDFr11,0x1F5,EventTriggered,8.0,0
FrntLeftRdrObj16RdrObjCntr,ConnectivityCANFD,DRMFL,DrmflConnectivityFr06,0x1F5,EventTriggered,,True,True,ADCANFD,ACU,BgmADCANFDFr11,0x1F5,EventTriggered,4.0,0
FrntLeftRdrObj16RdrObjDx,ConnectivityCANFD,DRMFL,DrmflConnectivityFr06,0x1F5,EventTriggered,,True,True,ADCANFD,ACU,BgmADCANFDFr11,0x1F5,EventTriggered,12.0,0
FrntLeftRdrObj16RdrObjDxStdDe,ConnectivityCANFD,DRMFL,DrmflConnectivityFr06,0x1F5,EventTriggered,,True,True,ADCANFD,ACU,BgmADCANFDFr11,0x1F5,EventTriggered,11.0,0
FrntLeftRdrObj16RdrObjDy,ConnectivityCANFD,DRMFL,DrmflConnectivityFr06,0x1F5,EventTriggered,,True,True,ADCANFD,ACU,BgmADCANFDFr11,0x1F5,EventTriggered,12.0,0
FrntLeftRdrObj16RdrObjDyStdDe,ConnectivityCANFD,DRMFL,DrmflConnectivityFr06,0x1F5,EventTriggered,,True,True,ADCANFD,ACU,BgmADCANFDFr11,0x1F5,EventTriggered,11.0,0
FrntLeftRdrObj16RdrObjDynProp,ConnectivityCANFD,DRMFL,DrmflConnectivityFr06,0x1F5,EventTriggered,,True,True,ADCANFD,ACU,BgmADCANFDFr11,0x1F5,EventTriggered,1.0,0
FrntLeftRdrObj16RdrObjExistProb,ConnectivityCANFD,DRMFL,DrmflConnectivityFr06,0x1F5,EventTriggered,,True,True,ADCANFD,ACU,BgmADCANFDFr11,0x1F5,EventTriggered,10.0,0
FrntLeftRdrObj16RdrObjHeight,ConnectivityCANFD,DRMFL,DrmflConnectivityFr06,0x1F5,EventTriggered,,True,True,ADCANFD,ACU,BgmADCANFDFr11,0x1F5,EventTriggered,10.0,0
FrntLeftRdrObj16RdrObjHeightStdDe,ConnectivityCANFD,DRMFL,DrmflConnectivityFr06,0x1F5,EventTriggered,,True,True,ADCANFD,ACU,BgmADCANFDFr11,0x1F5,EventTriggered,10.0,0
FrntLeftRdrObj16RdrObjID,ConnectivityCANFD,DRMFL,DrmflConnectivityFr06,0x1F5,EventTriggered,,True,True,ADCANFD,ACU,BgmADCANFDFr11,0x1F5,EventTriggered,6.0,0
FrntLeftRdrObj16RdrObjLifeCycle,ConnectivityCANFD,DRMFL,DrmflConnectivityFr06,0x1F5,EventTriggered,,True,True,ADCANFD,ACU,BgmADCANFDFr11,0x1F5,EventTriggered,7.0,0
FrntLeftRdrObj16RdrObjPwr,ConnectivityCANFD,DRMFL,DrmflConnectivityFr06,0x1F5,EventTriggered,,True,True,ADCANFD,ACU,BgmADCANFDFr11,0x1F5,EventTriggered,8.0,0
FrntLeftRdrObj16RdrObjVx,ConnectivityCANFD,DRMFL,DrmflConnectivityFr06,0x1F5,EventTriggered,,True,True,ADCANFD,ACU,BgmADCANFDFr11,0x1F5,EventTriggered,11.0,0
FrntLeftRdrObj16RdrObjVxStdDe,ConnectivityCANFD,DRMFL,DrmflConnectivityFr06,0x1F5,EventTriggered,,True,True,ADCANFD,ACU,BgmADCANFDFr11,0x1F5,EventTriggered,10.0,0
FrntLeftRdrObj16RdrObjVy,ConnectivityCANFD,DRMFL,DrmflConnectivityFr06,0x1F5,EventTriggered,,True,True,ADCANFD,ACU,BgmADCANFDFr11,0x1F5,EventTriggered,11.0,0
FrntLeftRdrObj16RdrObjVyStdDe,ConnectivityCANFD,DRMFL,DrmflConnectivityFr06,0x1F5,EventTriggered,,True,True,ADCANFD,ACU,BgmADCANFDFr11,0x1F5,EventTriggered,10.0,0
FrntLeftRdrObj2ObjBoxCenterLat,ConnectivityCANFD,DRMFL,DrmflConnectivityFr01,0x1F0,EventTriggered,,,,ADCANFD,ACU,BgmADCANFDFr06,0x1F0,EventTriggered,8.0,0
FrntLeftRdrObj2ObjBoxCenterLgt,ConnectivityCANFD,DRMFL,DrmflConnectivityFr01,0x1F0,EventTriggered,,,,ADCANFD,ACU,BgmADCANFDFr06,0x1F0,EventTriggered,8.0,0
FrntLeftRdrObj2RdrObjChks,ConnectivityCANFD,DRMFL,DrmflConnectivityFr01,0x1F0,EventTriggered,,True,True,ADCANFD,ACU,BgmADCANFDFr06,0x1F0,EventTriggered,8.0,0
FrntLeftRdrObj2RdrObjCntr,ConnectivityCANFD,DRMFL,DrmflConnectivityFr01,0x1F0,EventTriggered,,True,True,ADCANFD,ACU,BgmADCANFDFr06,0x1F0,EventTriggered,4.0,0
FrntLeftRdrObj2RdrObjDx,ConnectivityCANFD,DRMFL,DrmflConnectivityFr01,0x1F0,EventTriggered,,True,True,ADCANFD,ACU,BgmADCANFDFr06,0x1F0,EventTriggered,12.0,0
FrntLeftRdrObj2RdrObjDxStdDe,ConnectivityCANFD,DRMFL,DrmflConnectivityFr01,0x1F0,EventTriggered,,True,True,ADCANFD,ACU,BgmADCANFDFr06,0x1F0,EventTriggered,11.0,0
FrntLeftRdrObj2RdrObjDy,ConnectivityCANFD,DRMFL,DrmflConnectivityFr01,0x1F0,EventTriggered,,True,True,ADCANFD,ACU,BgmADCANFDFr06,0x1F0,EventTriggered,12.0,0
FrntLeftRdrObj2RdrObjDyStdDe,ConnectivityCANFD,DRMFL,DrmflConnectivityFr01,0x1F0,EventTriggered,,True,True,ADCANFD,ACU,BgmADCANFDFr06,0x1F0,EventTriggered,11.0,0
FrntLeftRdrObj2RdrObjDynProp,ConnectivityCANFD,DRMFL,DrmflConnectivityFr01,0x1F0,EventTriggered,,True,True,ADCANFD,ACU,BgmADCANFDFr06,0x1F0,EventTriggered,1.0,0
FrntLeftRdrObj2RdrObjExistProb,ConnectivityCANFD,DRMFL,DrmflConnectivityFr01,0x1F0,EventTriggered,,True,True,ADCANFD,ACU,BgmADCANFDFr06,0x1F0,EventTriggered,10.0,0
FrntLeftRdrObj2RdrObjHeight,ConnectivityCANFD,DRMFL,DrmflConnectivityFr01,0x1F0,EventTriggered,,True,True,ADCANFD,ACU,BgmADCANFDFr06,0x1F0,EventTriggered,10.0,0
FrntLeftRdrObj2RdrObjHeightStdDe,ConnectivityCANFD,DRMFL,DrmflConnectivityFr01,0x1F0,EventTriggered,,True,True,ADCANFD,ACU,BgmADCANFDFr06,0x1F0,EventTriggered,10.0,0
FrntLeftRdrObj2RdrObjID,ConnectivityCANFD,DRMFL,DrmflConnectivityFr01,0x1F0,EventTriggered,,True,True,ADCANFD,ACU,BgmADCANFDFr06,0x1F0,EventTriggered,6.0,0
FrntLeftRdrObj2RdrObjLifeCycle,ConnectivityCANFD,DRMFL,DrmflConnectivityFr01,0x1F0,EventTriggered,,True,True,ADCANFD,ACU,BgmADCANFDFr06,0x1F0,EventTriggered,7.0,0
FrntLeftRdrObj2RdrObjPwr,ConnectivityCANFD,DRMFL,DrmflConnectivityFr01,0x1F0,EventTriggered,,True,True,ADCANFD,ACU,BgmADCANFDFr06,0x1F0,EventTriggered,8.0,0
FrntLeftRdrObj2RdrObjVx,ConnectivityCANFD,DRMFL,DrmflConnectivityFr01,0x1F0,EventTriggered,,True,True,ADCANFD,ACU,BgmADCANFDFr06,0x1F0,EventTriggered,11.0,0
FrntLeftRdrObj2RdrObjVxStdDe,ConnectivityCANFD,DRMFL,DrmflConnectivityFr01,0x1F0,EventTriggered,,True,True,ADCANFD,ACU,BgmADCANFDFr06,0x1F0,EventTriggered,10.0,0
FrntLeftRdrObj2RdrObjVy,ConnectivityCANFD,DRMFL,DrmflConnectivityFr01,0x1F0,EventTriggered,,True,True,ADCANFD,ACU,BgmADCANFDFr06,0x1F0,EventTriggered,11.0,0
FrntLeftRdrObj2RdrObjVyStdDe,ConnectivityCANFD,DRMFL,DrmflConnectivityFr01,0x1F0,EventTriggered,,True,True,ADCANFD,ACU,BgmADCANFDFr06,0x1F0,EventTriggered,10.0,0
FrntLeftRdrObj3ObjBoxCenterLat,ConnectivityCANFD,DRMFL,DrmflConnectivityFr01,0x1F0,EventTriggered,,,,ADCANFD,ACU,BgmADCANFDFr06,0x1F0,EventTriggered,8.0,0
FrntLeftRdrObj3ObjBoxCenterLgt,ConnectivityCANFD,DRMFL,DrmflConnectivityFr01,0x1F0,EventTriggered,,,,ADCANFD,ACU,BgmADCANFDFr06,0x1F0,EventTriggered,8.0,0
FrntLeftRdrObj3RdrObjChks,ConnectivityCANFD,DRMFL,DrmflConnectivityFr01,0x1F0,EventTriggered,,True,True,ADCANFD,ACU,BgmADCANFDFr06,0x1F0,EventTriggered,8.0,0
FrntLeftRdrObj3RdrObjCntr,ConnectivityCANFD,DRMFL,DrmflConnectivityFr01,0x1F0,EventTriggered,,True,True,ADCANFD,ACU,BgmADCANFDFr06,0x1F0,EventTriggered,4.0,0
FrntLeftRdrObj3RdrObjDx,ConnectivityCANFD,DRMFL,DrmflConnectivityFr01,0x1F0,EventTriggered,,True,True,ADCANFD,ACU,BgmADCANFDFr06,0x1F0,EventTriggered,12.0,0
FrntLeftRdrObj3RdrObjDxStdDe,ConnectivityCANFD,DRMFL,DrmflConnectivityFr01,0x1F0,EventTriggered,,True,True,ADCANFD,ACU,BgmADCANFDFr06,0x1F0,EventTriggered,11.0,0
FrntLeftRdrObj3RdrObjDy,ConnectivityCANFD,DRMFL,DrmflConnectivityFr01,0x1F0,EventTriggered,,True,True,ADCANFD,ACU,BgmADCANFDFr06,0x1F0,EventTriggered,12.0,0
FrntLeftRdrObj3RdrObjDyStdDe,ConnectivityCANFD,DRMFL,DrmflConnectivityFr01,0x1F0,EventTriggered,,True,True,ADCANFD,ACU,BgmADCANFDFr06,0x1F0,EventTriggered,11.0,0
FrntLeftRdrObj3RdrObjDynProp,ConnectivityCANFD,DRMFL,DrmflConnectivityFr01,0x1F0,EventTriggered,,True,True,ADCANFD,ACU,BgmADCANFDFr06,0x1F0,EventTriggered,1.0,0
FrntLeftRdrObj3RdrObjExistProb,ConnectivityCANFD,DRMFL,DrmflConnectivityFr01,0x1F0,EventTriggered,,True,True,ADCANFD,ACU,BgmADCANFDFr06,0x1F0,EventTriggered,10.0,0
FrntLeftRdrObj3RdrObjHeight,ConnectivityCANFD,DRMFL,DrmflConnectivityFr01,0x1F0,EventTriggered,,True,True,ADCANFD,ACU,BgmADCANFDFr06,0x1F0,EventTriggered,10.0,0
FrntLeftRdrObj3RdrObjHeightStdDe,ConnectivityCANFD,DRMFL,DrmflConnectivityFr01,0x1F0,EventTriggered,,True,True,ADCANFD,ACU,BgmADCANFDFr06,0x1F0,EventTriggered,10.0,0
FrntLeftRdrObj3RdrObjID,ConnectivityCANFD,DRMFL,DrmflConnectivityFr01,0x1F0,EventTriggered,,True,True,ADCANFD,ACU,BgmADCANFDFr06,0x1F0,EventTriggered,6.0,0
FrntLeftRdrObj3RdrObjLifeCycle,ConnectivityCANFD,DRMFL,DrmflConnectivityFr01,0x1F0,EventTriggered,,True,True,ADCANFD,ACU,BgmADCANFDFr06,0x1F0,EventTriggered,7.0,0
FrntLeftRdrObj3RdrObjPwr,ConnectivityCANFD,DRMFL,DrmflConnectivityFr01,0x1F0,EventTriggered,,True,True,ADCANFD,ACU,BgmADCANFDFr06,0x1F0,EventTriggered,8.0,0
FrntLeftRdrObj3RdrObjVx,ConnectivityCANFD,DRMFL,DrmflConnectivityFr01,0x1F0,EventTriggered,,True,True,ADCANFD,ACU,BgmADCANFDFr06,0x1F0,EventTriggered,11.0,0
FrntLeftRdrObj3RdrObjVxStdDe,ConnectivityCANFD,DRMFL,DrmflConnectivityFr01,0x1F0,EventTriggered,,True,True,ADCANFD,ACU,BgmADCANFDFr06,0x1F0,EventTriggered,10.0,0
FrntLeftRdrObj3RdrObjVy,ConnectivityCANFD,DRMFL,DrmflConnectivityFr01,0x1F0,EventTriggered,,True,True,ADCANFD,ACU,BgmADCANFDFr06,0x1F0,EventTriggered,11.0,0
FrntLeftRdrObj3RdrObjVyStdDe,ConnectivityCANFD,DRMFL,DrmflConnectivityFr01,0x1F0,EventTriggered,,True,True,ADCANFD,ACU,BgmADCANFDFr06,0x1F0,EventTriggered,10.0,0
FrntLeftRdrObj4ObjBoxCenterLat,ConnectivityCANFD,DRMFL,DrmflConnectivityFr02,0x1F1,EventTriggered,,,,ADCANFD,ACU,BgmADCANFDFr07,0x1F1,EventTriggered,8.0,0
FrntLeftRdrObj4ObjBoxCenterLgt,ConnectivityCANFD,DRMFL,DrmflConnectivityFr02,0x1F1,EventTriggered,,,,ADCANFD,ACU,BgmADCANFDFr07,0x1F1,EventTriggered,8.0,0
FrntLeftRdrObj4RdrObjChks,ConnectivityCANFD,DRMFL,DrmflConnectivityFr02,0x1F1,EventTriggered,,True,True,ADCANFD,ACU,BgmADCANFDFr07,0x1F1,EventTriggered,8.0,0
FrntLeftRdrObj4RdrObjCntr,ConnectivityCANFD,DRMFL,DrmflConnectivityFr02,0x1F1,EventTriggered,,True,True,ADCANFD,ACU,BgmADCANFDFr07,0x1F1,EventTriggered,4.0,0
FrntLeftRdrObj4RdrObjDx,ConnectivityCANFD,DRMFL,DrmflConnectivityFr02,0x1F1,EventTriggered,,True,True,ADCANFD,ACU,BgmADCANFDFr07,0x1F1,EventTriggered,12.0,0
FrntLeftRdrObj4RdrObjDxStdDe,ConnectivityCANFD,DRMFL,DrmflConnectivityFr02,0x1F1,EventTriggered,,True,True,ADCANFD,ACU,BgmADCANFDFr07,0x1F1,EventTriggered,11.0,0
FrntLeftRdrObj4RdrObjDy,ConnectivityCANFD,DRMFL,DrmflConnectivityFr02,0x1F1,EventTriggered,,True,True,ADCANFD,ACU,BgmADCANFDFr07,0x1F1,EventTriggered,12.0,0
FrntLeftRdrObj4RdrObjDyStdDe,ConnectivityCANFD,DRMFL,DrmflConnectivityFr02,0x1F1,EventTriggered,,True,True,ADCANFD,ACU,BgmADCANFDFr07,0x1F1,EventTriggered,11.0,0
FrntLeftRdrObj4RdrObjDynProp,ConnectivityCANFD,DRMFL,DrmflConnectivityFr02,0x1F1,EventTriggered,,True,True,ADCANFD,ACU,BgmADCANFDFr07,0x1F1,EventTriggered,1.0,0
FrntLeftRdrObj4RdrObjExistProb,ConnectivityCANFD,DRMFL,DrmflConnectivityFr02,0x1F1,EventTriggered,,True,True,ADCANFD,ACU,BgmADCANFDFr07,0x1F1,EventTriggered,10.0,0
FrntLeftRdrObj4RdrObjHeight,ConnectivityCANFD,DRMFL,DrmflConnectivityFr02,0x1F1,EventTriggered,,True,True,ADCANFD,ACU,BgmADCANFDFr07,0x1F1,EventTriggered,10.0,0
FrntLeftRdrObj4RdrObjHeightStdDe,ConnectivityCANFD,DRMFL,DrmflConnectivityFr02,0x1F1,EventTriggered,,True,True,ADCANFD,ACU,BgmADCANFDFr07,0x1F1,EventTriggered,10.0,0
FrntLeftRdrObj4RdrObjID,ConnectivityCANFD,DRMFL,DrmflConnectivityFr02,0x1F1,EventTriggered,,True,True,ADCANFD,ACU,BgmADCANFDFr07,0x1F1,EventTriggered,6.0,0
FrntLeftRdrObj4RdrObjLifeCycle,ConnectivityCANFD,DRMFL,DrmflConnectivityFr02,0x1F1,EventTriggered,,True,True,ADCANFD,ACU,BgmADCANFDFr07,0x1F1,EventTriggered,7.0,0
FrntLeftRdrObj4RdrObjPwr,ConnectivityCANFD,DRMFL,DrmflConnectivityFr02,0x1F1,EventTriggered,,True,True,ADCANFD,ACU,BgmADCANFDFr07,0x1F1,EventTriggered,8.0,0
FrntLeftRdrObj4RdrObjVx,ConnectivityCANFD,DRMFL,DrmflConnectivityFr02,0x1F1,EventTriggered,,True,True,ADCANFD,ACU,BgmADCANFDFr07,0x1F1,EventTriggered,11.0,0
FrntLeftRdrObj4RdrObjVxStdDe,ConnectivityCANFD,DRMFL,DrmflConnectivityFr02,0x1F1,EventTriggered,,True,True,ADCANFD,ACU,BgmADCANFDFr07,0x1F1,EventTriggered,10.0,0
FrntLeftRdrObj4RdrObjVy,ConnectivityCANFD,DRMFL,DrmflConnectivityFr02,0x1F1,EventTriggered,,True,True,ADCANFD,ACU,BgmADCANFDFr07,0x1F1,EventTriggered,11.0,0
FrntLeftRdrObj4RdrObjVyStdDe,ConnectivityCANFD,DRMFL,DrmflConnectivityFr02,0x1F1,EventTriggered,,True,True,ADCANFD,ACU,BgmADCANFDFr07,0x1F1,EventTriggered,10.0,0
FrntLeftRdrObj5ObjBoxCenterLat,ConnectivityCANFD,DRMFL,DrmflConnectivityFr02,0x1F1,EventTriggered,,,,ADCANFD,ACU,BgmADCANFDFr07,0x1F1,EventTriggered,8.0,0
FrntLeftRdrObj5ObjBoxCenterLgt,ConnectivityCANFD,DRMFL,DrmflConnectivityFr02,0x1F1,EventTriggered,,,,ADCANFD,ACU,BgmADCANFDFr07,0x1F1,EventTriggered,8.0,0
FrntLeftRdrObj5RdrObjChks,ConnectivityCANFD,DRMFL,DrmflConnectivityFr02,0x1F1,EventTriggered,,True,True,ADCANFD,ACU,BgmADCANFDFr07,0x1F1,EventTriggered,8.0,0
FrntLeftRdrObj5RdrObjCntr,ConnectivityCANFD,DRMFL,DrmflConnectivityFr02,0x1F1,EventTriggered,,True,True,ADCANFD,ACU,BgmADCANFDFr07,0x1F1,EventTriggered,4.0,0
FrntLeftRdrObj5RdrObjDx,ConnectivityCANFD,DRMFL,DrmflConnectivityFr02,0x1F1,EventTriggered,,True,True,ADCANFD,ACU,BgmADCANFDFr07,0x1F1,EventTriggered,12.0,0
FrntLeftRdrObj5RdrObjDxStdDe,ConnectivityCANFD,DRMFL,DrmflConnectivityFr02,0x1F1,EventTriggered,,True,True,ADCANFD,ACU,BgmADCANFDFr07,0x1F1,EventTriggered,11.0,0
FrntLeftRdrObj5RdrObjDy,ConnectivityCANFD,DRMFL,DrmflConnectivityFr02,0x1F1,EventTriggered,,True,True,ADCANFD,ACU,BgmADCANFDFr07,0x1F1,EventTriggered,12.0,0
FrntLeftRdrObj5RdrObjDyStdDe,ConnectivityCANFD,DRMFL,DrmflConnectivityFr02,0x1F1,EventTriggered,,True,True,ADCANFD,ACU,BgmADCANFDFr07,0x1F1,EventTriggered,11.0,0
FrntLeftRdrObj5RdrObjDynProp,ConnectivityCANFD,DRMFL,DrmflConnectivityFr02,0x1F1,EventTriggered,,True,True,ADCANFD,ACU,BgmADCANFDFr07,0x1F1,EventTriggered,1.0,0
FrntLeftRdrObj5RdrObjExistProb,ConnectivityCANFD,DRMFL,DrmflConnectivityFr02,0x1F1,EventTriggered,,True,True,ADCANFD,ACU,BgmADCANFDFr07,0x1F1,EventTriggered,10.0,0
FrntLeftRdrObj5RdrObjHeight,ConnectivityCANFD,DRMFL,DrmflConnectivityFr02,0x1F1,EventTriggered,,True,True,ADCANFD,ACU,BgmADCANFDFr07,0x1F1,EventTriggered,10.0,0
FrntLeftRdrObj5RdrObjHeightStdDe,ConnectivityCANFD,DRMFL,DrmflConnectivityFr02,0x1F1,EventTriggered,,True,True,ADCANFD,ACU,BgmADCANFDFr07,0x1F1,EventTriggered,10.0,0
FrntLeftRdrObj5RdrObjID,ConnectivityCANFD,DRMFL,DrmflConnectivityFr02,0x1F1,EventTriggered,,True,True,ADCANFD,ACU,BgmADCANFDFr07,0x1F1,EventTriggered,6.0,0
FrntLeftRdrObj5RdrObjLifeCycle,ConnectivityCANFD,DRMFL,DrmflConnectivityFr02,0x1F1,EventTriggered,,True,True,ADCANFD,ACU,BgmADCANFDFr07,0x1F1,EventTriggered,7.0,0
FrntLeftRdrObj5RdrObjPwr,ConnectivityCANFD,DRMFL,DrmflConnectivityFr02,0x1F1,EventTriggered,,True,True,ADCANFD,ACU,BgmADCANFDFr07,0x1F1,EventTriggered,8.0,0
FrntLeftRdrObj5RdrObjVx,ConnectivityCANFD,DRMFL,DrmflConnectivityFr02,0x1F1,EventTriggered,,True,True,ADCANFD,ACU,BgmADCANFDFr07,0x1F1,EventTriggered,11.0,0
FrntLeftRdrObj5RdrObjVxStdDe,ConnectivityCANFD,DRMFL,DrmflConnectivityFr02,0x1F1,EventTriggered,,True,True,ADCANFD,ACU,BgmADCANFDFr07,0x1F1,EventTriggered,10.0,0
FrntLeftRdrObj5RdrObjVy,ConnectivityCANFD,DRMFL,DrmflConnectivityFr02,0x1F1,EventTriggered,,True,True,ADCANFD,ACU,BgmADCANFDFr07,0x1F1,EventTriggered,11.0,0
FrntLeftRdrObj5RdrObjVyStdDe,ConnectivityCANFD,DRMFL,DrmflConnectivityFr02,0x1F1,EventTriggered,,True,True,ADCANFD,ACU,BgmADCANFDFr07,0x1F1,EventTriggered,10.0,0
FrntLeftRdrObj6ObjBoxCenterLat,ConnectivityCANFD,DRMFL,DrmflConnectivityFr02,0x1F1,EventTriggered,,,,ADCANFD,ACU,BgmADCANFDFr07,0x1F1,EventTriggered,8.0,0
FrntLeftRdrObj6ObjBoxCenterLgt,ConnectivityCANFD,DRMFL,DrmflConnectivityFr02,0x1F1,EventTriggered,,,,ADCANFD,ACU,BgmADCANFDFr07,0x1F1,EventTriggered,8.0,0
FrntLeftRdrObj6RdrObjChks,ConnectivityCANFD,DRMFL,DrmflConnectivityFr02,0x1F1,EventTriggered,,True,True,ADCANFD,ACU,BgmADCANFDFr07,0x1F1,EventTriggered,8.0,0
FrntLeftRdrObj6RdrObjCntr,ConnectivityCANFD,DRMFL,DrmflConnectivityFr02,0x1F1,EventTriggered,,True,True,ADCANFD,ACU,BgmADCANFDFr07,0x1F1,EventTriggered,4.0,0
FrntLeftRdrObj6RdrObjDx,ConnectivityCANFD,DRMFL,DrmflConnectivityFr02,0x1F1,EventTriggered,,True,True,ADCANFD,ACU,BgmADCANFDFr07,0x1F1,EventTriggered,12.0,0
FrntLeftRdrObj6RdrObjDxStdDe,ConnectivityCANFD,DRMFL,DrmflConnectivityFr02,0x1F1,EventTriggered,,True,True,ADCANFD,ACU,BgmADCANFDFr07,0x1F1,EventTriggered,11.0,0
FrntLeftRdrObj6RdrObjDy,ConnectivityCANFD,DRMFL,DrmflConnectivityFr02,0x1F1,EventTriggered,,True,True,ADCANFD,ACU,BgmADCANFDFr07,0x1F1,EventTriggered,12.0,0
FrntLeftRdrObj6RdrObjDyStdDe,ConnectivityCANFD,DRMFL,DrmflConnectivityFr02,0x1F1,EventTriggered,,True,True,ADCANFD,ACU,BgmADCANFDFr07,0x1F1,EventTriggered,11.0,0
FrntLeftRdrObj6RdrObjDynProp,ConnectivityCANFD,DRMFL,DrmflConnectivityFr02,0x1F1,EventTriggered,,True,True,ADCANFD,ACU,BgmADCANFDFr07,0x1F1,EventTriggered,1.0,0
FrntLeftRdrObj6RdrObjExistProb,ConnectivityCANFD,DRMFL,DrmflConnectivityFr02,0x1F1,EventTriggered,,True,True,ADCANFD,ACU,BgmADCANFDFr07,0x1F1,EventTriggered,10.0,0
FrntLeftRdrObj6RdrObjHeight,ConnectivityCANFD,DRMFL,DrmflConnectivityFr02,0x1F1,EventTriggered,,True,True,ADCANFD,ACU,BgmADCANFDFr07,0x1F1,EventTriggered,10.0,0
FrntLeftRdrObj6RdrObjHeightStdDe,ConnectivityCANFD,DRMFL,DrmflConnectivityFr02,0x1F1,EventTriggered,,True,True,ADCANFD,ACU,BgmADCANFDFr07,0x1F1,EventTriggered,10.0,0
FrntLeftRdrObj6RdrObjID,ConnectivityCANFD,DRMFL,DrmflConnectivityFr02,0x1F1,EventTriggered,,True,True,ADCANFD,ACU,BgmADCANFDFr07,0x1F1,EventTriggered,6.0,0
FrntLeftRdrObj6RdrObjLifeCycle,ConnectivityCANFD,DRMFL,DrmflConnectivityFr02,0x1F1,EventTriggered,,True,True,ADCANFD,ACU,BgmADCANFDFr07,0x1F1,EventTriggered,7.0,0
FrntLeftRdrObj6RdrObjPwr,ConnectivityCANFD,DRMFL,DrmflConnectivityFr02,0x1F1,EventTriggered,,True,True,ADCANFD,ACU,BgmADCANFDFr07,0x1F1,EventTriggered,8.0,0
FrntLeftRdrObj6RdrObjVx,ConnectivityCANFD,DRMFL,DrmflConnectivityFr02,0x1F1,EventTriggered,,True,True,ADCANFD,ACU,BgmADCANFDFr07,0x1F1,EventTriggered,11.0,0
FrntLeftRdrObj6RdrObjVxStdDe,ConnectivityCANFD,DRMFL,DrmflConnectivityFr02,0x1F1,EventTriggered,,True,True,ADCANFD,ACU,BgmADCANFDFr07,0x1F1,EventTriggered,10.0,0
FrntLeftRdrObj6RdrObjVy,ConnectivityCANFD,DRMFL,DrmflConnectivityFr02,0x1F1,EventTriggered,,True,True,ADCANFD,ACU,BgmADCANFDFr07,0x1F1,EventTriggered,11.0,0
FrntLeftRdrObj6RdrObjVyStdDe,ConnectivityCANFD,DRMFL,DrmflConnectivityFr02,0x1F1,EventTriggered,,True,True,ADCANFD,ACU,BgmADCANFDFr07,0x1F1,EventTriggered,10.0,0
FrntLeftRdrObj7ObjBoxCenterLat,ConnectivityCANFD,DRMFL,DrmflConnectivityFr03,0x1F2,EventTriggered,,,,ADCANFD,ACU,BgmADCANFDFr08,0x1F2,EventTriggered,8.0,0
FrntLeftRdrObj7ObjBoxCenterLgt,ConnectivityCANFD,DRMFL,DrmflConnectivityFr03,0x1F2,EventTriggered,,,,ADCANFD,ACU,BgmADCANFDFr08,0x1F2,EventTriggered,8.0,0
FrntLeftRdrObj7RdrObjChks,ConnectivityCANFD,DRMFL,DrmflConnectivityFr03,0x1F2,EventTriggered,,True,True,ADCANFD,ACU,BgmADCANFDFr08,0x1F2,EventTriggered,8.0,0
FrntLeftRdrObj7RdrObjCntr,ConnectivityCANFD,DRMFL,DrmflConnectivityFr03,0x1F2,EventTriggered,,True,True,ADCANFD,ACU,BgmADCANFDFr08,0x1F2,EventTriggered,4.0,0
FrntLeftRdrObj7RdrObjDx,ConnectivityCANFD,DRMFL,DrmflConnectivityFr03,0x1F2,EventTriggered,,True,True,ADCANFD,ACU,BgmADCANFDFr08,0x1F2,EventTriggered,12.0,0
FrntLeftRdrObj7RdrObjDxStdDe,ConnectivityCANFD,DRMFL,DrmflConnectivityFr03,0x1F2,EventTriggered,,True,True,ADCANFD,ACU,BgmADCANFDFr08,0x1F2,EventTriggered,11.0,0
FrntLeftRdrObj7RdrObjDy,ConnectivityCANFD,DRMFL,DrmflConnectivityFr03,0x1F2,EventTriggered,,True,True,ADCANFD,ACU,BgmADCANFDFr08,0x1F2,EventTriggered,12.0,0
FrntLeftRdrObj7RdrObjDyStdDe,ConnectivityCANFD,DRMFL,DrmflConnectivityFr03,0x1F2,EventTriggered,,True,True,ADCANFD,ACU,BgmADCANFDFr08,0x1F2,EventTriggered,11.0,0
FrntLeftRdrObj7RdrObjDynProp,ConnectivityCANFD,DRMFL,DrmflConnectivityFr03,0x1F2,EventTriggered,,True,True,ADCANFD,ACU,BgmADCANFDFr08,0x1F2,EventTriggered,1.0,0
FrntLeftRdrObj7RdrObjExistProb,ConnectivityCANFD,DRMFL,DrmflConnectivityFr03,0x1F2,EventTriggered,,True,True,ADCANFD,ACU,BgmADCANFDFr08,0x1F2,EventTriggered,10.0,0
FrntLeftRdrObj7RdrObjHeight,ConnectivityCANFD,DRMFL,DrmflConnectivityFr03,0x1F2,EventTriggered,,True,True,ADCANFD,ACU,BgmADCANFDFr08,0x1F2,EventTriggered,10.0,0
FrntLeftRdrObj7RdrObjHeightStdDe,ConnectivityCANFD,DRMFL,DrmflConnectivityFr03,0x1F2,EventTriggered,,True,True,ADCANFD,ACU,BgmADCANFDFr08,0x1F2,EventTriggered,10.0,0
FrntLeftRdrObj7RdrObjID,ConnectivityCANFD,DRMFL,DrmflConnectivityFr03,0x1F2,EventTriggered,,True,True,ADCANFD,ACU,BgmADCANFDFr08,0x1F2,EventTriggered,6.0,0
FrntLeftRdrObj7RdrObjLifeCycle,ConnectivityCANFD,DRMFL,DrmflConnectivityFr03,0x1F2,EventTriggered,,True,True,ADCANFD,ACU,BgmADCANFDFr08,0x1F2,EventTriggered,7.0,0
FrntLeftRdrObj7RdrObjPwr,ConnectivityCANFD,DRMFL,DrmflConnectivityFr03,0x1F2,EventTriggered,,True,True,ADCANFD,ACU,BgmADCANFDFr08,0x1F2,EventTriggered,8.0,0
FrntLeftRdrObj7RdrObjVx,ConnectivityCANFD,DRMFL,DrmflConnectivityFr03,0x1F2,EventTriggered,,True,True,ADCANFD,ACU,BgmADCANFDFr08,0x1F2,EventTriggered,11.0,0
FrntLeftRdrObj7RdrObjVxStdDe,ConnectivityCANFD,DRMFL,DrmflConnectivityFr03,0x1F2,EventTriggered,,True,True,ADCANFD,ACU,BgmADCANFDFr08,0x1F2,EventTriggered,10.0,0
FrntLeftRdrObj7RdrObjVy,ConnectivityCANFD,DRMFL,DrmflConnectivityFr03,0x1F2,EventTriggered,,True,True,ADCANFD,ACU,BgmADCANFDFr08,0x1F2,EventTriggered,11.0,0
FrntLeftRdrObj7RdrObjVyStdDe,ConnectivityCANFD,DRMFL,DrmflConnectivityFr03,0x1F2,EventTriggered,,True,True,ADCANFD,ACU,BgmADCANFDFr08,0x1F2,EventTriggered,10.0,0
FrntLeftRdrObj8ObjBoxCenterLat,ConnectivityCANFD,DRMFL,DrmflConnectivityFr03,0x1F2,EventTriggered,,,,ADCANFD,ACU,BgmADCANFDFr08,0x1F2,EventTriggered,8.0,0
FrntLeftRdrObj8ObjBoxCenterLgt,ConnectivityCANFD,DRMFL,DrmflConnectivityFr03,0x1F2,EventTriggered,,,,ADCANFD,ACU,BgmADCANFDFr08,0x1F2,EventTriggered,8.0,0
FrntLeftRdrObj8RdrObjChks,ConnectivityCANFD,DRMFL,DrmflConnectivityFr03,0x1F2,EventTriggered,,True,True,ADCANFD,ACU,BgmADCANFDFr08,0x1F2,EventTriggered,8.0,0
FrntLeftRdrObj8RdrObjCntr,ConnectivityCANFD,DRMFL,DrmflConnectivityFr03,0x1F2,EventTriggered,,True,True,ADCANFD,ACU,BgmADCANFDFr08,0x1F2,EventTriggered,4.0,0
FrntLeftRdrObj8RdrObjDx,ConnectivityCANFD,DRMFL,DrmflConnectivityFr03,0x1F2,EventTriggered,,True,True,ADCANFD,ACU,BgmADCANFDFr08,0x1F2,EventTriggered,12.0,0
FrntLeftRdrObj8RdrObjDxStdDe,ConnectivityCANFD,DRMFL,DrmflConnectivityFr03,0x1F2,EventTriggered,,True,True,ADCANFD,ACU,BgmADCANFDFr08,0x1F2,EventTriggered,11.0,0
FrntLeftRdrObj8RdrObjDy,ConnectivityCANFD,DRMFL,DrmflConnectivityFr03,0x1F2,EventTriggered,,True,True,ADCANFD,ACU,BgmADCANFDFr08,0x1F2,EventTriggered,12.0,0
FrntLeftRdrObj8RdrObjDyStdDe,ConnectivityCANFD,DRMFL,DrmflConnectivityFr03,0x1F2,EventTriggered,,True,True,ADCANFD,ACU,BgmADCANFDFr08,0x1F2,EventTriggered,11.0,0
FrntLeftRdrObj8RdrObjDynProp,ConnectivityCANFD,DRMFL,DrmflConnectivityFr03,0x1F2,EventTriggered,,True,True,ADCANFD,ACU,BgmADCANFDFr08,0x1F2,EventTriggered,1.0,0
FrntLeftRdrObj8RdrObjExistProb,ConnectivityCANFD,DRMFL,DrmflConnectivityFr03,0x1F2,EventTriggered,,True,True,ADCANFD,ACU,BgmADCANFDFr08,0x1F2,EventTriggered,10.0,0
FrntLeftRdrObj8RdrObjHeight,ConnectivityCANFD,DRMFL,DrmflConnectivityFr03,0x1F2,EventTriggered,,True,True,ADCANFD,ACU,BgmADCANFDFr08,0x1F2,EventTriggered,10.0,0
FrntLeftRdrObj8RdrObjHeightStdDe,ConnectivityCANFD,DRMFL,DrmflConnectivityFr03,0x1F2,EventTriggered,,True,True,ADCANFD,ACU,BgmADCANFDFr08,0x1F2,EventTriggered,10.0,0
FrntLeftRdrObj8RdrObjID,ConnectivityCANFD,DRMFL,DrmflConnectivityFr03,0x1F2,EventTriggered,,True,True,ADCANFD,ACU,BgmADCANFDFr08,0x1F2,EventTriggered,6.0,0
FrntLeftRdrObj8RdrObjLifeCycle,ConnectivityCANFD,DRMFL,DrmflConnectivityFr03,0x1F2,EventTriggered,,True,True,ADCANFD,ACU,BgmADCANFDFr08,0x1F2,EventTriggered,7.0,0
FrntLeftRdrObj8RdrObjPwr,ConnectivityCANFD,DRMFL,DrmflConnectivityFr03,0x1F2,EventTriggered,,True,True,ADCANFD,ACU,BgmADCANFDFr08,0x1F2,EventTriggered,8.0,0
FrntLeftRdrObj8RdrObjVx,ConnectivityCANFD,DRMFL,DrmflConnectivityFr03,0x1F2,EventTriggered,,True,True,ADCANFD,ACU,BgmADCANFDFr08,0x1F2,EventTriggered,11.0,0
FrntLeftRdrObj8RdrObjVxStdDe,ConnectivityCANFD,DRMFL,DrmflConnectivityFr03,0x1F2,EventTriggered,,True,True,ADCANFD,ACU,BgmADCANFDFr08,0x1F2,EventTriggered,10.0,0
FrntLeftRdrObj8RdrObjVy,ConnectivityCANFD,DRMFL,DrmflConnectivityFr03,0x1F2,EventTriggered,,True,True,ADCANFD,ACU,BgmADCANFDFr08,0x1F2,EventTriggered,11.0,0
FrntLeftRdrObj8RdrObjVyStdDe,ConnectivityCANFD,DRMFL,DrmflConnectivityFr03,0x1F2,EventTriggered,,True,True,ADCANFD,ACU,BgmADCANFDFr08,0x1F2,EventTriggered,10.0,0
FrntLeftRdrObj9ObjBoxCenterLat,ConnectivityCANFD,DRMFL,DrmflConnectivityFr03,0x1F2,EventTriggered,,,,ADCANFD,ACU,BgmADCANFDFr08,0x1F2,EventTriggered,8.0,0
FrntLeftRdrObj9ObjBoxCenterLgt,ConnectivityCANFD,DRMFL,DrmflConnectivityFr03,0x1F2,EventTriggered,,,,ADCANFD,ACU,BgmADCANFDFr08,0x1F2,EventTriggered,8.0,0
FrntLeftRdrObj9RdrObjChks,ConnectivityCANFD,DRMFL,DrmflConnectivityFr03,0x1F2,EventTriggered,,True,True,ADCANFD,ACU,BgmADCANFDFr08,0x1F2,EventTriggered,8.0,0
FrntLeftRdrObj9RdrObjCntr,ConnectivityCANFD,DRMFL,DrmflConnectivityFr03,0x1F2,EventTriggered,,True,True,ADCANFD,ACU,BgmADCANFDFr08,0x1F2,EventTriggered,4.0,0
FrntLeftRdrObj9RdrObjDx,ConnectivityCANFD,DRMFL,DrmflConnectivityFr03,0x1F2,EventTriggered,,True,True,ADCANFD,ACU,BgmADCANFDFr08,0x1F2,EventTriggered,12.0,0
FrntLeftRdrObj9RdrObjDxStdDe,ConnectivityCANFD,DRMFL,DrmflConnectivityFr03,0x1F2,EventTriggered,,True,True,ADCANFD,ACU,BgmADCANFDFr08,0x1F2,EventTriggered,11.0,0
FrntLeftRdrObj9RdrObjDy,ConnectivityCANFD,DRMFL,DrmflConnectivityFr03,0x1F2,EventTriggered,,True,True,ADCANFD,ACU,BgmADCANFDFr08,0x1F2,EventTriggered,12.0,0
FrntLeftRdrObj9RdrObjDyStdDe,ConnectivityCANFD,DRMFL,DrmflConnectivityFr03,0x1F2,EventTriggered,,True,True,ADCANFD,ACU,BgmADCANFDFr08,0x1F2,EventTriggered,11.0,0
FrntLeftRdrObj9RdrObjDynProp,ConnectivityCANFD,DRMFL,DrmflConnectivityFr03,0x1F2,EventTriggered,,True,True,ADCANFD,ACU,BgmADCANFDFr08,0x1F2,EventTriggered,1.0,0
FrntLeftRdrObj9RdrObjExistProb,ConnectivityCANFD,DRMFL,DrmflConnectivityFr03,0x1F2,EventTriggered,,True,True,ADCANFD,ACU,BgmADCANFDFr08,0x1F2,EventTriggered,10.0,0
FrntLeftRdrObj9RdrObjHeight,ConnectivityCANFD,DRMFL,DrmflConnectivityFr03,0x1F2,EventTriggered,,True,True,ADCANFD,ACU,BgmADCANFDFr08,0x1F2,EventTriggered,10.0,0
FrntLeftRdrObj9RdrObjHeightStdDe,ConnectivityCANFD,DRMFL,DrmflConnectivityFr03,0x1F2,EventTriggered,,True,True,ADCANFD,ACU,BgmADCANFDFr08,0x1F2,EventTriggered,10.0,0
FrntLeftRdrObj9RdrObjID,ConnectivityCANFD,DRMFL,DrmflConnectivityFr03,0x1F2,EventTriggered,,True,True,ADCANFD,ACU,BgmADCANFDFr08,0x1F2,EventTriggered,6.0,0
FrntLeftRdrObj9RdrObjLifeCycle,ConnectivityCANFD,DRMFL,DrmflConnectivityFr03,0x1F2,EventTriggered,,True,True,ADCANFD,ACU,BgmADCANFDFr08,0x1F2,EventTriggered,7.0,0
FrntLeftRdrObj9RdrObjPwr,ConnectivityCANFD,DRMFL,DrmflConnectivityFr03,0x1F2,EventTriggered,,True,True,ADCANFD,ACU,BgmADCANFDFr08,0x1F2,EventTriggered,8.0,0
FrntLeftRdrObj9RdrObjVx,ConnectivityCANFD,DRMFL,DrmflConnectivityFr03,0x1F2,EventTriggered,,True,True,ADCANFD,ACU,BgmADCANFDFr08,0x1F2,EventTriggered,11.0,0
FrntLeftRdrObj9RdrObjVxStdDe,ConnectivityCANFD,DRMFL,DrmflConnectivityFr03,0x1F2,EventTriggered,,True,True,ADCANFD,ACU,BgmADCANFDFr08,0x1F2,EventTriggered,10.0,0
FrntLeftRdrObj9RdrObjVy,ConnectivityCANFD,DRMFL,DrmflConnectivityFr03,0x1F2,EventTriggered,,True,True,ADCANFD,ACU,BgmADCANFDFr08,0x1F2,EventTriggered,11.0,0
FrntLeftRdrObj9RdrObjVyStdDe,ConnectivityCANFD,DRMFL,DrmflConnectivityFr03,0x1F2,EventTriggered,,True,True,ADCANFD,ACU,BgmADCANFDFr08,0x1F2,EventTriggered,10.0,0
FrntLeftRdrSyncRdrObjTimeStampNSec,ConnectivityCANFD,DRMFL,DrmflConnectivityFr06,0x1F5,EventTriggered,,,,ADCANFD,ACU,BgmADCANFDFr11,0x1F5,EventTriggered,32.0,0
FrntLeftRdrSyncRdrObjTimeStampSec,ConnectivityCANFD,DRMFL,DrmflConnectivityFr06,0x1F5,EventTriggered,,,,ADCANFD,ACU,BgmADCANFDFr11,0x1F5,EventTriggered,32.0,0
FrntLeftRdrSyncRdrSyncChks,ConnectivityCANFD,DRMFL,DrmflConnectivityFr06,0x1F5,EventTriggered,,True,True,ADCANFD,ACU,BgmADCANFDFr11,0x1F5,EventTriggered,8.0,0
FrntLeftRdrSyncRdrSyncCntr,ConnectivityCANFD,DRMFL,DrmflConnectivityFr06,0x1F5,EventTriggered,,True,True,ADCANFD,ACU,BgmADCANFDFr11,0x1F5,EventTriggered,4.0,0
FrntRgtRdrObj1ObjBoxCenterLat,ConnectivityCANFD,DRMFR,DrmfrConnectivityFr01,0x1F6,EventTriggered,,,,ADCANFD,ACU,BgmADCANFDFr12,0x1F6,EventTriggered,8.0,0
FrntRgtRdrObj1ObjBoxCenterLgt,ConnectivityCANFD,DRMFR,DrmfrConnectivityFr01,0x1F6,EventTriggered,,,,ADCANFD,ACU,BgmADCANFDFr12,0x1F6,EventTriggered,8.0,0
FrntRgtRdrObj1RdrObjChks,ConnectivityCANFD,DRMFR,DrmfrConnectivityFr01,0x1F6,EventTriggered,,True,True,ADCANFD,ACU,BgmADCANFDFr12,0x1F6,EventTriggered,8.0,0
FrntRgtRdrObj1RdrObjCntr,ConnectivityCANFD,DRMFR,DrmfrConnectivityFr01,0x1F6,EventTriggered,,True,True,ADCANFD,ACU,BgmADCANFDFr12,0x1F6,EventTriggered,4.0,0
FrntRgtRdrObj1RdrObjDx,ConnectivityCANFD,DRMFR,DrmfrConnectivityFr01,0x1F6,EventTriggered,,True,True,ADCANFD,ACU,BgmADCANFDFr12,0x1F6,EventTriggered,12.0,0
FrntRgtRdrObj1RdrObjDxStdDe,ConnectivityCANFD,DRMFR,DrmfrConnectivityFr01,0x1F6,EventTriggered,,True,True,ADCANFD,ACU,BgmADCANFDFr12,0x1F6,EventTriggered,11.0,0
FrntRgtRdrObj1RdrObjDy,ConnectivityCANFD,DRMFR,DrmfrConnectivityFr01,0x1F6,EventTriggered,,True,True,ADCANFD,ACU,BgmADCANFDFr12,0x1F6,EventTriggered,12.0,0
FrntRgtRdrObj1RdrObjDyStdDe,ConnectivityCANFD,DRMFR,DrmfrConnectivityFr01,0x1F6,EventTriggered,,True,True,ADCANFD,ACU,BgmADCANFDFr12,0x1F6,EventTriggered,11.0,0
FrntRgtRdrObj1RdrObjDynProp,ConnectivityCANFD,DRMFR,DrmfrConnectivityFr01,0x1F6,EventTriggered,,True,True,ADCANFD,ACU,BgmADCANFDFr12,0x1F6,EventTriggered,1.0,0
FrntRgtRdrObj1RdrObjExistProb,ConnectivityCANFD,DRMFR,DrmfrConnectivityFr01,0x1F6,EventTriggered,,True,True,ADCANFD,ACU,BgmADCANFDFr12,0x1F6,EventTriggered,10.0,0
FrntRgtRdrObj1RdrObjHeight,ConnectivityCANFD,DRMFR,DrmfrConnectivityFr01,0x1F6,EventTriggered,,True,True,ADCANFD,ACU,BgmADCANFDFr12,0x1F6,EventTriggered,10.0,0
FrntRgtRdrObj1RdrObjHeightStdDe,ConnectivityCANFD,DRMFR,DrmfrConnectivityFr01,0x1F6,EventTriggered,,True,True,ADCANFD,ACU,BgmADCANFDFr12,0x1F6,EventTriggered,10.0,0
FrntRgtRdrObj1RdrObjID,ConnectivityCANFD,DRMFR,DrmfrConnectivityFr01,0x1F6,EventTriggered,,True,True,ADCANFD,ACU,BgmADCANFDFr12,0x1F6,EventTriggered,6.0,0
FrntRgtRdrObj1RdrObjLifeCycle,ConnectivityCANFD,DRMFR,DrmfrConnectivityFr01,0x1F6,EventTriggered,,True,True,ADCANFD,ACU,BgmADCANFDFr12,0x1F6,EventTriggered,7.0,0
FrntRgtRdrObj1RdrObjPwr,ConnectivityCANFD,DRMFR,DrmfrConnectivityFr01,0x1F6,EventTriggered,,True,True,ADCANFD,ACU,BgmADCANFDFr12,0x1F6,EventTriggered,8.0,0
FrntRgtRdrObj1RdrObjVx,ConnectivityCANFD,DRMFR,DrmfrConnectivityFr01,0x1F6,EventTriggered,,True,True,ADCANFD,ACU,BgmADCANFDFr12,0x1F6,EventTriggered,11.0,0
FrntRgtRdrObj1RdrObjVxStdDe,ConnectivityCANFD,DRMFR,DrmfrConnectivityFr01,0x1F6,EventTriggered,,True,True,ADCANFD,ACU,BgmADCANFDFr12,0x1F6,EventTriggered,10.0,0
FrntRgtRdrObj1RdrObjVy,ConnectivityCANFD,DRMFR,DrmfrConnectivityFr01,0x1F6,EventTriggered,,True,True,ADCANFD,ACU,BgmADCANFDFr12,0x1F6,EventTriggered,11.0,0
FrntRgtRdrObj1RdrObjVyStdDe,ConnectivityCANFD,DRMFR,DrmfrConnectivityFr01,0x1F6,EventTriggered,,True,True,ADCANFD,ACU,BgmADCANFDFr12,0x1F6,EventTriggered,10.0,0
FrntRgtRdrObj10ObjBoxCenterLat,ConnectivityCANFD,DRMFR,DrmfrConnectivityFr04,0x1F9,EventTriggered,,,,ADCANFD,ACU,BgmADCANFDFr15,0x1F9,EventTriggered,8.0,0
FrntRgtRdrObj10ObjBoxCenterLgt,ConnectivityCANFD,DRMFR,DrmfrConnectivityFr04,0x1F9,EventTriggered,,,,ADCANFD,ACU,BgmADCANFDFr15,0x1F9,EventTriggered,8.0,0
FrntRgtRdrObj10RdrObjChks,ConnectivityCANFD,DRMFR,DrmfrConnectivityFr04,0x1F9,EventTriggered,,True,True,ADCANFD,ACU,BgmADCANFDFr15,0x1F9,EventTriggered,8.0,0
FrntRgtRdrObj10RdrObjCntr,ConnectivityCANFD,DRMFR,DrmfrConnectivityFr04,0x1F9,EventTriggered,,True,True,ADCANFD,ACU,BgmADCANFDFr15,0x1F9,EventTriggered,4.0,0
FrntRgtRdrObj10RdrObjDx,ConnectivityCANFD,DRMFR,DrmfrConnectivityFr04,0x1F9,EventTriggered,,True,True,ADCANFD,ACU,BgmADCANFDFr15,0x1F9,EventTriggered,12.0,0
FrntRgtRdrObj10RdrObjDxStdDe,ConnectivityCANFD,DRMFR,DrmfrConnectivityFr04,0x1F9,EventTriggered,,True,True,ADCANFD,ACU,BgmADCANFDFr15,0x1F9,EventTriggered,11.0,0
FrntRgtRdrObj10RdrObjDy,ConnectivityCANFD,DRMFR,DrmfrConnectivityFr04,0x1F9,EventTriggered,,True,True,ADCANFD,ACU,BgmADCANFDFr15,0x1F9,EventTriggered,12.0,0
FrntRgtRdrObj10RdrObjDyStdDe,ConnectivityCANFD,DRMFR,DrmfrConnectivityFr04,0x1F9,EventTriggered,,True,True,ADCANFD,ACU,BgmADCANFDFr15,0x1F9,EventTriggered,11.0,0
FrntRgtRdrObj10RdrObjDynProp,ConnectivityCANFD,DRMFR,DrmfrConnectivityFr04,0x1F9,EventTriggered,,True,True,ADCANFD,ACU,BgmADCANFDFr15,0x1F9,EventTriggered,1.0,0
FrntRgtRdrObj10RdrObjExistProb,ConnectivityCANFD,DRMFR,DrmfrConnectivityFr04,0x1F9,EventTriggered,,True,True,ADCANFD,ACU,BgmADCANFDFr15,0x1F9,EventTriggered,10.0,0
FrntRgtRdrObj10RdrObjHeight,ConnectivityCANFD,DRMFR,DrmfrConnectivityFr04,0x1F9,EventTriggered,,True,True,ADCANFD,ACU,BgmADCANFDFr15,0x1F9,EventTriggered,10.0,0
FrntRgtRdrObj10RdrObjHeightStdDe,ConnectivityCANFD,DRMFR,DrmfrConnectivityFr04,0x1F9,EventTriggered,,True,True,ADCANFD,ACU,BgmADCANFDFr15,0x1F9,EventTriggered,10.0,0
FrntRgtRdrObj10RdrObjID,ConnectivityCANFD,DRMFR,DrmfrConnectivityFr04,0x1F9,EventTriggered,,True,True,ADCANFD,ACU,BgmADCANFDFr15,0x1F9,EventTriggered,6.0,0
FrntRgtRdrObj10RdrObjLifeCycle,ConnectivityCANFD,DRMFR,DrmfrConnectivityFr04,0x1F9,EventTriggered,,True,True,ADCANFD,ACU,BgmADCANFDFr15,0x1F9,EventTriggered,7.0,0
FrntRgtRdrObj10RdrObjPwr,ConnectivityCANFD,DRMFR,DrmfrConnectivityFr04,0x1F9,EventTriggered,,True,True,ADCANFD,ACU,BgmADCANFDFr15,0x1F9,EventTriggered,8.0,0
FrntRgtRdrObj10RdrObjVx,ConnectivityCANFD,DRMFR,DrmfrConnectivityFr04,0x1F9,EventTriggered,,True,True,ADCANFD,ACU,BgmADCANFDFr15,0x1F9,EventTriggered,11.0,0
FrntRgtRdrObj10RdrObjVxStdDe,ConnectivityCANFD,DRMFR,DrmfrConnectivityFr04,0x1F9,EventTriggered,,True,True,ADCANFD,ACU,BgmADCANFDFr15,0x1F9,EventTriggered,10.0,0
FrntRgtRdrObj10RdrObjVy,ConnectivityCANFD,DRMFR,DrmfrConnectivityFr04,0x1F9,EventTriggered,,True,True,ADCANFD,ACU,BgmADCANFDFr15,0x1F9,EventTriggered,11.0,0
FrntRgtRdrObj10RdrObjVyStdDe,ConnectivityCANFD,DRMFR,DrmfrConnectivityFr04,0x1F9,EventTriggered,,True,True,ADCANFD,ACU,BgmADCANFDFr15,0x1F9,EventTriggered,10.0,0
FrntRgtRdrObj11ObjBoxCenterLat,ConnectivityCANFD,DRMFR,DrmfrConnectivityFr04,0x1F9,EventTriggered,,,,ADCANFD,ACU,BgmADCANFDFr15,0x1F9,EventTriggered,8.0,0
FrntRgtRdrObj11ObjBoxCenterLgt,ConnectivityCANFD,DRMFR,DrmfrConnectivityFr04,0x1F9,EventTriggered,,,,ADCANFD,ACU,BgmADCANFDFr15,0x1F9,EventTriggered,8.0,0
FrntRgtRdrObj11RdrObjChks,ConnectivityCANFD,DRMFR,DrmfrConnectivityFr04,0x1F9,EventTriggered,,True,True,ADCANFD,ACU,BgmADCANFDFr15,0x1F9,EventTriggered,8.0,0
FrntRgtRdrObj11RdrObjCntr,ConnectivityCANFD,DRMFR,DrmfrConnectivityFr04,0x1F9,EventTriggered,,True,True,ADCANFD,ACU,BgmADCANFDFr15,0x1F9,EventTriggered,4.0,0
FrntRgtRdrObj11RdrObjDx,ConnectivityCANFD,DRMFR,DrmfrConnectivityFr04,0x1F9,EventTriggered,,True,True,ADCANFD,ACU,BgmADCANFDFr15,0x1F9,EventTriggered,12.0,0
FrntRgtRdrObj11RdrObjDxStdDe,ConnectivityCANFD,DRMFR,DrmfrConnectivityFr04,0x1F9,EventTriggered,,True,True,ADCANFD,ACU,BgmADCANFDFr15,0x1F9,EventTriggered,11.0,0
FrntRgtRdrObj11RdrObjDy,ConnectivityCANFD,DRMFR,DrmfrConnectivityFr04,0x1F9,EventTriggered,,True,True,ADCANFD,ACU,BgmADCANFDFr15,0x1F9,EventTriggered,12.0,0
FrntRgtRdrObj11RdrObjDyStdDe,ConnectivityCANFD,DRMFR,DrmfrConnectivityFr04,0x1F9,EventTriggered,,True,True,ADCANFD,ACU,BgmADCANFDFr15,0x1F9,EventTriggered,11.0,0
FrntRgtRdrObj11RdrObjDynProp,ConnectivityCANFD,DRMFR,DrmfrConnectivityFr04,0x1F9,EventTriggered,,True,True,ADCANFD,ACU,BgmADCANFDFr15,0x1F9,EventTriggered,1.0,0
FrntRgtRdrObj11RdrObjExistProb,ConnectivityCANFD,DRMFR,DrmfrConnectivityFr04,0x1F9,EventTriggered,,True,True,ADCANFD,ACU,BgmADCANFDFr15,0x1F9,EventTriggered,10.0,0
FrntRgtRdrObj11RdrObjHeight,ConnectivityCANFD,DRMFR,DrmfrConnectivityFr04,0x1F9,EventTriggered,,True,True,ADCANFD,ACU,BgmADCANFDFr15,0x1F9,EventTriggered,10.0,0
FrntRgtRdrObj11RdrObjHeightStdDe,ConnectivityCANFD,DRMFR,DrmfrConnectivityFr04,0x1F9,EventTriggered,,True,True,ADCANFD,ACU,BgmADCANFDFr15,0x1F9,EventTriggered,10.0,0
FrntRgtRdrObj11RdrObjID,ConnectivityCANFD,DRMFR,DrmfrConnectivityFr04,0x1F9,EventTriggered,,True,True,ADCANFD,ACU,BgmADCANFDFr15,0x1F9,EventTriggered,6.0,0
FrntRgtRdrObj11RdrObjLifeCycle,ConnectivityCANFD,DRMFR,DrmfrConnectivityFr04,0x1F9,EventTriggered,,True,True,ADCANFD,ACU,BgmADCANFDFr15,0x1F9,EventTriggered,7.0,0
FrntRgtRdrObj11RdrObjPwr,ConnectivityCANFD,DRMFR,DrmfrConnectivityFr04,0x1F9,EventTriggered,,True,True,ADCANFD,ACU,BgmADCANFDFr15,0x1F9,EventTriggered,8.0,0
FrntRgtRdrObj11RdrObjVx,ConnectivityCANFD,DRMFR,DrmfrConnectivityFr04,0x1F9,EventTriggered,,True,True,ADCANFD,ACU,BgmADCANFDFr15,0x1F9,EventTriggered,11.0,0
FrntRgtRdrObj11RdrObjVxStdDe,ConnectivityCANFD,DRMFR,DrmfrConnectivityFr04,0x1F9,EventTriggered,,True,True,ADCANFD,ACU,BgmADCANFDFr15,0x1F9,EventTriggered,10.0,0
FrntRgtRdrObj11RdrObjVy,ConnectivityCANFD,DRMFR,DrmfrConnectivityFr04,0x1F9,EventTriggered,,True,True,ADCANFD,ACU,BgmADCANFDFr15,0x1F9,EventTriggered,11.0,0
FrntRgtRdrObj11RdrObjVyStdDe,ConnectivityCANFD,DRMFR,DrmfrConnectivityFr04,0x1F9,EventTriggered,,True,True,ADCANFD,ACU,BgmADCANFDFr15,0x1F9,EventTriggered,10.0,0
FrntRgtRdrObj12ObjBoxCenterLat,ConnectivityCANFD,DRMFR,DrmfrConnectivityFr04,0x1F9,EventTriggered,,,,ADCANFD,ACU,BgmADCANFDFr15,0x1F9,EventTriggered,8.0,0
FrntRgtRdrObj12ObjBoxCenterLgt,ConnectivityCANFD,DRMFR,DrmfrConnectivityFr04,0x1F9,EventTriggered,,,,ADCANFD,ACU,BgmADCANFDFr15,0x1F9,EventTriggered,8.0,0
FrntRgtRdrObj12RdrObjChks,ConnectivityCANFD,DRMFR,DrmfrConnectivityFr04,0x1F9,EventTriggered,,True,True,ADCANFD,ACU,BgmADCANFDFr15,0x1F9,EventTriggered,8.0,0
FrntRgtRdrObj12RdrObjCntr,ConnectivityCANFD,DRMFR,DrmfrConnectivityFr04,0x1F9,EventTriggered,,True,True,ADCANFD,ACU,BgmADCANFDFr15,0x1F9,EventTriggered,4.0,0
FrntRgtRdrObj12RdrObjDx,ConnectivityCANFD,DRMFR,DrmfrConnectivityFr04,0x1F9,EventTriggered,,True,True,ADCANFD,ACU,BgmADCANFDFr15,0x1F9,EventTriggered,12.0,0
FrntRgtRdrObj12RdrObjDxStdDe,ConnectivityCANFD,DRMFR,DrmfrConnectivityFr04,0x1F9,EventTriggered,,True,True,ADCANFD,ACU,BgmADCANFDFr15,0x1F9,EventTriggered,11.0,0
FrntRgtRdrObj12RdrObjDy,ConnectivityCANFD,DRMFR,DrmfrConnectivityFr04,0x1F9,EventTriggered,,True,True,ADCANFD,ACU,BgmADCANFDFr15,0x1F9,EventTriggered,12.0,0
FrntRgtRdrObj12RdrObjDyStdDe,ConnectivityCANFD,DRMFR,DrmfrConnectivityFr04,0x1F9,EventTriggered,,True,True,ADCANFD,ACU,BgmADCANFDFr15,0x1F9,EventTriggered,11.0,0
FrntRgtRdrObj12RdrObjDynProp,ConnectivityCANFD,DRMFR,DrmfrConnectivityFr04,0x1F9,EventTriggered,,True,True,ADCANFD,ACU,BgmADCANFDFr15,0x1F9,EventTriggered,1.0,0
FrntRgtRdrObj12RdrObjExistProb,ConnectivityCANFD,DRMFR,DrmfrConnectivityFr04,0x1F9,EventTriggered,,True,True,ADCANFD,ACU,BgmADCANFDFr15,0x1F9,EventTriggered,10.0,0
FrntRgtRdrObj12RdrObjHeight,ConnectivityCANFD,DRMFR,DrmfrConnectivityFr04,0x1F9,EventTriggered,,True,True,ADCANFD,ACU,BgmADCANFDFr15,0x1F9,EventTriggered,10.0,0
FrntRgtRdrObj12RdrObjHeightStdDe,ConnectivityCANFD,DRMFR,DrmfrConnectivityFr04,0x1F9,EventTriggered,,True,True,ADCANFD,ACU,BgmADCANFDFr15,0x1F9,EventTriggered,10.0,0
FrntRgtRdrObj12RdrObjID,ConnectivityCANFD,DRMFR,DrmfrConnectivityFr04,0x1F9,EventTriggered,,True,True,ADCANFD,ACU,BgmADCANFDFr15,0x1F9,EventTriggered,6.0,0
FrntRgtRdrObj12RdrObjLifeCycle,ConnectivityCANFD,DRMFR,DrmfrConnectivityFr04,0x1F9,EventTriggered,,True,True,ADCANFD,ACU,BgmADCANFDFr15,0x1F9,EventTriggered,7.0,0
FrntRgtRdrObj12RdrObjPwr,ConnectivityCANFD,DRMFR,DrmfrConnectivityFr04,0x1F9,EventTriggered,,True,True,ADCANFD,ACU,BgmADCANFDFr15,0x1F9,EventTriggered,8.0,0
FrntRgtRdrObj12RdrObjVx,ConnectivityCANFD,DRMFR,DrmfrConnectivityFr04,0x1F9,EventTriggered,,True,True,ADCANFD,ACU,BgmADCANFDFr15,0x1F9,EventTriggered,11.0,0
FrntRgtRdrObj12RdrObjVxStdDe,ConnectivityCANFD,DRMFR,DrmfrConnectivityFr04,0x1F9,EventTriggered,,True,True,ADCANFD,ACU,BgmADCANFDFr15,0x1F9,EventTriggered,10.0,0
FrntRgtRdrObj12RdrObjVy,ConnectivityCANFD,DRMFR,DrmfrConnectivityFr04,0x1F9,EventTriggered,,True,True,ADCANFD,ACU,BgmADCANFDFr15,0x1F9,EventTriggered,11.0,0
FrntRgtRdrObj12RdrObjVyStdDe,ConnectivityCANFD,DRMFR,DrmfrConnectivityFr04,0x1F9,EventTriggered,,True,True,ADCANFD,ACU,BgmADCANFDFr15,0x1F9,EventTriggered,10.0,0
FrntRgtRdrObj13ObjBoxCenterLat,ConnectivityCANFD,DRMFR,DrmfrConnectivityFr05,0x1FB,EventTriggered,,,,ADCANFD,ACU,BgmADCANFDFr16,0x1FB,EventTriggered,8.0,0
FrntRgtRdrObj13ObjBoxCenterLgt,ConnectivityCANFD,DRMFR,DrmfrConnectivityFr05,0x1FB,EventTriggered,,,,ADCANFD,ACU,BgmADCANFDFr16,0x1FB,EventTriggered,8.0,0
FrntRgtRdrObj13RdrObjChks,ConnectivityCANFD,DRMFR,DrmfrConnectivityFr05,0x1FB,EventTriggered,,True,True,ADCANFD,ACU,BgmADCANFDFr16,0x1FB,EventTriggered,8.0,0
FrntRgtRdrObj13RdrObjCntr,ConnectivityCANFD,DRMFR,DrmfrConnectivityFr05,0x1FB,EventTriggered,,True,True,ADCANFD,ACU,BgmADCANFDFr16,0x1FB,EventTriggered,4.0,0
FrntRgtRdrObj13RdrObjDx,ConnectivityCANFD,DRMFR,DrmfrConnectivityFr05,0x1FB,EventTriggered,,True,True,ADCANFD,ACU,BgmADCANFDFr16,0x1FB,EventTriggered,12.0,0
FrntRgtRdrObj13RdrObjDxStdDe,ConnectivityCANFD,DRMFR,DrmfrConnectivityFr05,0x1FB,EventTriggered,,True,True,ADCANFD,ACU,BgmADCANFDFr16,0x1FB,EventTriggered,11.0,0
FrntRgtRdrObj13RdrObjDy,ConnectivityCANFD,DRMFR,DrmfrConnectivityFr05,0x1FB,EventTriggered,,True,True,ADCANFD,ACU,BgmADCANFDFr16,0x1FB,EventTriggered,12.0,0
FrntRgtRdrObj13RdrObjDyStdDe,ConnectivityCANFD,DRMFR,DrmfrConnectivityFr05,0x1FB,EventTriggered,,True,True,ADCANFD,ACU,BgmADCANFDFr16,0x1FB,EventTriggered,11.0,0
FrntRgtRdrObj13RdrObjDynProp,ConnectivityCANFD,DRMFR,DrmfrConnectivityFr05,0x1FB,EventTriggered,,True,True,ADCANFD,ACU,BgmADCANFDFr16,0x1FB,EventTriggered,1.0,0
FrntRgtRdrObj13RdrObjExistProb,ConnectivityCANFD,DRMFR,DrmfrConnectivityFr05,0x1FB,EventTriggered,,True,True,ADCANFD,ACU,BgmADCANFDFr16,0x1FB,EventTriggered,10.0,0
FrntRgtRdrObj13RdrObjHeight,ConnectivityCANFD,DRMFR,DrmfrConnectivityFr05,0x1FB,EventTriggered,,True,True,ADCANFD,ACU,BgmADCANFDFr16,0x1FB,EventTriggered,10.0,0
FrntRgtRdrObj13RdrObjHeightStdDe,ConnectivityCANFD,DRMFR,DrmfrConnectivityFr05,0x1FB,EventTriggered,,True,True,ADCANFD,ACU,BgmADCANFDFr16,0x1FB,EventTriggered,10.0,0
FrntRgtRdrObj13RdrObjID,ConnectivityCANFD,DRMFR,DrmfrConnectivityFr05,0x1FB,EventTriggered,,True,True,ADCANFD,ACU,BgmADCANFDFr16,0x1FB,EventTriggered,6.0,0
FrntRgtRdrObj13RdrObjLifeCycle,ConnectivityCANFD,DRMFR,DrmfrConnectivityFr05,0x1FB,EventTriggered,,True,True,ADCANFD,ACU,BgmADCANFDFr16,0x1FB,EventTriggered,7.0,0
FrntRgtRdrObj13RdrObjPwr,ConnectivityCANFD,DRMFR,DrmfrConnectivityFr05,0x1FB,EventTriggered,,True,True,ADCANFD,ACU,BgmADCANFDFr16,0x1FB,EventTriggered,8.0,0
FrntRgtRdrObj13RdrObjVx,ConnectivityCANFD,DRMFR,DrmfrConnectivityFr05,0x1FB,EventTriggered,,True,True,ADCANFD,ACU,BgmADCANFDFr16,0x1FB,EventTriggered,11.0,0
FrntRgtRdrObj13RdrObjVxStdDe,ConnectivityCANFD,DRMFR,DrmfrConnectivityFr05,0x1FB,EventTriggered,,True,True,ADCANFD,ACU,BgmADCANFDFr16,0x1FB,EventTriggered,10.0,0
FrntRgtRdrObj13RdrObjVy,ConnectivityCANFD,DRMFR,DrmfrConnectivityFr05,0x1FB,EventTriggered,,True,True,ADCANFD,ACU,BgmADCANFDFr16,0x1FB,EventTriggered,11.0,0
FrntRgtRdrObj13RdrObjVyStdDe,ConnectivityCANFD,DRMFR,DrmfrConnectivityFr05,0x1FB,EventTriggered,,True,True,ADCANFD,ACU,BgmADCANFDFr16,0x1FB,EventTriggered,10.0,0
FrntRgtRdrObj14ObjBoxCenterLat,ConnectivityCANFD,DRMFR,DrmfrConnectivityFr05,0x1FB,EventTriggered,,,,ADCANFD,ACU,BgmADCANFDFr16,0x1FB,EventTriggered,8.0,0
FrntRgtRdrObj14ObjBoxCenterLgt,ConnectivityCANFD,DRMFR,DrmfrConnectivityFr05,0x1FB,EventTriggered,,,,ADCANFD,ACU,BgmADCANFDFr16,0x1FB,EventTriggered,8.0,0
FrntRgtRdrObj14RdrObjChks,ConnectivityCANFD,DRMFR,DrmfrConnectivityFr05,0x1FB,EventTriggered,,True,True,ADCANFD,ACU,BgmADCANFDFr16,0x1FB,EventTriggered,8.0,0
FrntRgtRdrObj14RdrObjCntr,ConnectivityCANFD,DRMFR,DrmfrConnectivityFr05,0x1FB,EventTriggered,,True,True,ADCANFD,ACU,BgmADCANFDFr16,0x1FB,EventTriggered,4.0,0
FrntRgtRdrObj14RdrObjDx,ConnectivityCANFD,DRMFR,DrmfrConnectivityFr05,0x1FB,EventTriggered,,True,True,ADCANFD,ACU,BgmADCANFDFr16,0x1FB,EventTriggered,12.0,0
FrntRgtRdrObj14RdrObjDxStdDe,ConnectivityCANFD,DRMFR,DrmfrConnectivityFr05,0x1FB,EventTriggered,,True,True,ADCANFD,ACU,BgmADCANFDFr16,0x1FB,EventTriggered,11.0,0
FrntRgtRdrObj14RdrObjDy,ConnectivityCANFD,DRMFR,DrmfrConnectivityFr05,0x1FB,EventTriggered,,True,True,ADCANFD,ACU,BgmADCANFDFr16,0x1FB,EventTriggered,12.0,0
FrntRgtRdrObj14RdrObjDyStdDe,ConnectivityCANFD,DRMFR,DrmfrConnectivityFr05,0x1FB,EventTriggered,,True,True,ADCANFD,ACU,BgmADCANFDFr16,0x1FB,EventTriggered,11.0,0
FrntRgtRdrObj14RdrObjDynProp,ConnectivityCANFD,DRMFR,DrmfrConnectivityFr05,0x1FB,EventTriggered,,True,True,ADCANFD,ACU,BgmADCANFDFr16,0x1FB,EventTriggered,1.0,0
FrntRgtRdrObj14RdrObjExistProb,ConnectivityCANFD,DRMFR,DrmfrConnectivityFr05,0x1FB,EventTriggered,,True,True,ADCANFD,ACU,BgmADCANFDFr16,0x1FB,EventTriggered,10.0,0
FrntRgtRdrObj14RdrObjHeight,ConnectivityCANFD,DRMFR,DrmfrConnectivityFr05,0x1FB,EventTriggered,,True,True,ADCANFD,ACU,BgmADCANFDFr16,0x1FB,EventTriggered,10.0,0
FrntRgtRdrObj14RdrObjHeightStdDe,ConnectivityCANFD,DRMFR,DrmfrConnectivityFr05,0x1FB,EventTriggered,,True,True,ADCANFD,ACU,BgmADCANFDFr16,0x1FB,EventTriggered,10.0,0
FrntRgtRdrObj14RdrObjID,ConnectivityCANFD,DRMFR,DrmfrConnectivityFr05,0x1FB,EventTriggered,,True,True,ADCANFD,ACU,BgmADCANFDFr16,0x1FB,EventTriggered,6.0,0
FrntRgtRdrObj14RdrObjLifeCycle,ConnectivityCANFD,DRMFR,DrmfrConnectivityFr05,0x1FB,EventTriggered,,True,True,ADCANFD,ACU,BgmADCANFDFr16,0x1FB,EventTriggered,7.0,0
FrntRgtRdrObj14RdrObjPwr,ConnectivityCANFD,DRMFR,DrmfrConnectivityFr05,0x1FB,EventTriggered,,True,True,ADCANFD,ACU,BgmADCANFDFr16,0x1FB,EventTriggered,8.0,0
FrntRgtRdrObj14RdrObjVx,ConnectivityCANFD,DRMFR,DrmfrConnectivityFr05,0x1FB,EventTriggered,,True,True,ADCANFD,ACU,BgmADCANFDFr16,0x1FB,EventTriggered,11.0,0
FrntRgtRdrObj14RdrObjVxStdDe,ConnectivityCANFD,DRMFR,DrmfrConnectivityFr05,0x1FB,EventTriggered,,True,True,ADCANFD,ACU,BgmADCANFDFr16,0x1FB,EventTriggered,10.0,0
FrntRgtRdrObj14RdrObjVy,ConnectivityCANFD,DRMFR,DrmfrConnectivityFr05,0x1FB,EventTriggered,,True,True,ADCANFD,ACU,BgmADCANFDFr16,0x1FB,EventTriggered,11.0,0
FrntRgtRdrObj14RdrObjVyStdDe,ConnectivityCANFD,DRMFR,DrmfrConnectivityFr05,0x1FB,EventTriggered,,True,True,ADCANFD,ACU,BgmADCANFDFr16,0x1FB,EventTriggered,10.0,0
FrntRgtRdrObj15ObjBoxCenterLat,ConnectivityCANFD,DRMFR,DrmfrConnectivityFr05,0x1FB,EventTriggered,,,,ADCANFD,ACU,BgmADCANFDFr16,0x1FB,EventTriggered,8.0,0
FrntRgtRdrObj15ObjBoxCenterLgt,ConnectivityCANFD,DRMFR,DrmfrConnectivityFr05,0x1FB,EventTriggered,,,,ADCANFD,ACU,BgmADCANFDFr16,0x1FB,EventTriggered,8.0,0
FrntRgtRdrObj15RdrObjChks,ConnectivityCANFD,DRMFR,DrmfrConnectivityFr05,0x1FB,EventTriggered,,True,True,ADCANFD,ACU,BgmADCANFDFr16,0x1FB,EventTriggered,8.0,0
FrntRgtRdrObj15RdrObjCntr,ConnectivityCANFD,DRMFR,DrmfrConnectivityFr05,0x1FB,EventTriggered,,True,True,ADCANFD,ACU,BgmADCANFDFr16,0x1FB,EventTriggered,4.0,0
FrntRgtRdrObj15RdrObjDx,ConnectivityCANFD,DRMFR,DrmfrConnectivityFr05,0x1FB,EventTriggered,,True,True,ADCANFD,ACU,BgmADCANFDFr16,0x1FB,EventTriggered,12.0,0
FrntRgtRdrObj15RdrObjDxStdDe,ConnectivityCANFD,DRMFR,DrmfrConnectivityFr05,0x1FB,EventTriggered,,True,True,ADCANFD,ACU,BgmADCANFDFr16,0x1FB,EventTriggered,11.0,0
FrntRgtRdrObj15RdrObjDy,ConnectivityCANFD,DRMFR,DrmfrConnectivityFr05,0x1FB,EventTriggered,,True,True,ADCANFD,ACU,BgmADCANFDFr16,0x1FB,EventTriggered,12.0,0
FrntRgtRdrObj15RdrObjDyStdDe,ConnectivityCANFD,DRMFR,DrmfrConnectivityFr05,0x1FB,EventTriggered,,True,True,ADCANFD,ACU,BgmADCANFDFr16,0x1FB,EventTriggered,11.0,0
FrntRgtRdrObj15RdrObjDynProp,ConnectivityCANFD,DRMFR,DrmfrConnectivityFr05,0x1FB,EventTriggered,,True,True,ADCANFD,ACU,BgmADCANFDFr16,0x1FB,EventTriggered,1.0,0
FrntRgtRdrObj15RdrObjExistProb,ConnectivityCANFD,DRMFR,DrmfrConnectivityFr05,0x1FB,EventTriggered,,True,True,ADCANFD,ACU,BgmADCANFDFr16,0x1FB,EventTriggered,10.0,0
FrntRgtRdrObj15RdrObjHeight,ConnectivityCANFD,DRMFR,DrmfrConnectivityFr05,0x1FB,EventTriggered,,True,True,ADCANFD,ACU,BgmADCANFDFr16,0x1FB,EventTriggered,10.0,0
FrntRgtRdrObj15RdrObjHeightStdDe,ConnectivityCANFD,DRMFR,DrmfrConnectivityFr05,0x1FB,EventTriggered,,True,True,ADCANFD,ACU,BgmADCANFDFr16,0x1FB,EventTriggered,10.0,0
FrntRgtRdrObj15RdrObjID,ConnectivityCANFD,DRMFR,DrmfrConnectivityFr05,0x1FB,EventTriggered,,True,True,ADCANFD,ACU,BgmADCANFDFr16,0x1FB,EventTriggered,6.0,0
FrntRgtRdrObj15RdrObjLifeCycle,ConnectivityCANFD,DRMFR,DrmfrConnectivityFr05,0x1FB,EventTriggered,,True,True,ADCANFD,ACU,BgmADCANFDFr16,0x1FB,EventTriggered,7.0,0
FrntRgtRdrObj15RdrObjPwr,ConnectivityCANFD,DRMFR,DrmfrConnectivityFr05,0x1FB,EventTriggered,,True,True,ADCANFD,ACU,BgmADCANFDFr16,0x1FB,EventTriggered,8.0,0
FrntRgtRdrObj15RdrObjVx,ConnectivityCANFD,DRMFR,DrmfrConnectivityFr05,0x1FB,EventTriggered,,True,True,ADCANFD,ACU,BgmADCANFDFr16,0x1FB,EventTriggered,11.0,0
FrntRgtRdrObj15RdrObjVxStdDe,ConnectivityCANFD,DRMFR,DrmfrConnectivityFr05,0x1FB,EventTriggered,,True,True,ADCANFD,ACU,BgmADCANFDFr16,0x1FB,EventTriggered,10.0,0
FrntRgtRdrObj15RdrObjVy,ConnectivityCANFD,DRMFR,DrmfrConnectivityFr05,0x1FB,EventTriggered,,True,True,ADCANFD,ACU,BgmADCANFDFr16,0x1FB,EventTriggered,11.0,0
FrntRgtRdrObj15RdrObjVyStdDe,ConnectivityCANFD,DRMFR,DrmfrConnectivityFr05,0x1FB,EventTriggered,,True,True,ADCANFD,ACU,BgmADCANFDFr16,0x1FB,EventTriggered,10.0,0
FrntRgtRdrObj16ObjBoxCenterLat,ConnectivityCANFD,DRMFR,DrmfrConnectivityFr06,0x1FC,EventTriggered,,,,ADCANFD,ACU,BgmADCANFDFr17,0x1FC,EventTriggered,8.0,0
FrntRgtRdrObj16ObjBoxCenterLgt,ConnectivityCANFD,DRMFR,DrmfrConnectivityFr06,0x1FC,EventTriggered,,,,ADCANFD,ACU,BgmADCANFDFr17,0x1FC,EventTriggered,8.0,0
FrntRgtRdrObj16RdrObjChks,ConnectivityCANFD,DRMFR,DrmfrConnectivityFr06,0x1FC,EventTriggered,,True,True,ADCANFD,ACU,BgmADCANFDFr17,0x1FC,EventTriggered,8.0,0
FrntRgtRdrObj16RdrObjCntr,ConnectivityCANFD,DRMFR,DrmfrConnectivityFr06,0x1FC,EventTriggered,,True,True,ADCANFD,ACU,BgmADCANFDFr17,0x1FC,EventTriggered,4.0,0
FrntRgtRdrObj16RdrObjDx,ConnectivityCANFD,DRMFR,DrmfrConnectivityFr06,0x1FC,EventTriggered,,True,True,ADCANFD,ACU,BgmADCANFDFr17,0x1FC,EventTriggered,12.0,0
FrntRgtRdrObj16RdrObjDxStdDe,ConnectivityCANFD,DRMFR,DrmfrConnectivityFr06,0x1FC,EventTriggered,,True,True,ADCANFD,ACU,BgmADCANFDFr17,0x1FC,EventTriggered,11.0,0
FrntRgtRdrObj16RdrObjDy,ConnectivityCANFD,DRMFR,DrmfrConnectivityFr06,0x1FC,EventTriggered,,True,True,ADCANFD,ACU,BgmADCANFDFr17,0x1FC,EventTriggered,12.0,0
FrntRgtRdrObj16RdrObjDyStdDe,ConnectivityCANFD,DRMFR,DrmfrConnectivityFr06,0x1FC,EventTriggered,,True,True,ADCANFD,ACU,BgmADCANFDFr17,0x1FC,EventTriggered,11.0,0
FrntRgtRdrObj16RdrObjDynProp,ConnectivityCANFD,DRMFR,DrmfrConnectivityFr06,0x1FC,EventTriggered,,True,True,ADCANFD,ACU,BgmADCANFDFr17,0x1FC,EventTriggered,1.0,0
FrntRgtRdrObj16RdrObjExistProb,ConnectivityCANFD,DRMFR,DrmfrConnectivityFr06,0x1FC,EventTriggered,,True,True,ADCANFD,ACU,BgmADCANFDFr17,0x1FC,EventTriggered,10.0,0
FrntRgtRdrObj16RdrObjHeight,ConnectivityCANFD,DRMFR,DrmfrConnectivityFr06,0x1FC,EventTriggered,,True,True,ADCANFD,ACU,BgmADCANFDFr17,0x1FC,EventTriggered,10.0,0
FrntRgtRdrObj16RdrObjHeightStdDe,ConnectivityCANFD,DRMFR,DrmfrConnectivityFr06,0x1FC,EventTriggered,,True,True,ADCANFD,ACU,BgmADCANFDFr17,0x1FC,EventTriggered,10.0,0
FrntRgtRdrObj16RdrObjID,ConnectivityCANFD,DRMFR,DrmfrConnectivityFr06,0x1FC,EventTriggered,,True,True,ADCANFD,ACU,BgmADCANFDFr17,0x1FC,EventTriggered,6.0,0
FrntRgtRdrObj16RdrObjLifeCycle,ConnectivityCANFD,DRMFR,DrmfrConnectivityFr06,0x1FC,EventTriggered,,True,True,ADCANFD,ACU,BgmADCANFDFr17,0x1FC,EventTriggered,7.0,0
FrntRgtRdrObj16RdrObjPwr,ConnectivityCANFD,DRMFR,DrmfrConnectivityFr06,0x1FC,EventTriggered,,True,True,ADCANFD,ACU,BgmADCANFDFr17,0x1FC,EventTriggered,8.0,0
FrntRgtRdrObj16RdrObjVx,ConnectivityCANFD,DRMFR,DrmfrConnectivityFr06,0x1FC,EventTriggered,,True,True,ADCANFD,ACU,BgmADCANFDFr17,0x1FC,EventTriggered,11.0,0
FrntRgtRdrObj16RdrObjVxStdDe,ConnectivityCANFD,DRMFR,DrmfrConnectivityFr06,0x1FC,EventTriggered,,True,True,ADCANFD,ACU,BgmADCANFDFr17,0x1FC,EventTriggered,10.0,0
FrntRgtRdrObj16RdrObjVy,ConnectivityCANFD,DRMFR,DrmfrConnectivityFr06,0x1FC,EventTriggered,,True,True,ADCANFD,ACU,BgmADCANFDFr17,0x1FC,EventTriggered,11.0,0
FrntRgtRdrObj16RdrObjVyStdDe,ConnectivityCANFD,DRMFR,DrmfrConnectivityFr06,0x1FC,EventTriggered,,True,True,ADCANFD,ACU,BgmADCANFDFr17,0x1FC,EventTriggered,10.0,0
FrntRgtRdrObj2ObjBoxCenterLat,ConnectivityCANFD,DRMFR,DrmfrConnectivityFr01,0x1F6,EventTriggered,,,,ADCANFD,ACU,BgmADCANFDFr12,0x1F6,EventTriggered,8.0,0
FrntRgtRdrObj2ObjBoxCenterLgt,ConnectivityCANFD,DRMFR,DrmfrConnectivityFr01,0x1F6,EventTriggered,,,,ADCANFD,ACU,BgmADCANFDFr12,0x1F6,EventTriggered,8.0,0
FrntRgtRdrObj2RdrObjChks,ConnectivityCANFD,DRMFR,DrmfrConnectivityFr01,0x1F6,EventTriggered,,True,True,ADCANFD,ACU,BgmADCANFDFr12,0x1F6,EventTriggered,8.0,0
FrntRgtRdrObj2RdrObjCntr,ConnectivityCANFD,DRMFR,DrmfrConnectivityFr01,0x1F6,EventTriggered,,True,True,ADCANFD,ACU,BgmADCANFDFr12,0x1F6,EventTriggered,4.0,0
FrntRgtRdrObj2RdrObjDx,ConnectivityCANFD,DRMFR,DrmfrConnectivityFr01,0x1F6,EventTriggered,,True,True,ADCANFD,ACU,BgmADCANFDFr12,0x1F6,EventTriggered,12.0,0
FrntRgtRdrObj2RdrObjDxStdDe,ConnectivityCANFD,DRMFR,DrmfrConnectivityFr01,0x1F6,EventTriggered,,True,True,ADCANFD,ACU,BgmADCANFDFr12,0x1F6,EventTriggered,11.0,0
FrntRgtRdrObj2RdrObjDy,ConnectivityCANFD,DRMFR,DrmfrConnectivityFr01,0x1F6,EventTriggered,,True,True,ADCANFD,ACU,BgmADCANFDFr12,0x1F6,EventTriggered,12.0,0
FrntRgtRdrObj2RdrObjDyStdDe,ConnectivityCANFD,DRMFR,DrmfrConnectivityFr01,0x1F6,EventTriggered,,True,True,ADCANFD,ACU,BgmADCANFDFr12,0x1F6,EventTriggered,11.0,0
FrntRgtRdrObj2RdrObjDynProp,ConnectivityCANFD,DRMFR,DrmfrConnectivityFr01,0x1F6,EventTriggered,,True,True,ADCANFD,ACU,BgmADCANFDFr12,0x1F6,EventTriggered,1.0,0
FrntRgtRdrObj2RdrObjExistProb,ConnectivityCANFD,DRMFR,DrmfrConnectivityFr01,0x1F6,EventTriggered,,True,True,ADCANFD,ACU,BgmADCANFDFr12,0x1F6,EventTriggered,10.0,0
FrntRgtRdrObj2RdrObjHeight,ConnectivityCANFD,DRMFR,DrmfrConnectivityFr01,0x1F6,EventTriggered,,True,True,ADCANFD,ACU,BgmADCANFDFr12,0x1F6,EventTriggered,10.0,0
FrntRgtRdrObj2RdrObjHeightStdDe,ConnectivityCANFD,DRMFR,DrmfrConnectivityFr01,0x1F6,EventTriggered,,True,True,ADCANFD,ACU,BgmADCANFDFr12,0x1F6,EventTriggered,10.0,0
FrntRgtRdrObj2RdrObjID,ConnectivityCANFD,DRMFR,DrmfrConnectivityFr01,0x1F6,EventTriggered,,True,True,ADCANFD,ACU,BgmADCANFDFr12,0x1F6,EventTriggered,6.0,0
FrntRgtRdrObj2RdrObjLifeCycle,ConnectivityCANFD,DRMFR,DrmfrConnectivityFr01,0x1F6,EventTriggered,,True,True,ADCANFD,ACU,BgmADCANFDFr12,0x1F6,EventTriggered,7.0,0
FrntRgtRdrObj2RdrObjPwr,ConnectivityCANFD,DRMFR,DrmfrConnectivityFr01,0x1F6,EventTriggered,,True,True,ADCANFD,ACU,BgmADCANFDFr12,0x1F6,EventTriggered,8.0,0
FrntRgtRdrObj2RdrObjVx,ConnectivityCANFD,DRMFR,DrmfrConnectivityFr01,0x1F6,EventTriggered,,True,True,ADCANFD,ACU,BgmADCANFDFr12,0x1F6,EventTriggered,11.0,0
FrntRgtRdrObj2RdrObjVxStdDe,ConnectivityCANFD,DRMFR,DrmfrConnectivityFr01,0x1F6,EventTriggered,,True,True,ADCANFD,ACU,BgmADCANFDFr12,0x1F6,EventTriggered,10.0,0
FrntRgtRdrObj2RdrObjVy,ConnectivityCANFD,DRMFR,DrmfrConnectivityFr01,0x1F6,EventTriggered,,True,True,ADCANFD,ACU,BgmADCANFDFr12,0x1F6,EventTriggered,11.0,0
FrntRgtRdrObj2RdrObjVyStdDe,ConnectivityCANFD,DRMFR,DrmfrConnectivityFr01,0x1F6,EventTriggered,,True,True,ADCANFD,ACU,BgmADCANFDFr12,0x1F6,EventTriggered,10.0,0
FrntRgtRdrObj3ObjBoxCenterLat,ConnectivityCANFD,DRMFR,DrmfrConnectivityFr01,0x1F6,EventTriggered,,,,ADCANFD,ACU,BgmADCANFDFr12,0x1F6,EventTriggered,8.0,0
FrntRgtRdrObj3ObjBoxCenterLgt,ConnectivityCANFD,DRMFR,DrmfrConnectivityFr01,0x1F6,EventTriggered,,,,ADCANFD,ACU,BgmADCANFDFr12,0x1F6,EventTriggered,8.0,0
FrntRgtRdrObj3RdrObjChks,ConnectivityCANFD,DRMFR,DrmfrConnectivityFr01,0x1F6,EventTriggered,,True,True,ADCANFD,ACU,BgmADCANFDFr12,0x1F6,EventTriggered,8.0,0
FrntRgtRdrObj3RdrObjCntr,ConnectivityCANFD,DRMFR,DrmfrConnectivityFr01,0x1F6,EventTriggered,,True,True,ADCANFD,ACU,BgmADCANFDFr12,0x1F6,EventTriggered,4.0,0
FrntRgtRdrObj3RdrObjDx,ConnectivityCANFD,DRMFR,DrmfrConnectivityFr01,0x1F6,EventTriggered,,True,True,ADCANFD,ACU,BgmADCANFDFr12,0x1F6,EventTriggered,12.0,0
FrntRgtRdrObj3RdrObjDxStdDe,ConnectivityCANFD,DRMFR,DrmfrConnectivityFr01,0x1F6,EventTriggered,,True,True,ADCANFD,ACU,BgmADCANFDFr12,0x1F6,EventTriggered,11.0,0
FrntRgtRdrObj3RdrObjDy,ConnectivityCANFD,DRMFR,DrmfrConnectivityFr01,0x1F6,EventTriggered,,True,True,ADCANFD,ACU,BgmADCANFDFr12,0x1F6,EventTriggered,12.0,0
FrntRgtRdrObj3RdrObjDyStdDe,ConnectivityCANFD,DRMFR,DrmfrConnectivityFr01,0x1F6,EventTriggered,,True,True,ADCANFD,ACU,BgmADCANFDFr12,0x1F6,EventTriggered,11.0,0
FrntRgtRdrObj3RdrObjDynProp,ConnectivityCANFD,DRMFR,DrmfrConnectivityFr01,0x1F6,EventTriggered,,True,True,ADCANFD,ACU,BgmADCANFDFr12,0x1F6,EventTriggered,1.0,0
FrntRgtRdrObj3RdrObjExistProb,ConnectivityCANFD,DRMFR,DrmfrConnectivityFr01,0x1F6,EventTriggered,,True,True,ADCANFD,ACU,BgmADCANFDFr12,0x1F6,EventTriggered,10.0,0
FrntRgtRdrObj3RdrObjHeight,ConnectivityCANFD,DRMFR,DrmfrConnectivityFr01,0x1F6,EventTriggered,,True,True,ADCANFD,ACU,BgmADCANFDFr12,0x1F6,EventTriggered,10.0,0
FrntRgtRdrObj3RdrObjHeightStdDe,ConnectivityCANFD,DRMFR,DrmfrConnectivityFr01,0x1F6,EventTriggered,,True,True,ADCANFD,ACU,BgmADCANFDFr12,0x1F6,EventTriggered,10.0,0
FrntRgtRdrObj3RdrObjID,ConnectivityCANFD,DRMFR,DrmfrConnectivityFr01,0x1F6,EventTriggered,,True,True,ADCANFD,ACU,BgmADCANFDFr12,0x1F6,EventTriggered,6.0,0
FrntRgtRdrObj3RdrObjLifeCycle,ConnectivityCANFD,DRMFR,DrmfrConnectivityFr01,0x1F6,EventTriggered,,True,True,ADCANFD,ACU,BgmADCANFDFr12,0x1F6,EventTriggered,7.0,0
FrntRgtRdrObj3RdrObjPwr,ConnectivityCANFD,DRMFR,DrmfrConnectivityFr01,0x1F6,EventTriggered,,True,True,ADCANFD,ACU,BgmADCANFDFr12,0x1F6,EventTriggered,8.0,0
FrntRgtRdrObj3RdrObjVx,ConnectivityCANFD,DRMFR,DrmfrConnectivityFr01,0x1F6,EventTriggered,,True,True,ADCANFD,ACU,BgmADCANFDFr12,0x1F6,EventTriggered,11.0,0
FrntRgtRdrObj3RdrObjVxStdDe,ConnectivityCANFD,DRMFR,DrmfrConnectivityFr01,0x1F6,EventTriggered,,True,True,ADCANFD,ACU,BgmADCANFDFr12,0x1F6,EventTriggered,10.0,0
FrntRgtRdrObj3RdrObjVy,ConnectivityCANFD,DRMFR,DrmfrConnectivityFr01,0x1F6,EventTriggered,,True,True,ADCANFD,ACU,BgmADCANFDFr12,0x1F6,EventTriggered,11.0,0
FrntRgtRdrObj3RdrObjVyStdDe,ConnectivityCANFD,DRMFR,DrmfrConnectivityFr01,0x1F6,EventTriggered,,True,True,ADCANFD,ACU,BgmADCANFDFr12,0x1F6,EventTriggered,10.0,0
FrntRgtRdrObj4ObjBoxCenterLat,ConnectivityCANFD,DRMFR,DrmfrConnectivityFr02,0x1F7,EventTriggered,,,,ADCANFD,ACU,BgmADCANFDFr13,0x1F7,EventTriggered,8.0,0
FrntRgtRdrObj4ObjBoxCenterLgt,ConnectivityCANFD,DRMFR,DrmfrConnectivityFr02,0x1F7,EventTriggered,,,,ADCANFD,ACU,BgmADCANFDFr13,0x1F7,EventTriggered,8.0,0
FrntRgtRdrObj4RdrObjChks,ConnectivityCANFD,DRMFR,DrmfrConnectivityFr02,0x1F7,EventTriggered,,True,True,ADCANFD,ACU,BgmADCANFDFr13,0x1F7,EventTriggered,8.0,0
FrntRgtRdrObj4RdrObjCntr,ConnectivityCANFD,DRMFR,DrmfrConnectivityFr02,0x1F7,EventTriggered,,True,True,ADCANFD,ACU,BgmADCANFDFr13,0x1F7,EventTriggered,4.0,0
FrntRgtRdrObj4RdrObjDx,ConnectivityCANFD,DRMFR,DrmfrConnectivityFr02,0x1F7,EventTriggered,,True,True,ADCANFD,ACU,BgmADCANFDFr13,0x1F7,EventTriggered,12.0,0
FrntRgtRdrObj4RdrObjDxStdDe,ConnectivityCANFD,DRMFR,DrmfrConnectivityFr02,0x1F7,EventTriggered,,True,True,ADCANFD,ACU,BgmADCANFDFr13,0x1F7,EventTriggered,11.0,0
FrntRgtRdrObj4RdrObjDy,ConnectivityCANFD,DRMFR,DrmfrConnectivityFr02,0x1F7,EventTriggered,,True,True,ADCANFD,ACU,BgmADCANFDFr13,0x1F7,EventTriggered,12.0,0
FrntRgtRdrObj4RdrObjDyStdDe,ConnectivityCANFD,DRMFR,DrmfrConnectivityFr02,0x1F7,EventTriggered,,True,True,ADCANFD,ACU,BgmADCANFDFr13,0x1F7,EventTriggered,11.0,0
FrntRgtRdrObj4RdrObjDynProp,ConnectivityCANFD,DRMFR,DrmfrConnectivityFr02,0x1F7,EventTriggered,,True,True,ADCANFD,ACU,BgmADCANFDFr13,0x1F7,EventTriggered,1.0,0
FrntRgtRdrObj4RdrObjExistProb,ConnectivityCANFD,DRMFR,DrmfrConnectivityFr02,0x1F7,EventTriggered,,True,True,ADCANFD,ACU,BgmADCANFDFr13,0x1F7,EventTriggered,10.0,0
FrntRgtRdrObj4RdrObjHeight,ConnectivityCANFD,DRMFR,DrmfrConnectivityFr02,0x1F7,EventTriggered,,True,True,ADCANFD,ACU,BgmADCANFDFr13,0x1F7,EventTriggered,10.0,0
FrntRgtRdrObj4RdrObjHeightStdDe,ConnectivityCANFD,DRMFR,DrmfrConnectivityFr02,0x1F7,EventTriggered,,True,True,ADCANFD,ACU,BgmADCANFDFr13,0x1F7,EventTriggered,10.0,0
FrntRgtRdrObj4RdrObjID,ConnectivityCANFD,DRMFR,DrmfrConnectivityFr02,0x1F7,EventTriggered,,True,True,ADCANFD,ACU,BgmADCANFDFr13,0x1F7,EventTriggered,6.0,0
FrntRgtRdrObj4RdrObjLifeCycle,ConnectivityCANFD,DRMFR,DrmfrConnectivityFr02,0x1F7,EventTriggered,,True,True,ADCANFD,ACU,BgmADCANFDFr13,0x1F7,EventTriggered,7.0,0
FrntRgtRdrObj4RdrObjPwr,ConnectivityCANFD,DRMFR,DrmfrConnectivityFr02,0x1F7,EventTriggered,,True,True,ADCANFD,ACU,BgmADCANFDFr13,0x1F7,EventTriggered,8.0,0
FrntRgtRdrObj4RdrObjVx,ConnectivityCANFD,DRMFR,DrmfrConnectivityFr02,0x1F7,EventTriggered,,True,True,ADCANFD,ACU,BgmADCANFDFr13,0x1F7,EventTriggered,11.0,0
FrntRgtRdrObj4RdrObjVxStdDe,ConnectivityCANFD,DRMFR,DrmfrConnectivityFr02,0x1F7,EventTriggered,,True,True,ADCANFD,ACU,BgmADCANFDFr13,0x1F7,EventTriggered,10.0,0
FrntRgtRdrObj4RdrObjVy,ConnectivityCANFD,DRMFR,DrmfrConnectivityFr02,0x1F7,EventTriggered,,True,True,ADCANFD,ACU,BgmADCANFDFr13,0x1F7,EventTriggered,11.0,0
FrntRgtRdrObj4RdrObjVyStdDe,ConnectivityCANFD,DRMFR,DrmfrConnectivityFr02,0x1F7,EventTriggered,,True,True,ADCANFD,ACU,BgmADCANFDFr13,0x1F7,EventTriggered,10.0,0
FrntRgtRdrObj5ObjBoxCenterLat,ConnectivityCANFD,DRMFR,DrmfrConnectivityFr02,0x1F7,EventTriggered,,,,ADCANFD,ACU,BgmADCANFDFr13,0x1F7,EventTriggered,8.0,0
FrntRgtRdrObj5ObjBoxCenterLgt,ConnectivityCANFD,DRMFR,DrmfrConnectivityFr02,0x1F7,EventTriggered,,,,ADCANFD,ACU,BgmADCANFDFr13,0x1F7,EventTriggered,8.0,0
FrntRgtRdrObj5RdrObjChks,ConnectivityCANFD,DRMFR,DrmfrConnectivityFr02,0x1F7,EventTriggered,,True,True,ADCANFD,ACU,BgmADCANFDFr13,0x1F7,EventTriggered,8.0,0
FrntRgtRdrObj5RdrObjCntr,ConnectivityCANFD,DRMFR,DrmfrConnectivityFr02,0x1F7,EventTriggered,,True,True,ADCANFD,ACU,BgmADCANFDFr13,0x1F7,EventTriggered,4.0,0
FrntRgtRdrObj5RdrObjDx,ConnectivityCANFD,DRMFR,DrmfrConnectivityFr02,0x1F7,EventTriggered,,True,True,ADCANFD,ACU,BgmADCANFDFr13,0x1F7,EventTriggered,12.0,0
FrntRgtRdrObj5RdrObjDxStdDe,ConnectivityCANFD,DRMFR,DrmfrConnectivityFr02,0x1F7,EventTriggered,,True,True,ADCANFD,ACU,BgmADCANFDFr13,0x1F7,EventTriggered,11.0,0
FrntRgtRdrObj5RdrObjDy,ConnectivityCANFD,DRMFR,DrmfrConnectivityFr02,0x1F7,EventTriggered,,True,True,ADCANFD,ACU,BgmADCANFDFr13,0x1F7,EventTriggered,12.0,0
FrntRgtRdrObj5RdrObjDyStdDe,ConnectivityCANFD,DRMFR,DrmfrConnectivityFr02,0x1F7,EventTriggered,,True,True,ADCANFD,ACU,BgmADCANFDFr13,0x1F7,EventTriggered,11.0,0
FrntRgtRdrObj5RdrObjDynProp,ConnectivityCANFD,DRMFR,DrmfrConnectivityFr02,0x1F7,EventTriggered,,True,True,ADCANFD,ACU,BgmADCANFDFr13,0x1F7,EventTriggered,1.0,0
FrntRgtRdrObj5RdrObjExistProb,ConnectivityCANFD,DRMFR,DrmfrConnectivityFr02,0x1F7,EventTriggered,,True,True,ADCANFD,ACU,BgmADCANFDFr13,0x1F7,EventTriggered,10.0,0
FrntRgtRdrObj5RdrObjHeight,ConnectivityCANFD,DRMFR,DrmfrConnectivityFr02,0x1F7,EventTriggered,,True,True,ADCANFD,ACU,BgmADCANFDFr13,0x1F7,EventTriggered,10.0,0
FrntRgtRdrObj5RdrObjHeightStdDe,ConnectivityCANFD,DRMFR,DrmfrConnectivityFr02,0x1F7,EventTriggered,,True,True,ADCANFD,ACU,BgmADCANFDFr13,0x1F7,EventTriggered,10.0,0
FrntRgtRdrObj5RdrObjID,ConnectivityCANFD,DRMFR,DrmfrConnectivityFr02,0x1F7,EventTriggered,,True,True,ADCANFD,ACU,BgmADCANFDFr13,0x1F7,EventTriggered,6.0,0
FrntRgtRdrObj5RdrObjLifeCycle,ConnectivityCANFD,DRMFR,DrmfrConnectivityFr02,0x1F7,EventTriggered,,True,True,ADCANFD,ACU,BgmADCANFDFr13,0x1F7,EventTriggered,7.0,0
FrntRgtRdrObj5RdrObjPwr,ConnectivityCANFD,DRMFR,DrmfrConnectivityFr02,0x1F7,EventTriggered,,True,True,ADCANFD,ACU,BgmADCANFDFr13,0x1F7,EventTriggered,8.0,0
FrntRgtRdrObj5RdrObjVx,ConnectivityCANFD,DRMFR,DrmfrConnectivityFr02,0x1F7,EventTriggered,,True,True,ADCANFD,ACU,BgmADCANFDFr13,0x1F7,EventTriggered,11.0,0
FrntRgtRdrObj5RdrObjVxStdDe,ConnectivityCANFD,DRMFR,DrmfrConnectivityFr02,0x1F7,EventTriggered,,True,True,ADCANFD,ACU,BgmADCANFDFr13,0x1F7,EventTriggered,10.0,0
FrntRgtRdrObj5RdrObjVy,ConnectivityCANFD,DRMFR,DrmfrConnectivityFr02,0x1F7,EventTriggered,,True,True,ADCANFD,ACU,BgmADCANFDFr13,0x1F7,EventTriggered,11.0,0
FrntRgtRdrObj5RdrObjVyStdDe,ConnectivityCANFD,DRMFR,DrmfrConnectivityFr02,0x1F7,EventTriggered,,True,True,ADCANFD,ACU,BgmADCANFDFr13,0x1F7,EventTriggered,10.0,0
FrntRgtRdrObj6ObjBoxCenterLat,ConnectivityCANFD,DRMFR,DrmfrConnectivityFr02,0x1F7,EventTriggered,,,,ADCANFD,ACU,BgmADCANFDFr13,0x1F7,EventTriggered,8.0,0
FrntRgtRdrObj6ObjBoxCenterLgt,ConnectivityCANFD,DRMFR,DrmfrConnectivityFr02,0x1F7,EventTriggered,,,,ADCANFD,ACU,BgmADCANFDFr13,0x1F7,EventTriggered,8.0,0
FrntRgtRdrObj6RdrObjChks,ConnectivityCANFD,DRMFR,DrmfrConnectivityFr02,0x1F7,EventTriggered,,True,True,ADCANFD,ACU,BgmADCANFDFr13,0x1F7,EventTriggered,8.0,0
FrntRgtRdrObj6RdrObjCntr,ConnectivityCANFD,DRMFR,DrmfrConnectivityFr02,0x1F7,EventTriggered,,True,True,ADCANFD,ACU,BgmADCANFDFr13,0x1F7,EventTriggered,4.0,0
FrntRgtRdrObj6RdrObjDx,ConnectivityCANFD,DRMFR,DrmfrConnectivityFr02,0x1F7,EventTriggered,,True,True,ADCANFD,ACU,BgmADCANFDFr13,0x1F7,EventTriggered,12.0,0
FrntRgtRdrObj6RdrObjDxStdDe,ConnectivityCANFD,DRMFR,DrmfrConnectivityFr02,0x1F7,EventTriggered,,True,True,ADCANFD,ACU,BgmADCANFDFr13,0x1F7,EventTriggered,11.0,0
FrntRgtRdrObj6RdrObjDy,ConnectivityCANFD,DRMFR,DrmfrConnectivityFr02,0x1F7,EventTriggered,,True,True,ADCANFD,ACU,BgmADCANFDFr13,0x1F7,EventTriggered,12.0,0
FrntRgtRdrObj6RdrObjDyStdDe,ConnectivityCANFD,DRMFR,DrmfrConnectivityFr02,0x1F7,EventTriggered,,True,True,ADCANFD,ACU,BgmADCANFDFr13,0x1F7,EventTriggered,11.0,0
FrntRgtRdrObj6RdrObjDynProp,ConnectivityCANFD,DRMFR,DrmfrConnectivityFr02,0x1F7,EventTriggered,,True,True,ADCANFD,ACU,BgmADCANFDFr13,0x1F7,EventTriggered,1.0,0
FrntRgtRdrObj6RdrObjExistProb,ConnectivityCANFD,DRMFR,DrmfrConnectivityFr02,0x1F7,EventTriggered,,True,True,ADCANFD,ACU,BgmADCANFDFr13,0x1F7,EventTriggered,10.0,0
FrntRgtRdrObj6RdrObjHeight,ConnectivityCANFD,DRMFR,DrmfrConnectivityFr02,0x1F7,EventTriggered,,True,True,ADCANFD,ACU,BgmADCANFDFr13,0x1F7,EventTriggered,10.0,0
FrntRgtRdrObj6RdrObjHeightStdDe,ConnectivityCANFD,DRMFR,DrmfrConnectivityFr02,0x1F7,EventTriggered,,True,True,ADCANFD,ACU,BgmADCANFDFr13,0x1F7,EventTriggered,10.0,0
FrntRgtRdrObj6RdrObjID,ConnectivityCANFD,DRMFR,DrmfrConnectivityFr02,0x1F7,EventTriggered,,True,True,ADCANFD,ACU,BgmADCANFDFr13,0x1F7,EventTriggered,6.0,0
FrntRgtRdrObj6RdrObjLifeCycle,ConnectivityCANFD,DRMFR,DrmfrConnectivityFr02,0x1F7,EventTriggered,,True,True,ADCANFD,ACU,BgmADCANFDFr13,0x1F7,EventTriggered,7.0,0
FrntRgtRdrObj6RdrObjPwr,ConnectivityCANFD,DRMFR,DrmfrConnectivityFr02,0x1F7,EventTriggered,,True,True,ADCANFD,ACU,BgmADCANFDFr13,0x1F7,EventTriggered,8.0,0
FrntRgtRdrObj6RdrObjVx,ConnectivityCANFD,DRMFR,DrmfrConnectivityFr02,0x1F7,EventTriggered,,True,True,ADCANFD,ACU,BgmADCANFDFr13,0x1F7,EventTriggered,11.0,0
FrntRgtRdrObj6RdrObjVxStdDe,ConnectivityCANFD,DRMFR,DrmfrConnectivityFr02,0x1F7,EventTriggered,,True,True,ADCANFD,ACU,BgmADCANFDFr13,0x1F7,EventTriggered,10.0,0
FrntRgtRdrObj6RdrObjVy,ConnectivityCANFD,DRMFR,DrmfrConnectivityFr02,0x1F7,EventTriggered,,True,True,ADCANFD,ACU,BgmADCANFDFr13,0x1F7,EventTriggered,11.0,0
FrntRgtRdrObj6RdrObjVyStdDe,ConnectivityCANFD,DRMFR,DrmfrConnectivityFr02,0x1F7,EventTriggered,,True,True,ADCANFD,ACU,BgmADCANFDFr13,0x1F7,EventTriggered,10.0,0
FrntRgtRdrObj7ObjBoxCenterLat,ConnectivityCANFD,DRMFR,DrmfrConnectivityFr03,0x1F8,EventTriggered,,,,ADCANFD,ACU,BgmADCANFDFr14,0x1F8,EventTriggered,8.0,0
FrntRgtRdrObj7ObjBoxCenterLgt,ConnectivityCANFD,DRMFR,DrmfrConnectivityFr03,0x1F8,EventTriggered,,,,ADCANFD,ACU,BgmADCANFDFr14,0x1F8,EventTriggered,8.0,0
FrntRgtRdrObj7RdrObjChks,ConnectivityCANFD,DRMFR,DrmfrConnectivityFr03,0x1F8,EventTriggered,,True,True,ADCANFD,ACU,BgmADCANFDFr14,0x1F8,EventTriggered,8.0,0
FrntRgtRdrObj7RdrObjCntr,ConnectivityCANFD,DRMFR,DrmfrConnectivityFr03,0x1F8,EventTriggered,,True,True,ADCANFD,ACU,BgmADCANFDFr14,0x1F8,EventTriggered,4.0,0
FrntRgtRdrObj7RdrObjDx,ConnectivityCANFD,DRMFR,DrmfrConnectivityFr03,0x1F8,EventTriggered,,True,True,ADCANFD,ACU,BgmADCANFDFr14,0x1F8,EventTriggered,12.0,0
FrntRgtRdrObj7RdrObjDxStdDe,ConnectivityCANFD,DRMFR,DrmfrConnectivityFr03,0x1F8,EventTriggered,,True,True,ADCANFD,ACU,BgmADCANFDFr14,0x1F8,EventTriggered,11.0,0
FrntRgtRdrObj7RdrObjDy,ConnectivityCANFD,DRMFR,DrmfrConnectivityFr03,0x1F8,EventTriggered,,True,True,ADCANFD,ACU,BgmADCANFDFr14,0x1F8,EventTriggered,12.0,0
FrntRgtRdrObj7RdrObjDyStdDe,ConnectivityCANFD,DRMFR,DrmfrConnectivityFr03,0x1F8,EventTriggered,,True,True,ADCANFD,ACU,BgmADCANFDFr14,0x1F8,EventTriggered,11.0,0
FrntRgtRdrObj7RdrObjDynProp,ConnectivityCANFD,DRMFR,DrmfrConnectivityFr03,0x1F8,EventTriggered,,True,True,ADCANFD,ACU,BgmADCANFDFr14,0x1F8,EventTriggered,1.0,0
FrntRgtRdrObj7RdrObjExistProb,ConnectivityCANFD,DRMFR,DrmfrConnectivityFr03,0x1F8,EventTriggered,,True,True,ADCANFD,ACU,BgmADCANFDFr14,0x1F8,EventTriggered,10.0,0
FrntRgtRdrObj7RdrObjHeight,ConnectivityCANFD,DRMFR,DrmfrConnectivityFr03,0x1F8,EventTriggered,,True,True,ADCANFD,ACU,BgmADCANFDFr14,0x1F8,EventTriggered,10.0,0
FrntRgtRdrObj7RdrObjHeightStdDe,ConnectivityCANFD,DRMFR,DrmfrConnectivityFr03,0x1F8,EventTriggered,,True,True,ADCANFD,ACU,BgmADCANFDFr14,0x1F8,EventTriggered,10.0,0
FrntRgtRdrObj7RdrObjID,ConnectivityCANFD,DRMFR,DrmfrConnectivityFr03,0x1F8,EventTriggered,,True,True,ADCANFD,ACU,BgmADCANFDFr14,0x1F8,EventTriggered,6.0,0
FrntRgtRdrObj7RdrObjLifeCycle,ConnectivityCANFD,DRMFR,DrmfrConnectivityFr03,0x1F8,EventTriggered,,True,True,ADCANFD,ACU,BgmADCANFDFr14,0x1F8,EventTriggered,7.0,0
FrntRgtRdrObj7RdrObjPwr,ConnectivityCANFD,DRMFR,DrmfrConnectivityFr03,0x1F8,EventTriggered,,True,True,ADCANFD,ACU,BgmADCANFDFr14,0x1F8,EventTriggered,8.0,0
FrntRgtRdrObj7RdrObjVx,ConnectivityCANFD,DRMFR,DrmfrConnectivityFr03,0x1F8,EventTriggered,,True,True,ADCANFD,ACU,BgmADCANFDFr14,0x1F8,EventTriggered,11.0,0
FrntRgtRdrObj7RdrObjVxStdDe,ConnectivityCANFD,DRMFR,DrmfrConnectivityFr03,0x1F8,EventTriggered,,True,True,ADCANFD,ACU,BgmADCANFDFr14,0x1F8,EventTriggered,10.0,0
FrntRgtRdrObj7RdrObjVy,ConnectivityCANFD,DRMFR,DrmfrConnectivityFr03,0x1F8,EventTriggered,,True,True,ADCANFD,ACU,BgmADCANFDFr14,0x1F8,EventTriggered,11.0,0
FrntRgtRdrObj7RdrObjVyStdDe,ConnectivityCANFD,DRMFR,DrmfrConnectivityFr03,0x1F8,EventTriggered,,True,True,ADCANFD,ACU,BgmADCANFDFr14,0x1F8,EventTriggered,10.0,0
FrntRgtRdrObj8ObjBoxCenterLat,ConnectivityCANFD,DRMFR,DrmfrConnectivityFr03,0x1F8,EventTriggered,,,,ADCANFD,ACU,BgmADCANFDFr14,0x1F8,EventTriggered,8.0,0
FrntRgtRdrObj8ObjBoxCenterLgt,ConnectivityCANFD,DRMFR,DrmfrConnectivityFr03,0x1F8,EventTriggered,,,,ADCANFD,ACU,BgmADCANFDFr14,0x1F8,EventTriggered,8.0,0
FrntRgtRdrObj8RdrObjChks,ConnectivityCANFD,DRMFR,DrmfrConnectivityFr03,0x1F8,EventTriggered,,True,True,ADCANFD,ACU,BgmADCANFDFr14,0x1F8,EventTriggered,8.0,0
FrntRgtRdrObj8RdrObjCntr,ConnectivityCANFD,DRMFR,DrmfrConnectivityFr03,0x1F8,EventTriggered,,True,True,ADCANFD,ACU,BgmADCANFDFr14,0x1F8,EventTriggered,4.0,0
FrntRgtRdrObj8RdrObjDx,ConnectivityCANFD,DRMFR,DrmfrConnectivityFr03,0x1F8,EventTriggered,,True,True,ADCANFD,ACU,BgmADCANFDFr14,0x1F8,EventTriggered,12.0,0
FrntRgtRdrObj8RdrObjDxStdDe,ConnectivityCANFD,DRMFR,DrmfrConnectivityFr03,0x1F8,EventTriggered,,True,True,ADCANFD,ACU,BgmADCANFDFr14,0x1F8,EventTriggered,11.0,0
FrntRgtRdrObj8RdrObjDy,ConnectivityCANFD,DRMFR,DrmfrConnectivityFr03,0x1F8,EventTriggered,,True,True,ADCANFD,ACU,BgmADCANFDFr14,0x1F8,EventTriggered,12.0,0
FrntRgtRdrObj8RdrObjDyStdDe,ConnectivityCANFD,DRMFR,DrmfrConnectivityFr03,0x1F8,EventTriggered,,True,True,ADCANFD,ACU,BgmADCANFDFr14,0x1F8,EventTriggered,11.0,0
FrntRgtRdrObj8RdrObjDynProp,ConnectivityCANFD,DRMFR,DrmfrConnectivityFr03,0x1F8,EventTriggered,,True,True,ADCANFD,ACU,BgmADCANFDFr14,0x1F8,EventTriggered,1.0,0
FrntRgtRdrObj8RdrObjExistProb,ConnectivityCANFD,DRMFR,DrmfrConnectivityFr03,0x1F8,EventTriggered,,True,True,ADCANFD,ACU,BgmADCANFDFr14,0x1F8,EventTriggered,10.0,0
FrntRgtRdrObj8RdrObjHeight,ConnectivityCANFD,DRMFR,DrmfrConnectivityFr03,0x1F8,EventTriggered,,True,True,ADCANFD,ACU,BgmADCANFDFr14,0x1F8,EventTriggered,10.0,0
FrntRgtRdrObj8RdrObjHeightStdDe,ConnectivityCANFD,DRMFR,DrmfrConnectivityFr03,0x1F8,EventTriggered,,True,True,ADCANFD,ACU,BgmADCANFDFr14,0x1F8,EventTriggered,10.0,0
FrntRgtRdrObj8RdrObjID,ConnectivityCANFD,DRMFR,DrmfrConnectivityFr03,0x1F8,EventTriggered,,True,True,ADCANFD,ACU,BgmADCANFDFr14,0x1F8,EventTriggered,6.0,0
FrntRgtRdrObj8RdrObjLifeCycle,ConnectivityCANFD,DRMFR,DrmfrConnectivityFr03,0x1F8,EventTriggered,,True,True,ADCANFD,ACU,BgmADCANFDFr14,0x1F8,EventTriggered,7.0,0
FrntRgtRdrObj8RdrObjPwr,ConnectivityCANFD,DRMFR,DrmfrConnectivityFr03,0x1F8,EventTriggered,,True,True,ADCANFD,ACU,BgmADCANFDFr14,0x1F8,EventTriggered,8.0,0
FrntRgtRdrObj8RdrObjVx,ConnectivityCANFD,DRMFR,DrmfrConnectivityFr03,0x1F8,EventTriggered,,True,True,ADCANFD,ACU,BgmADCANFDFr14,0x1F8,EventTriggered,11.0,0
FrntRgtRdrObj8RdrObjVxStdDe,ConnectivityCANFD,DRMFR,DrmfrConnectivityFr03,0x1F8,EventTriggered,,True,True,ADCANFD,ACU,BgmADCANFDFr14,0x1F8,EventTriggered,10.0,0
FrntRgtRdrObj8RdrObjVy,ConnectivityCANFD,DRMFR,DrmfrConnectivityFr03,0x1F8,EventTriggered,,True,True,ADCANFD,ACU,BgmADCANFDFr14,0x1F8,EventTriggered,11.0,0
FrntRgtRdrObj8RdrObjVyStdDe,ConnectivityCANFD,DRMFR,DrmfrConnectivityFr03,0x1F8,EventTriggered,,True,True,ADCANFD,ACU,BgmADCANFDFr14,0x1F8,EventTriggered,10.0,0
FrntRgtRdrObj9ObjBoxCenterLat,ConnectivityCANFD,DRMFR,DrmfrConnectivityFr03,0x1F8,EventTriggered,,,,ADCANFD,ACU,BgmADCANFDFr14,0x1F8,EventTriggered,8.0,0
FrntRgtRdrObj9ObjBoxCenterLgt,ConnectivityCANFD,DRMFR,DrmfrConnectivityFr03,0x1F8,EventTriggered,,,,ADCANFD,ACU,BgmADCANFDFr14,0x1F8,EventTriggered,8.0,0
FrntRgtRdrObj9RdrObjChks,ConnectivityCANFD,DRMFR,DrmfrConnectivityFr03,0x1F8,EventTriggered,,True,True,ADCANFD,ACU,BgmADCANFDFr14,0x1F8,EventTriggered,8.0,0
FrntRgtRdrObj9RdrObjCntr,ConnectivityCANFD,DRMFR,DrmfrConnectivityFr03,0x1F8,EventTriggered,,True,True,ADCANFD,ACU,BgmADCANFDFr14,0x1F8,EventTriggered,4.0,0
FrntRgtRdrObj9RdrObjDx,ConnectivityCANFD,DRMFR,DrmfrConnectivityFr03,0x1F8,EventTriggered,,True,True,ADCANFD,ACU,BgmADCANFDFr14,0x1F8,EventTriggered,12.0,0
FrntRgtRdrObj9RdrObjDxStdDe,ConnectivityCANFD,DRMFR,DrmfrConnectivityFr03,0x1F8,EventTriggered,,True,True,ADCANFD,ACU,BgmADCANFDFr14,0x1F8,EventTriggered,11.0,0
FrntRgtRdrObj9RdrObjDy,ConnectivityCANFD,DRMFR,DrmfrConnectivityFr03,0x1F8,EventTriggered,,True,True,ADCANFD,ACU,BgmADCANFDFr14,0x1F8,EventTriggered,12.0,0
FrntRgtRdrObj9RdrObjDyStdDe,ConnectivityCANFD,DRMFR,DrmfrConnectivityFr03,0x1F8,EventTriggered,,True,True,ADCANFD,ACU,BgmADCANFDFr14,0x1F8,EventTriggered,11.0,0
FrntRgtRdrObj9RdrObjDynProp,ConnectivityCANFD,DRMFR,DrmfrConnectivityFr03,0x1F8,EventTriggered,,True,True,ADCANFD,ACU,BgmADCANFDFr14,0x1F8,EventTriggered,1.0,0
FrntRgtRdrObj9RdrObjExistProb,ConnectivityCANFD,DRMFR,DrmfrConnectivityFr03,0x1F8,EventTriggered,,True,True,ADCANFD,ACU,BgmADCANFDFr14,0x1F8,EventTriggered,10.0,0
FrntRgtRdrObj9RdrObjHeight,ConnectivityCANFD,DRMFR,DrmfrConnectivityFr03,0x1F8,EventTriggered,,True,True,ADCANFD,ACU,BgmADCANFDFr14,0x1F8,EventTriggered,10.0,0
FrntRgtRdrObj9RdrObjHeightStdDe,ConnectivityCANFD,DRMFR,DrmfrConnectivityFr03,0x1F8,EventTriggered,,True,True,ADCANFD,ACU,BgmADCANFDFr14,0x1F8,EventTriggered,10.0,0
FrntRgtRdrObj9RdrObjID,ConnectivityCANFD,DRMFR,DrmfrConnectivityFr03,0x1F8,EventTriggered,,True,True,ADCANFD,ACU,BgmADCANFDFr14,0x1F8,EventTriggered,6.0,0
FrntRgtRdrObj9RdrObjLifeCycle,ConnectivityCANFD,DRMFR,DrmfrConnectivityFr03,0x1F8,EventTriggered,,True,True,ADCANFD,ACU,BgmADCANFDFr14,0x1F8,EventTriggered,7.0,0
FrntRgtRdrObj9RdrObjPwr,ConnectivityCANFD,DRMFR,DrmfrConnectivityFr03,0x1F8,EventTriggered,,True,True,ADCANFD,ACU,BgmADCANFDFr14,0x1F8,EventTriggered,8.0,0
FrntRgtRdrObj9RdrObjVx,ConnectivityCANFD,DRMFR,DrmfrConnectivityFr03,0x1F8,EventTriggered,,True,True,ADCANFD,ACU,BgmADCANFDFr14,0x1F8,EventTriggered,11.0,0
FrntRgtRdrObj9RdrObjVxStdDe,ConnectivityCANFD,DRMFR,DrmfrConnectivityFr03,0x1F8,EventTriggered,,True,True,ADCANFD,ACU,BgmADCANFDFr14,0x1F8,EventTriggered,10.0,0
FrntRgtRdrObj9RdrObjVy,ConnectivityCANFD,DRMFR,DrmfrConnectivityFr03,0x1F8,EventTriggered,,True,True,ADCANFD,ACU,BgmADCANFDFr14,0x1F8,EventTriggered,11.0,0
FrntRgtRdrObj9RdrObjVyStdDe,ConnectivityCANFD,DRMFR,DrmfrConnectivityFr03,0x1F8,EventTriggered,,True,True,ADCANFD,ACU,BgmADCANFDFr14,0x1F8,EventTriggered,10.0,0
FrntRgtRdrSyncRdrObjTimeStampNSec,ConnectivityCANFD,DRMFR,DrmfrConnectivityFr06,0x1FC,EventTriggered,,,,ADCANFD,ACU,BgmADCANFDFr17,0x1FC,EventTriggered,32.0,0
FrntRgtRdrSyncRdrObjTimeStampSec,ConnectivityCANFD,DRMFR,DrmfrConnectivityFr06,0x1FC,EventTriggered,,,,ADCANFD,ACU,BgmADCANFDFr17,0x1FC,EventTriggered,32.0,0
FrntRgtRdrSyncRdrSyncChks,ConnectivityCANFD,DRMFR,DrmfrConnectivityFr06,0x1FC,EventTriggered,,True,True,ADCANFD,ACU,BgmADCANFDFr17,0x1FC,EventTriggered,8.0,0
FrntRgtRdrSyncRdrSyncCntr,ConnectivityCANFD,DRMFR,DrmfrConnectivityFr06,0x1FC,EventTriggered,,True,True,ADCANFD,ACU,BgmADCANFDFr17,0x1FC,EventTriggered,4.0,0
HandsOnDetectionChks,CEM_LIN4,HOD,HodDim_Lin1Fr04,0x18,75,,True,True,ADCANFD,ACU,BgmADCANFDFr01,0x310,10,8.0,0
HandsOnDetectionCntr,CEM_LIN4,HOD,HodDim_Lin1Fr04,0x18,75,,True,True,ADCANFD,ACU,BgmADCANFDFr01,0x310,10,4.0,0
HandsOnDetectionErrorStatus,CEM_LIN4,HOD,HodDim_Lin1Fr04,0x18,75,,True,True,ADCANFD,ACU,BgmADCANFDFr01,0x310,10,3.0,0
HandsOnDetectionHandsOnStatus,CEM_LIN4,HOD,HodDim_Lin1Fr04,0x18,75,,True,True,ADCANFD,ACU,BgmADCANFDFr01,0x310,10,2.0,0
HudSnsrErrParChk,CEM_LIN1,RLSM,RlsmCem_Lin1Fr01,0x15,"[80, 85]",,,,BackboneFR,ETC,CemBackBoneFr03,37=0=2,10,1.0,0
HudSnsrErrSnsrErr,CEM_LIN1,RLSM,RlsmCem_Lin1Fr01,0x15,"[80, 85]",,,,BackboneFR,ETC,CemBackBoneFr03,37=0=2,10,1.0,0
HvCooltHeatrEnadWhE2EChks,BackboneFR,VDDM,VddmBackBoneFr24,49=9=32,160,,True,True,BodyCAN,CCM,CEMBodyFr33,0x330,215,8.0,0
HvCooltHeatrEnadWhE2ECntr,BackboneFR,VDDM,VddmBackBoneFr24,49=9=32,160,,True,True,BodyCAN,CCM,CEMBodyFr33,0x330,215,4.0,0
HvCooltHeatrEnadWhE2EHvchEnad,BackboneFR,VDDM,VddmBackBoneFr24,49=9=32,160,,True,True,BodyCAN,CCM,CEMBodyFr33,0x330,215,1.0,0
HvSysRlyStsChks,BackboneFR,VDDM,VddmBackBoneFr06,48=1=4,20,,True,True,BodyCAN,CCM,CEMBodyFr14,0x140,50,8.0,0
HvSysRlyStsChks,BackboneFR,VDDM,VddmBackBoneFr06,48=1=4,20,,True,True,BodyCAN,SMD,CEMBodyFr14,0x140,50,8.0,1
HvSysRlyStsChks,BackboneFR,VDDM,VddmBackBoneFr06,48=1=4,20,,True,True,BodyCAN,SMP,CEMBodyFr14,0x140,50,8.0,1
HvSysRlyStsChks,BackboneFR,VDDM,VddmBackBoneFr06,48=1=4,20,,True,True,ConnectivityCANFD,TCAM,VgmConnFr52,0x15A,20,8.0,0
HvSysRlyStsChks,BackboneFR,VDDM,VddmBackBoneFr06,48=1=4,20,,True,True,BodyCAN,SMB,CEMBodyFr14,0x140,50,8.0,1
HvSysRlyStsChks,BackboneFR,VDDM,VddmBackBoneFr06,48=1=4,20,,True,True,BodyCAN,SMB,CEMBodyFr14,0x140,50,8.0,1
HvSysRlyStsCntr,BackboneFR,VDDM,VddmBackBoneFr06,48=1=4,20,,True,True,BodyCAN,CCM,CEMBodyFr14,0x140,50,4.0,0
HvSysRlyStsCntr,BackboneFR,VDDM,VddmBackBoneFr06,48=1=4,20,,True,True,BodyCAN,SMD,CEMBodyFr14,0x140,50,4.0,1
HvSysRlyStsCntr,BackboneFR,VDDM,VddmBackBoneFr06,48=1=4,20,,True,True,BodyCAN,SMP,CEMBodyFr14,0x140,50,4.0,1
HvSysRlyStsCntr,BackboneFR,VDDM,VddmBackBoneFr06,48=1=4,20,,True,True,ConnectivityCANFD,TCAM,VgmConnFr52,0x15A,20,4.0,0
HvSysRlyStsCntr,BackboneFR,VDDM,VddmBackBoneFr06,48=1=4,20,,True,True,BodyCAN,SMB,CEMBodyFr14,0x140,50,4.0,1
HvSysRlyStsCntr,BackboneFR,VDDM,VddmBackBoneFr06,48=1=4,20,,True,True,BodyCAN,SMB,CEMBodyFr14,0x140,50,4.0,1
HvSysRlyStsHvSysRlySts,BackboneFR,VDDM,VddmBackBoneFr06,48=1=4,20,,True,True,BodyCAN,CCM,CEMBodyFr14,0x140,50,2.0,0
HvSysRlyStsHvSysRlySts,BackboneFR,VDDM,VddmBackBoneFr06,48=1=4,20,,True,True,BodyCAN,SMD,CEMBodyFr14,0x140,50,2.0,1
HvSysRlyStsHvSysRlySts,BackboneFR,VDDM,VddmBackBoneFr06,48=1=4,20,,True,True,BodyCAN,SMP,CEMBodyFr14,0x140,50,2.0,1
HvSysRlyStsHvSysRlySts,BackboneFR,VDDM,VddmBackBoneFr06,48=1=4,20,,True,True,ConnectivityCANFD,TCAM,VgmConnFr52,0x15A,20,2.0,0
HvSysRlyStsHvSysRlySts,BackboneFR,VDDM,VddmBackBoneFr06,48=1=4,20,,True,True,BodyCAN,SMB,CEMBodyFr14,0x140,50,2.0,1
HvSysRlyStsHvSysRlySts,BackboneFR,VDDM,VddmBackBoneFr06,48=1=4,20,,True,True,BodyCAN,SMB,CEMBodyFr14,0x140,50,2.0,1
HvacAirTForRowFirstAtFlrLeEvaprTFrnt,BodyCAN,CCM,CcmBodyFr15,0x409,250,,,,BackboneFR,VDDM,CemBackBoneFr20,38=16=64,320,13.0,0
HvacAirTForRowFirstAtFlrLeEvaprTQf,BodyCAN,CCM,CcmBodyFr15,0x409,250,,,,BackboneFR,VDDM,CemBackBoneFr20,38=16=64,320,1.0,0
HvacAirTForRowFirstAtFlrRiEvaprTFrnt,BodyCAN,CCM,CcmBodyFr15,0x409,250,,,,BackboneFR,VDDM,CemBackBoneFr20,38=16=64,320,13.0,0
HvacAirTForRowFirstAtFlrRiEvaprTQf,BodyCAN,CCM,CcmBodyFr15,0x409,250,,,,BackboneFR,VDDM,CemBackBoneFr20,38=16=64,320,1.0,0
HvacAirTForRowFirstAtVentLeEvaprTFrnt,BodyCAN,CCM,CcmBodyFr15,0x409,250,,,,BackboneFR,VDDM,CemBackBoneFr20,38=16=64,320,13.0,0
HvacAirTForRowFirstAtVentLeEvaprTQf,BodyCAN,CCM,CcmBodyFr15,0x409,250,,,,BackboneFR,VDDM,CemBackBoneFr20,38=16=64,320,1.0,0
HvacAirTForRowFirstAtVentRiEvaprTFrnt,BodyCAN,CCM,CcmBodyFr15,0x409,250,,,,BackboneFR,VDDM,CemBackBoneFr20,38=16=64,320,13.0,0
HvacAirTForRowFirstAtVentRiEvaprTQf,BodyCAN,CCM,CcmBodyFr15,0x409,250,,,,BackboneFR,VDDM,CemBackBoneFr20,38=16=64,320,1.0,0
HvacAirTForRowSecAtFlrLeEvaprTFrnt,BodyCAN,CCM,CcmBodyFr16,0x40A,150,,,,BackboneFR,VDDM,CemBackBoneFr20,38=16=64,320,13.0,0
HvacAirTForRowSecAtFlrLeEvaprTQf,BodyCAN,CCM,CcmBodyFr16,0x40A,150,,,,BackboneFR,VDDM,CemBackBoneFr20,38=16=64,320,1.0,0
HvacAirTForRowSecAtFlrRiEvaprTFrnt,BodyCAN,CCM,CcmBodyFr16,0x40A,150,,,,BackboneFR,VDDM,CemBackBoneFr20,38=16=64,320,13.0,0
HvacAirTForRowSecAtFlrRiEvaprTQf,BodyCAN,CCM,CcmBodyFr16,0x40A,150,,,,BackboneFR,VDDM,CemBackBoneFr20,38=16=64,320,1.0,0
HvacAirTForRowSecAtVentLeEvaprTFrnt,BodyCAN,CCM,CcmBodyFr16,0x40A,150,,,,BackboneFR,VDDM,CemBackBoneFr20,38=16=64,320,13.0,0
HvacAirTForRowSecAtVentLeEvaprTQf,BodyCAN,CCM,CcmBodyFr16,0x40A,150,,,,BackboneFR,VDDM,CemBackBoneFr20,38=16=64,320,1.0,0
HvacAirTForRowSecAtVentRiEvaprTFrnt,BodyCAN,CCM,CcmBodyFr16,0x40A,150,,,,BackboneFR,VDDM,CemBackBoneFr20,38=16=64,320,13.0,0
HvacAirTForRowSecAtVentRiEvaprTQf,BodyCAN,CCM,CcmBodyFr16,0x40A,150,,,,BackboneFR,VDDM,CemBackBoneFr20,38=16=64,320,1.0,0
HvacCondsorTEvaprTFrnt,BodyCAN,CCM,CcmBodyFr22,0x410,150,,,,BackboneFR,VDDM,CemBackBoneFr20,38=16=64,320,13.0,0
HvacCondsorTEvaprTQf,BodyCAN,CCM,CcmBodyFr22,0x410,150,,,,BackboneFR,VDDM,CemBackBoneFr20,38=16=64,320,1.0,0
HvacCondsorTspEvaprTFrnt,BodyCAN,CCM,CcmBodyFr22,0x410,150,,,,BackboneFR,VDDM,CemBackBoneFr20,38=16=64,320,13.0,0
HvacCondsorTspEvaprTQf,BodyCAN,CCM,CcmBodyFr22,0x410,150,,,,BackboneFR,VDDM,CemBackBoneFr20,38=16=64,320,1.0,0
HvacHeatrInletTempReqEvaprTFrnt,BodyCAN,CCM,CcmBodyFr30,0x401,500,,,,BackboneFR,VDDM,CemBackBoneFr21,38=20=64,320,13.0,0
HvacHeatrInletTempReqEvaprTQf,BodyCAN,CCM,CcmBodyFr30,0x401,500,,,,BackboneFR,VDDM,CemBackBoneFr21,38=20=64,320,1.0,0
HvacHexAirTHvacAirTForHeatrFrnt,BodyCAN,CCM,CcmBodyFr30,0x401,500,,,,BackboneFR,VDDM,CemBackBoneFr20,38=16=64,320,13.0,0
HvacHexAirTHvacAirTForHeatrFrntQf,BodyCAN,CCM,CcmBodyFr30,0x401,500,,,,BackboneFR,VDDM,CemBackBoneFr20,38=16=64,320,1.0,0
PassSeatPosPercSeatPosFrntHeiPerc,BodyCAN,SMP,SmpBodyFr02,0x113,70,,,,BackboneFR,SRS,CemBackBoneFr23,39=5=8,40,10.0,0
PassSeatPosPercSeatPosFrntHeiPerc,BodyCAN,SMP,SmpBodyFr02,0x113,70,,,,BackboneFR,PSGM,CemBackBoneFr23,39=5=8,40,10.0,1
PassSeatPosPercSeatPosFrntHeiQF,BodyCAN,SMP,SmpBodyFr02,0x113,70,,,,BackboneFR,SRS,CemBackBoneFr23,39=5=8,40,2.0,0
PassSeatPosPercSeatPosFrntHeiQF,BodyCAN,SMP,SmpBodyFr02,0x113,70,,,,BackboneFR,PSGM,CemBackBoneFr23,39=5=8,40,2.0,1
PassSeatPosPercSeatPosHeiPerc,BodyCAN,SMP,SmpBodyFr02,0x113,70,,,,BackboneFR,SRS,CemBackBoneFr23,39=5=8,40,10.0,0
PassSeatPosPercSeatPosHeiPerc,BodyCAN,SMP,SmpBodyFr02,0x113,70,,,,BackboneFR,PSGM,CemBackBoneFr23,39=5=8,40,10.0,1
PassSeatPosPercSeatPosHeiQF,BodyCAN,SMP,SmpBodyFr02,0x113,70,,,,BackboneFR,SRS,CemBackBoneFr23,39=5=8,40,2.0,0
PassSeatPosPercSeatPosHeiQF,BodyCAN,SMP,SmpBodyFr02,0x113,70,,,,BackboneFR,PSGM,CemBackBoneFr23,39=5=8,40,2.0,1
PassSeatPosPercSeatPosSldPerc,BodyCAN,SMP,SmpBodyFr02,0x113,70,,,,BackboneFR,SRS,CemBackBoneFr23,39=5=8,40,10.0,0
PassSeatPosPercSeatPosSldPerc,BodyCAN,SMP,SmpBodyFr02,0x113,70,,,,BackboneFR,PSGM,CemBackBoneFr23,39=5=8,40,10.0,1
PassSeatPosPercSeatPosSldQF,BodyCAN,SMP,SmpBodyFr02,0x113,70,,,,BackboneFR,SRS,CemBackBoneFr23,39=5=8,40,2.0,0
PassSeatPosPercSeatPosSldQF,BodyCAN,SMP,SmpBodyFr02,0x113,70,,,,BackboneFR,PSGM,CemBackBoneFr23,39=5=8,40,2.0,1
RearLeftRdrObj1ObjBoxCenterLat,ConnectivityCANFD,DRMRL,DrmrlConnectivityFr01,0x1FD,EventTriggered,,,,ADCANFD,ACU,BgmADCANFDFr18,0x1FD,EventTriggered,8.0,0
RearLeftRdrObj1ObjBoxCenterLgt,ConnectivityCANFD,DRMRL,DrmrlConnectivityFr01,0x1FD,EventTriggered,,,,ADCANFD,ACU,BgmADCANFDFr18,0x1FD,EventTriggered,8.0,0
RearLeftRdrObj1RdrObjChks,ConnectivityCANFD,DRMRL,DrmrlConnectivityFr01,0x1FD,EventTriggered,,True,True,ADCANFD,ACU,BgmADCANFDFr18,0x1FD,EventTriggered,8.0,0
RearLeftRdrObj1RdrObjCntr,ConnectivityCANFD,DRMRL,DrmrlConnectivityFr01,0x1FD,EventTriggered,,True,True,ADCANFD,ACU,BgmADCANFDFr18,0x1FD,EventTriggered,4.0,0
RearLeftRdrObj1RdrObjDx,ConnectivityCANFD,DRMRL,DrmrlConnectivityFr01,0x1FD,EventTriggered,,True,True,ADCANFD,ACU,BgmADCANFDFr18,0x1FD,EventTriggered,12.0,0
RearLeftRdrObj1RdrObjDxStdDe,ConnectivityCANFD,DRMRL,DrmrlConnectivityFr01,0x1FD,EventTriggered,,True,True,ADCANFD,ACU,BgmADCANFDFr18,0x1FD,EventTriggered,11.0,0
RearLeftRdrObj1RdrObjDy,ConnectivityCANFD,DRMRL,DrmrlConnectivityFr01,0x1FD,EventTriggered,,True,True,ADCANFD,ACU,BgmADCANFDFr18,0x1FD,EventTriggered,12.0,0
RearLeftRdrObj1RdrObjDyStdDe,ConnectivityCANFD,DRMRL,DrmrlConnectivityFr01,0x1FD,EventTriggered,,True,True,ADCANFD,ACU,BgmADCANFDFr18,0x1FD,EventTriggered,11.0,0
RearLeftRdrObj1RdrObjDynProp,ConnectivityCANFD,DRMRL,DrmrlConnectivityFr01,0x1FD,EventTriggered,,True,True,ADCANFD,ACU,BgmADCANFDFr18,0x1FD,EventTriggered,1.0,0
RearLeftRdrObj1RdrObjExistProb,ConnectivityCANFD,DRMRL,DrmrlConnectivityFr01,0x1FD,EventTriggered,,True,True,ADCANFD,ACU,BgmADCANFDFr18,0x1FD,EventTriggered,10.0,0
RearLeftRdrObj1RdrObjHeight,ConnectivityCANFD,DRMRL,DrmrlConnectivityFr01,0x1FD,EventTriggered,,True,True,ADCANFD,ACU,BgmADCANFDFr18,0x1FD,EventTriggered,10.0,0
RearLeftRdrObj1RdrObjHeightStdDe,ConnectivityCANFD,DRMRL,DrmrlConnectivityFr01,0x1FD,EventTriggered,,True,True,ADCANFD,ACU,BgmADCANFDFr18,0x1FD,EventTriggered,10.0,0
RearLeftRdrObj1RdrObjID,ConnectivityCANFD,DRMRL,DrmrlConnectivityFr01,0x1FD,EventTriggered,,True,True,ADCANFD,ACU,BgmADCANFDFr18,0x1FD,EventTriggered,6.0,0
RearLeftRdrObj1RdrObjLifeCycle,ConnectivityCANFD,DRMRL,DrmrlConnectivityFr01,0x1FD,EventTriggered,,True,True,ADCANFD,ACU,BgmADCANFDFr18,0x1FD,EventTriggered,7.0,0
RearLeftRdrObj1RdrObjPwr,ConnectivityCANFD,DRMRL,DrmrlConnectivityFr01,0x1FD,EventTriggered,,True,True,ADCANFD,ACU,BgmADCANFDFr18,0x1FD,EventTriggered,8.0,0
RearLeftRdrObj1RdrObjVx,ConnectivityCANFD,DRMRL,DrmrlConnectivityFr01,0x1FD,EventTriggered,,True,True,ADCANFD,ACU,BgmADCANFDFr18,0x1FD,EventTriggered,11.0,0
RearLeftRdrObj1RdrObjVxStdDe,ConnectivityCANFD,DRMRL,DrmrlConnectivityFr01,0x1FD,EventTriggered,,True,True,ADCANFD,ACU,BgmADCANFDFr18,0x1FD,EventTriggered,10.0,0
RearLeftRdrObj1RdrObjVy,ConnectivityCANFD,DRMRL,DrmrlConnectivityFr01,0x1FD,EventTriggered,,True,True,ADCANFD,ACU,BgmADCANFDFr18,0x1FD,EventTriggered,11.0,0
RearLeftRdrObj1RdrObjVyStdDe,ConnectivityCANFD,DRMRL,DrmrlConnectivityFr01,0x1FD,EventTriggered,,True,True,ADCANFD,ACU,BgmADCANFDFr18,0x1FD,EventTriggered,10.0,0
RearLeftRdrObj10ObjBoxCenterLat,ConnectivityCANFD,DRMRL,DrmrlConnectivityFr04,0x201,EventTriggered,,,,ADCANFD,ACU,BgmADCANFDFr21,0x201,EventTriggered,8.0,0
RearLeftRdrObj10ObjBoxCenterLgt,ConnectivityCANFD,DRMRL,DrmrlConnectivityFr04,0x201,EventTriggered,,,,ADCANFD,ACU,BgmADCANFDFr21,0x201,EventTriggered,8.0,0
RearLeftRdrObj10RdrObjChks,ConnectivityCANFD,DRMRL,DrmrlConnectivityFr04,0x201,EventTriggered,,True,True,ADCANFD,ACU,BgmADCANFDFr21,0x201,EventTriggered,8.0,0
RearLeftRdrObj10RdrObjCntr,ConnectivityCANFD,DRMRL,DrmrlConnectivityFr04,0x201,EventTriggered,,True,True,ADCANFD,ACU,BgmADCANFDFr21,0x201,EventTriggered,4.0,0
RearLeftRdrObj10RdrObjDx,ConnectivityCANFD,DRMRL,DrmrlConnectivityFr04,0x201,EventTriggered,,True,True,ADCANFD,ACU,BgmADCANFDFr21,0x201,EventTriggered,12.0,0
RearLeftRdrObj10RdrObjDxStdDe,ConnectivityCANFD,DRMRL,DrmrlConnectivityFr04,0x201,EventTriggered,,True,True,ADCANFD,ACU,BgmADCANFDFr21,0x201,EventTriggered,11.0,0
RearLeftRdrObj10RdrObjDy,ConnectivityCANFD,DRMRL,DrmrlConnectivityFr04,0x201,EventTriggered,,True,True,ADCANFD,ACU,BgmADCANFDFr21,0x201,EventTriggered,12.0,0
RearLeftRdrObj10RdrObjDyStdDe,ConnectivityCANFD,DRMRL,DrmrlConnectivityFr04,0x201,EventTriggered,,True,True,ADCANFD,ACU,BgmADCANFDFr21,0x201,EventTriggered,11.0,0
RearLeftRdrObj10RdrObjDynProp,ConnectivityCANFD,DRMRL,DrmrlConnectivityFr04,0x201,EventTriggered,,True,True,ADCANFD,ACU,BgmADCANFDFr21,0x201,EventTriggered,1.0,0
RearLeftRdrObj10RdrObjExistProb,ConnectivityCANFD,DRMRL,DrmrlConnectivityFr04,0x201,EventTriggered,,True,True,ADCANFD,ACU,BgmADCANFDFr21,0x201,EventTriggered,10.0,0
RearLeftRdrObj10RdrObjHeight,ConnectivityCANFD,DRMRL,DrmrlConnectivityFr04,0x201,EventTriggered,,True,True,ADCANFD,ACU,BgmADCANFDFr21,0x201,EventTriggered,10.0,0
RearLeftRdrObj10RdrObjHeightStdDe,ConnectivityCANFD,DRMRL,DrmrlConnectivityFr04,0x201,EventTriggered,,True,True,ADCANFD,ACU,BgmADCANFDFr21,0x201,EventTriggered,10.0,0
RearLeftRdrObj10RdrObjID,ConnectivityCANFD,DRMRL,DrmrlConnectivityFr04,0x201,EventTriggered,,True,True,ADCANFD,ACU,BgmADCANFDFr21,0x201,EventTriggered,6.0,0
RearLeftRdrObj10RdrObjLifeCycle,ConnectivityCANFD,DRMRL,DrmrlConnectivityFr04,0x201,EventTriggered,,True,True,ADCANFD,ACU,BgmADCANFDFr21,0x201,EventTriggered,7.0,0
RearLeftRdrObj10RdrObjPwr,ConnectivityCANFD,DRMRL,DrmrlConnectivityFr04,0x201,EventTriggered,,True,True,ADCANFD,ACU,BgmADCANFDFr21,0x201,EventTriggered,8.0,0
RearLeftRdrObj10RdrObjVx,ConnectivityCANFD,DRMRL,DrmrlConnectivityFr04,0x201,EventTriggered,,True,True,ADCANFD,ACU,BgmADCANFDFr21,0x201,EventTriggered,11.0,0
RearLeftRdrObj10RdrObjVxStdDe,ConnectivityCANFD,DRMRL,DrmrlConnectivityFr04,0x201,EventTriggered,,True,True,ADCANFD,ACU,BgmADCANFDFr21,0x201,EventTriggered,10.0,0
RearLeftRdrObj10RdrObjVy,ConnectivityCANFD,DRMRL,DrmrlConnectivityFr04,0x201,EventTriggered,,True,True,ADCANFD,ACU,BgmADCANFDFr21,0x201,EventTriggered,11.0,0
RearLeftRdrObj10RdrObjVyStdDe,ConnectivityCANFD,DRMRL,DrmrlConnectivityFr04,0x201,EventTriggered,,True,True,ADCANFD,ACU,BgmADCANFDFr21,0x201,EventTriggered,10.0,0
RearLeftRdrObj11ObjBoxCenterLat,ConnectivityCANFD,DRMRL,DrmrlConnectivityFr04,0x201,EventTriggered,,,,ADCANFD,ACU,BgmADCANFDFr21,0x201,EventTriggered,8.0,0
RearLeftRdrObj11ObjBoxCenterLgt,ConnectivityCANFD,DRMRL,DrmrlConnectivityFr04,0x201,EventTriggered,,,,ADCANFD,ACU,BgmADCANFDFr21,0x201,EventTriggered,8.0,0
RearLeftRdrObj11RdrObjChks,ConnectivityCANFD,DRMRL,DrmrlConnectivityFr04,0x201,EventTriggered,,True,True,ADCANFD,ACU,BgmADCANFDFr21,0x201,EventTriggered,8.0,0
RearLeftRdrObj11RdrObjCntr,ConnectivityCANFD,DRMRL,DrmrlConnectivityFr04,0x201,EventTriggered,,True,True,ADCANFD,ACU,BgmADCANFDFr21,0x201,EventTriggered,4.0,0
RearLeftRdrObj11RdrObjDx,ConnectivityCANFD,DRMRL,DrmrlConnectivityFr04,0x201,EventTriggered,,True,True,ADCANFD,ACU,BgmADCANFDFr21,0x201,EventTriggered,12.0,0
RearLeftRdrObj11RdrObjDxStdDe,ConnectivityCANFD,DRMRL,DrmrlConnectivityFr04,0x201,EventTriggered,,True,True,ADCANFD,ACU,BgmADCANFDFr21,0x201,EventTriggered,11.0,0
RearLeftRdrObj11RdrObjDy,ConnectivityCANFD,DRMRL,DrmrlConnectivityFr04,0x201,EventTriggered,,True,True,ADCANFD,ACU,BgmADCANFDFr21,0x201,EventTriggered,12.0,0
RearLeftRdrObj11RdrObjDyStdDe,ConnectivityCANFD,DRMRL,DrmrlConnectivityFr04,0x201,EventTriggered,,True,True,ADCANFD,ACU,BgmADCANFDFr21,0x201,EventTriggered,11.0,0
RearLeftRdrObj11RdrObjDynProp,ConnectivityCANFD,DRMRL,DrmrlConnectivityFr04,0x201,EventTriggered,,True,True,ADCANFD,ACU,BgmADCANFDFr21,0x201,EventTriggered,1.0,0
RearLeftRdrObj11RdrObjExistProb,ConnectivityCANFD,DRMRL,DrmrlConnectivityFr04,0x201,EventTriggered,,True,True,ADCANFD,ACU,BgmADCANFDFr21,0x201,EventTriggered,10.0,0
RearLeftRdrObj11RdrObjHeight,ConnectivityCANFD,DRMRL,DrmrlConnectivityFr04,0x201,EventTriggered,,True,True,ADCANFD,ACU,BgmADCANFDFr21,0x201,EventTriggered,10.0,0
RearLeftRdrObj11RdrObjHeightStdDe,ConnectivityCANFD,DRMRL,DrmrlConnectivityFr04,0x201,EventTriggered,,True,True,ADCANFD,ACU,BgmADCANFDFr21,0x201,EventTriggered,10.0,0
RearLeftRdrObj11RdrObjID,ConnectivityCANFD,DRMRL,DrmrlConnectivityFr04,0x201,EventTriggered,,True,True,ADCANFD,ACU,BgmADCANFDFr21,0x201,EventTriggered,6.0,0
RearLeftRdrObj11RdrObjLifeCycle,ConnectivityCANFD,DRMRL,DrmrlConnectivityFr04,0x201,EventTriggered,,True,True,ADCANFD,ACU,BgmADCANFDFr21,0x201,EventTriggered,7.0,0
RearLeftRdrObj11RdrObjPwr,ConnectivityCANFD,DRMRL,DrmrlConnectivityFr04,0x201,EventTriggered,,True,True,ADCANFD,ACU,BgmADCANFDFr21,0x201,EventTriggered,8.0,0
RearLeftRdrObj11RdrObjVx,ConnectivityCANFD,DRMRL,DrmrlConnectivityFr04,0x201,EventTriggered,,True,True,ADCANFD,ACU,BgmADCANFDFr21,0x201,EventTriggered,11.0,0
RearLeftRdrObj11RdrObjVxStdDe,ConnectivityCANFD,DRMRL,DrmrlConnectivityFr04,0x201,EventTriggered,,True,True,ADCANFD,ACU,BgmADCANFDFr21,0x201,EventTriggered,10.0,0
RearLeftRdrObj11RdrObjVy,ConnectivityCANFD,DRMRL,DrmrlConnectivityFr04,0x201,EventTriggered,,True,True,ADCANFD,ACU,BgmADCANFDFr21,0x201,EventTriggered,11.0,0
RearLeftRdrObj11RdrObjVyStdDe,ConnectivityCANFD,DRMRL,DrmrlConnectivityFr04,0x201,EventTriggered,,True,True,ADCANFD,ACU,BgmADCANFDFr21,0x201,EventTriggered,10.0,0
RearLeftRdrObj12ObjBoxCenterLat,ConnectivityCANFD,DRMRL,DrmrlConnectivityFr04,0x201,EventTriggered,,,,ADCANFD,ACU,BgmADCANFDFr21,0x201,EventTriggered,8.0,0
RearLeftRdrObj12ObjBoxCenterLgt,ConnectivityCANFD,DRMRL,DrmrlConnectivityFr04,0x201,EventTriggered,,,,ADCANFD,ACU,BgmADCANFDFr21,0x201,EventTriggered,8.0,0
RearLeftRdrObj12RdrObjChks,ConnectivityCANFD,DRMRL,DrmrlConnectivityFr04,0x201,EventTriggered,,True,True,ADCANFD,ACU,BgmADCANFDFr21,0x201,EventTriggered,8.0,0
RearLeftRdrObj12RdrObjCntr,ConnectivityCANFD,DRMRL,DrmrlConnectivityFr04,0x201,EventTriggered,,True,True,ADCANFD,ACU,BgmADCANFDFr21,0x201,EventTriggered,4.0,0
RearLeftRdrObj12RdrObjDx,ConnectivityCANFD,DRMRL,DrmrlConnectivityFr04,0x201,EventTriggered,,True,True,ADCANFD,ACU,BgmADCANFDFr21,0x201,EventTriggered,12.0,0
RearLeftRdrObj12RdrObjDxStdDe,ConnectivityCANFD,DRMRL,DrmrlConnectivityFr04,0x201,EventTriggered,,True,True,ADCANFD,ACU,BgmADCANFDFr21,0x201,EventTriggered,11.0,0
RearLeftRdrObj12RdrObjDy,ConnectivityCANFD,DRMRL,DrmrlConnectivityFr04,0x201,EventTriggered,,True,True,ADCANFD,ACU,BgmADCANFDFr21,0x201,EventTriggered,12.0,0
RearLeftRdrObj12RdrObjDyStdDe,ConnectivityCANFD,DRMRL,DrmrlConnectivityFr04,0x201,EventTriggered,,True,True,ADCANFD,ACU,BgmADCANFDFr21,0x201,EventTriggered,11.0,0
RearLeftRdrObj12RdrObjDynProp,ConnectivityCANFD,DRMRL,DrmrlConnectivityFr04,0x201,EventTriggered,,True,True,ADCANFD,ACU,BgmADCANFDFr21,0x201,EventTriggered,1.0,0
RearLeftRdrObj12RdrObjExistProb,ConnectivityCANFD,DRMRL,DrmrlConnectivityFr04,0x201,EventTriggered,,True,True,ADCANFD,ACU,BgmADCANFDFr21,0x201,EventTriggered,10.0,0
RearLeftRdrObj12RdrObjHeight,ConnectivityCANFD,DRMRL,DrmrlConnectivityFr04,0x201,EventTriggered,,True,True,ADCANFD,ACU,BgmADCANFDFr21,0x201,EventTriggered,10.0,0
RearLeftRdrObj12RdrObjHeightStdDe,ConnectivityCANFD,DRMRL,DrmrlConnectivityFr04,0x201,EventTriggered,,True,True,ADCANFD,ACU,BgmADCANFDFr21,0x201,EventTriggered,10.0,0
RearLeftRdrObj12RdrObjID,ConnectivityCANFD,DRMRL,DrmrlConnectivityFr04,0x201,EventTriggered,,True,True,ADCANFD,ACU,BgmADCANFDFr21,0x201,EventTriggered,6.0,0
RearLeftRdrObj12RdrObjLifeCycle,ConnectivityCANFD,DRMRL,DrmrlConnectivityFr04,0x201,EventTriggered,,True,True,ADCANFD,ACU,BgmADCANFDFr21,0x201,EventTriggered,7.0,0
RearLeftRdrObj12RdrObjPwr,ConnectivityCANFD,DRMRL,DrmrlConnectivityFr04,0x201,EventTriggered,,True,True,ADCANFD,ACU,BgmADCANFDFr21,0x201,EventTriggered,8.0,0
RearLeftRdrObj12RdrObjVx,ConnectivityCANFD,DRMRL,DrmrlConnectivityFr04,0x201,EventTriggered,,True,True,ADCANFD,ACU,BgmADCANFDFr21,0x201,EventTriggered,11.0,0
RearLeftRdrObj12RdrObjVxStdDe,ConnectivityCANFD,DRMRL,DrmrlConnectivityFr04,0x201,EventTriggered,,True,True,ADCANFD,ACU,BgmADCANFDFr21,0x201,EventTriggered,10.0,0
RearLeftRdrObj12RdrObjVy,ConnectivityCANFD,DRMRL,DrmrlConnectivityFr04,0x201,EventTriggered,,True,True,ADCANFD,ACU,BgmADCANFDFr21,0x201,EventTriggered,11.0,0
RearLeftRdrObj12RdrObjVyStdDe,ConnectivityCANFD,DRMRL,DrmrlConnectivityFr04,0x201,EventTriggered,,True,True,ADCANFD,ACU,BgmADCANFDFr21,0x201,EventTriggered,10.0,0
RearLeftRdrObj13ObjBoxCenterLat,ConnectivityCANFD,DRMRL,DrmrlConnectivityFr05,0x202,EventTriggered,,,,ADCANFD,ACU,BgmADCANFDFr22,0x202,EventTriggered,8.0,0
RearLeftRdrObj13ObjBoxCenterLgt,ConnectivityCANFD,DRMRL,DrmrlConnectivityFr05,0x202,EventTriggered,,,,ADCANFD,ACU,BgmADCANFDFr22,0x202,EventTriggered,8.0,0
RearLeftRdrObj13RdrObjChks,ConnectivityCANFD,DRMRL,DrmrlConnectivityFr05,0x202,EventTriggered,,True,True,ADCANFD,ACU,BgmADCANFDFr22,0x202,EventTriggered,8.0,0
RearLeftRdrObj13RdrObjCntr,ConnectivityCANFD,DRMRL,DrmrlConnectivityFr05,0x202,EventTriggered,,True,True,ADCANFD,ACU,BgmADCANFDFr22,0x202,EventTriggered,4.0,0
RearLeftRdrObj13RdrObjDx,ConnectivityCANFD,DRMRL,DrmrlConnectivityFr05,0x202,EventTriggered,,True,True,ADCANFD,ACU,BgmADCANFDFr22,0x202,EventTriggered,12.0,0
RearLeftRdrObj13RdrObjDxStdDe,ConnectivityCANFD,DRMRL,DrmrlConnectivityFr05,0x202,EventTriggered,,True,True,ADCANFD,ACU,BgmADCANFDFr22,0x202,EventTriggered,11.0,0
RearLeftRdrObj13RdrObjDy,ConnectivityCANFD,DRMRL,DrmrlConnectivityFr05,0x202,EventTriggered,,True,True,ADCANFD,ACU,BgmADCANFDFr22,0x202,EventTriggered,12.0,0
RearLeftRdrObj13RdrObjDyStdDe,ConnectivityCANFD,DRMRL,DrmrlConnectivityFr05,0x202,EventTriggered,,True,True,ADCANFD,ACU,BgmADCANFDFr22,0x202,EventTriggered,11.0,0
RearLeftRdrObj13RdrObjDynProp,ConnectivityCANFD,DRMRL,DrmrlConnectivityFr05,0x202,EventTriggered,,True,True,ADCANFD,ACU,BgmADCANFDFr22,0x202,EventTriggered,1.0,0
RearLeftRdrObj13RdrObjExistProb,ConnectivityCANFD,DRMRL,DrmrlConnectivityFr05,0x202,EventTriggered,,True,True,ADCANFD,ACU,BgmADCANFDFr22,0x202,EventTriggered,10.0,0
RearLeftRdrObj13RdrObjHeight,ConnectivityCANFD,DRMRL,DrmrlConnectivityFr05,0x202,EventTriggered,,True,True,ADCANFD,ACU,BgmADCANFDFr22,0x202,EventTriggered,10.0,0
RearLeftRdrObj13RdrObjHeightStdDe,ConnectivityCANFD,DRMRL,DrmrlConnectivityFr05,0x202,EventTriggered,,True,True,ADCANFD,ACU,BgmADCANFDFr22,0x202,EventTriggered,10.0,0
RearLeftRdrObj13RdrObjID,ConnectivityCANFD,DRMRL,DrmrlConnectivityFr05,0x202,EventTriggered,,True,True,ADCANFD,ACU,BgmADCANFDFr22,0x202,EventTriggered,6.0,0
RearLeftRdrObj13RdrObjLifeCycle,ConnectivityCANFD,DRMRL,DrmrlConnectivityFr05,0x202,EventTriggered,,True,True,ADCANFD,ACU,BgmADCANFDFr22,0x202,EventTriggered,7.0,0
RearLeftRdrObj13RdrObjPwr,ConnectivityCANFD,DRMRL,DrmrlConnectivityFr05,0x202,EventTriggered,,True,True,ADCANFD,ACU,BgmADCANFDFr22,0x202,EventTriggered,8.0,0
RearLeftRdrObj13RdrObjVx,ConnectivityCANFD,DRMRL,DrmrlConnectivityFr05,0x202,EventTriggered,,True,True,ADCANFD,ACU,BgmADCANFDFr22,0x202,EventTriggered,11.0,0
RearLeftRdrObj13RdrObjVxStdDe,ConnectivityCANFD,DRMRL,DrmrlConnectivityFr05,0x202,EventTriggered,,True,True,ADCANFD,ACU,BgmADCANFDFr22,0x202,EventTriggered,10.0,0
RearLeftRdrObj13RdrObjVy,ConnectivityCANFD,DRMRL,DrmrlConnectivityFr05,0x202,EventTriggered,,True,True,ADCANFD,ACU,BgmADCANFDFr22,0x202,EventTriggered,11.0,0
RearLeftRdrObj13RdrObjVyStdDe,ConnectivityCANFD,DRMRL,DrmrlConnectivityFr05,0x202,EventTriggered,,True,True,ADCANFD,ACU,BgmADCANFDFr22,0x202,EventTriggered,10.0,0
RearLeftRdrObj14ObjBoxCenterLat,ConnectivityCANFD,DRMRL,DrmrlConnectivityFr05,0x202,EventTriggered,,,,ADCANFD,ACU,BgmADCANFDFr22,0x202,EventTriggered,8.0,0
RearLeftRdrObj14ObjBoxCenterLgt,ConnectivityCANFD,DRMRL,DrmrlConnectivityFr05,0x202,EventTriggered,,,,ADCANFD,ACU,BgmADCANFDFr22,0x202,EventTriggered,8.0,0
RearLeftRdrObj14RdrObjChks,ConnectivityCANFD,DRMRL,DrmrlConnectivityFr05,0x202,EventTriggered,,True,True,ADCANFD,ACU,BgmADCANFDFr22,0x202,EventTriggered,8.0,0
RearLeftRdrObj14RdrObjCntr,ConnectivityCANFD,DRMRL,DrmrlConnectivityFr05,0x202,EventTriggered,,True,True,ADCANFD,ACU,BgmADCANFDFr22,0x202,EventTriggered,4.0,0
RearLeftRdrObj14RdrObjDx,ConnectivityCANFD,DRMRL,DrmrlConnectivityFr05,0x202,EventTriggered,,True,True,ADCANFD,ACU,BgmADCANFDFr22,0x202,EventTriggered,12.0,0
RearLeftRdrObj14RdrObjDxStdDe,ConnectivityCANFD,DRMRL,DrmrlConnectivityFr05,0x202,EventTriggered,,True,True,ADCANFD,ACU,BgmADCANFDFr22,0x202,EventTriggered,11.0,0
RearLeftRdrObj14RdrObjDy,ConnectivityCANFD,DRMRL,DrmrlConnectivityFr05,0x202,EventTriggered,,True,True,ADCANFD,ACU,BgmADCANFDFr22,0x202,EventTriggered,12.0,0
RearLeftRdrObj14RdrObjDyStdDe,ConnectivityCANFD,DRMRL,DrmrlConnectivityFr05,0x202,EventTriggered,,True,True,ADCANFD,ACU,BgmADCANFDFr22,0x202,EventTriggered,11.0,0
RearLeftRdrObj14RdrObjDynProp,ConnectivityCANFD,DRMRL,DrmrlConnectivityFr05,0x202,EventTriggered,,True,True,ADCANFD,ACU,BgmADCANFDFr22,0x202,EventTriggered,1.0,0
RearLeftRdrObj14RdrObjExistProb,ConnectivityCANFD,DRMRL,DrmrlConnectivityFr05,0x202,EventTriggered,,True,True,ADCANFD,ACU,BgmADCANFDFr22,0x202,EventTriggered,10.0,0
RearLeftRdrObj14RdrObjHeight,ConnectivityCANFD,DRMRL,DrmrlConnectivityFr05,0x202,EventTriggered,,True,True,ADCANFD,ACU,BgmADCANFDFr22,0x202,EventTriggered,10.0,0
RearLeftRdrObj14RdrObjHeightStdDe,ConnectivityCANFD,DRMRL,DrmrlConnectivityFr05,0x202,EventTriggered,,True,True,ADCANFD,ACU,BgmADCANFDFr22,0x202,EventTriggered,10.0,0
RearLeftRdrObj14RdrObjID,ConnectivityCANFD,DRMRL,DrmrlConnectivityFr05,0x202,EventTriggered,,True,True,ADCANFD,ACU,BgmADCANFDFr22,0x202,EventTriggered,6.0,0
RearLeftRdrObj14RdrObjLifeCycle,ConnectivityCANFD,DRMRL,DrmrlConnectivityFr05,0x202,EventTriggered,,True,True,ADCANFD,ACU,BgmADCANFDFr22,0x202,EventTriggered,7.0,0
RearLeftRdrObj14RdrObjPwr,ConnectivityCANFD,DRMRL,DrmrlConnectivityFr05,0x202,EventTriggered,,True,True,ADCANFD,ACU,BgmADCANFDFr22,0x202,EventTriggered,8.0,0
RearLeftRdrObj14RdrObjVx,ConnectivityCANFD,DRMRL,DrmrlConnectivityFr05,0x202,EventTriggered,,True,True,ADCANFD,ACU,BgmADCANFDFr22,0x202,EventTriggered,11.0,0
RearLeftRdrObj14RdrObjVxStdDe,ConnectivityCANFD,DRMRL,DrmrlConnectivityFr05,0x202,EventTriggered,,True,True,ADCANFD,ACU,BgmADCANFDFr22,0x202,EventTriggered,10.0,0
RearLeftRdrObj14RdrObjVy,ConnectivityCANFD,DRMRL,DrmrlConnectivityFr05,0x202,EventTriggered,,True,True,ADCANFD,ACU,BgmADCANFDFr22,0x202,EventTriggered,11.0,0
RearLeftRdrObj14RdrObjVyStdDe,ConnectivityCANFD,DRMRL,DrmrlConnectivityFr05,0x202,EventTriggered,,True,True,ADCANFD,ACU,BgmADCANFDFr22,0x202,EventTriggered,10.0,0
RearLeftRdrObj15ObjBoxCenterLat,ConnectivityCANFD,DRMRL,DrmrlConnectivityFr05,0x202,EventTriggered,,,,ADCANFD,ACU,BgmADCANFDFr22,0x202,EventTriggered,8.0,0
RearLeftRdrObj15ObjBoxCenterLgt,ConnectivityCANFD,DRMRL,DrmrlConnectivityFr05,0x202,EventTriggered,,,,ADCANFD,ACU,BgmADCANFDFr22,0x202,EventTriggered,8.0,0
RearLeftRdrObj15RdrObjChks,ConnectivityCANFD,DRMRL,DrmrlConnectivityFr05,0x202,EventTriggered,,True,True,ADCANFD,ACU,BgmADCANFDFr22,0x202,EventTriggered,8.0,0
RearLeftRdrObj15RdrObjCntr,ConnectivityCANFD,DRMRL,DrmrlConnectivityFr05,0x202,EventTriggered,,True,True,ADCANFD,ACU,BgmADCANFDFr22,0x202,EventTriggered,4.0,0
RearLeftRdrObj15RdrObjDx,ConnectivityCANFD,DRMRL,DrmrlConnectivityFr05,0x202,EventTriggered,,True,True,ADCANFD,ACU,BgmADCANFDFr22,0x202,EventTriggered,12.0,0
RearLeftRdrObj15RdrObjDxStdDe,ConnectivityCANFD,DRMRL,DrmrlConnectivityFr05,0x202,EventTriggered,,True,True,ADCANFD,ACU,BgmADCANFDFr22,0x202,EventTriggered,11.0,0
RearLeftRdrObj15RdrObjDy,ConnectivityCANFD,DRMRL,DrmrlConnectivityFr05,0x202,EventTriggered,,True,True,ADCANFD,ACU,BgmADCANFDFr22,0x202,EventTriggered,12.0,0
RearLeftRdrObj15RdrObjDyStdDe,ConnectivityCANFD,DRMRL,DrmrlConnectivityFr05,0x202,EventTriggered,,True,True,ADCANFD,ACU,BgmADCANFDFr22,0x202,EventTriggered,11.0,0
RearLeftRdrObj15RdrObjDynProp,ConnectivityCANFD,DRMRL,DrmrlConnectivityFr05,0x202,EventTriggered,,True,True,ADCANFD,ACU,BgmADCANFDFr22,0x202,EventTriggered,1.0,0
RearLeftRdrObj15RdrObjExistProb,ConnectivityCANFD,DRMRL,DrmrlConnectivityFr05,0x202,EventTriggered,,True,True,ADCANFD,ACU,BgmADCANFDFr22,0x202,EventTriggered,10.0,0
RearLeftRdrObj15RdrObjHeight,ConnectivityCANFD,DRMRL,DrmrlConnectivityFr05,0x202,EventTriggered,,True,True,ADCANFD,ACU,BgmADCANFDFr22,0x202,EventTriggered,10.0,0
RearLeftRdrObj15RdrObjHeightStdDe,ConnectivityCANFD,DRMRL,DrmrlConnectivityFr05,0x202,EventTriggered,,True,True,ADCANFD,ACU,BgmADCANFDFr22,0x202,EventTriggered,10.0,0
RearLeftRdrObj15RdrObjID,ConnectivityCANFD,DRMRL,DrmrlConnectivityFr05,0x202,EventTriggered,,True,True,ADCANFD,ACU,BgmADCANFDFr22,0x202,EventTriggered,6.0,0
RearLeftRdrObj15RdrObjLifeCycle,ConnectivityCANFD,DRMRL,DrmrlConnectivityFr05,0x202,EventTriggered,,True,True,ADCANFD,ACU,BgmADCANFDFr22,0x202,EventTriggered,7.0,0
RearLeftRdrObj15RdrObjPwr,ConnectivityCANFD,DRMRL,DrmrlConnectivityFr05,0x202,EventTriggered,,True,True,ADCANFD,ACU,BgmADCANFDFr22,0x202,EventTriggered,8.0,0
RearLeftRdrObj15RdrObjVx,ConnectivityCANFD,DRMRL,DrmrlConnectivityFr05,0x202,EventTriggered,,True,True,ADCANFD,ACU,BgmADCANFDFr22,0x202,EventTriggered,11.0,0
RearLeftRdrObj15RdrObjVxStdDe,ConnectivityCANFD,DRMRL,DrmrlConnectivityFr05,0x202,EventTriggered,,True,True,ADCANFD,ACU,BgmADCANFDFr22,0x202,EventTriggered,10.0,0
RearLeftRdrObj15RdrObjVy,ConnectivityCANFD,DRMRL,DrmrlConnectivityFr05,0x202,EventTriggered,,True,True,ADCANFD,ACU,BgmADCANFDFr22,0x202,EventTriggered,11.0,0
RearLeftRdrObj15RdrObjVyStdDe,ConnectivityCANFD,DRMRL,DrmrlConnectivityFr05,0x202,EventTriggered,,True,True,ADCANFD,ACU,BgmADCANFDFr22,0x202,EventTriggered,10.0,0
RearLeftRdrObj16ObjBoxCenterLat,ConnectivityCANFD,DRMRL,DrmrlConnectivityFr06,0x203,EventTriggered,,,,ADCANFD,ACU,BgmADCANFDFr23,0x203,EventTriggered,8.0,0
RearLeftRdrObj16ObjBoxCenterLgt,ConnectivityCANFD,DRMRL,DrmrlConnectivityFr06,0x203,EventTriggered,,,,ADCANFD,ACU,BgmADCANFDFr23,0x203,EventTriggered,8.0,0
RearLeftRdrObj16RdrObjChks,ConnectivityCANFD,DRMRL,DrmrlConnectivityFr06,0x203,EventTriggered,,True,True,ADCANFD,ACU,BgmADCANFDFr23,0x203,EventTriggered,8.0,0
RearLeftRdrObj16RdrObjCntr,ConnectivityCANFD,DRMRL,DrmrlConnectivityFr06,0x203,EventTriggered,,True,True,ADCANFD,ACU,BgmADCANFDFr23,0x203,EventTriggered,4.0,0
RearLeftRdrObj16RdrObjDx,ConnectivityCANFD,DRMRL,DrmrlConnectivityFr06,0x203,EventTriggered,,True,True,ADCANFD,ACU,BgmADCANFDFr23,0x203,EventTriggered,12.0,0
RearLeftRdrObj16RdrObjDxStdDe,ConnectivityCANFD,DRMRL,DrmrlConnectivityFr06,0x203,EventTriggered,,True,True,ADCANFD,ACU,BgmADCANFDFr23,0x203,EventTriggered,11.0,0
RearLeftRdrObj16RdrObjDy,ConnectivityCANFD,DRMRL,DrmrlConnectivityFr06,0x203,EventTriggered,,True,True,ADCANFD,ACU,BgmADCANFDFr23,0x203,EventTriggered,12.0,0
RearLeftRdrObj16RdrObjDyStdDe,ConnectivityCANFD,DRMRL,DrmrlConnectivityFr06,0x203,EventTriggered,,True,True,ADCANFD,ACU,BgmADCANFDFr23,0x203,EventTriggered,11.0,0
RearLeftRdrObj16RdrObjDynProp,ConnectivityCANFD,DRMRL,DrmrlConnectivityFr06,0x203,EventTriggered,,True,True,ADCANFD,ACU,BgmADCANFDFr23,0x203,EventTriggered,1.0,0
RearLeftRdrObj16RdrObjExistProb,ConnectivityCANFD,DRMRL,DrmrlConnectivityFr06,0x203,EventTriggered,,True,True,ADCANFD,ACU,BgmADCANFDFr23,0x203,EventTriggered,10.0,0
RearLeftRdrObj16RdrObjHeight,ConnectivityCANFD,DRMRL,DrmrlConnectivityFr06,0x203,EventTriggered,,True,True,ADCANFD,ACU,BgmADCANFDFr23,0x203,EventTriggered,10.0,0
RearLeftRdrObj16RdrObjHeightStdDe,ConnectivityCANFD,DRMRL,DrmrlConnectivityFr06,0x203,EventTriggered,,True,True,ADCANFD,ACU,BgmADCANFDFr23,0x203,EventTriggered,10.0,0
RearLeftRdrObj16RdrObjID,ConnectivityCANFD,DRMRL,DrmrlConnectivityFr06,0x203,EventTriggered,,True,True,ADCANFD,ACU,BgmADCANFDFr23,0x203,EventTriggered,6.0,0
RearLeftRdrObj16RdrObjLifeCycle,ConnectivityCANFD,DRMRL,DrmrlConnectivityFr06,0x203,EventTriggered,,True,True,ADCANFD,ACU,BgmADCANFDFr23,0x203,EventTriggered,7.0,0
RearLeftRdrObj16RdrObjPwr,ConnectivityCANFD,DRMRL,DrmrlConnectivityFr06,0x203,EventTriggered,,True,True,ADCANFD,ACU,BgmADCANFDFr23,0x203,EventTriggered,8.0,0
RearLeftRdrObj16RdrObjVx,ConnectivityCANFD,DRMRL,DrmrlConnectivityFr06,0x203,EventTriggered,,True,True,ADCANFD,ACU,BgmADCANFDFr23,0x203,EventTriggered,11.0,0
RearLeftRdrObj16RdrObjVxStdDe,ConnectivityCANFD,DRMRL,DrmrlConnectivityFr06,0x203,EventTriggered,,True,True,ADCANFD,ACU,BgmADCANFDFr23,0x203,EventTriggered,10.0,0
RearLeftRdrObj16RdrObjVy,ConnectivityCANFD,DRMRL,DrmrlConnectivityFr06,0x203,EventTriggered,,True,True,ADCANFD,ACU,BgmADCANFDFr23,0x203,EventTriggered,11.0,0
RearLeftRdrObj16RdrObjVyStdDe,ConnectivityCANFD,DRMRL,DrmrlConnectivityFr06,0x203,EventTriggered,,True,True,ADCANFD,ACU,BgmADCANFDFr23,0x203,EventTriggered,10.0,0
RearLeftRdrObj2ObjBoxCenterLat,ConnectivityCANFD,DRMRL,DrmrlConnectivityFr01,0x1FD,EventTriggered,,,,ADCANFD,ACU,BgmADCANFDFr18,0x1FD,EventTriggered,8.0,0
RearLeftRdrObj2ObjBoxCenterLgt,ConnectivityCANFD,DRMRL,DrmrlConnectivityFr01,0x1FD,EventTriggered,,,,ADCANFD,ACU,BgmADCANFDFr18,0x1FD,EventTriggered,8.0,0
RearLeftRdrObj2RdrObjChks,ConnectivityCANFD,DRMRL,DrmrlConnectivityFr01,0x1FD,EventTriggered,,True,True,ADCANFD,ACU,BgmADCANFDFr18,0x1FD,EventTriggered,8.0,0
RearLeftRdrObj2RdrObjCntr,ConnectivityCANFD,DRMRL,DrmrlConnectivityFr01,0x1FD,EventTriggered,,True,True,ADCANFD,ACU,BgmADCANFDFr18,0x1FD,EventTriggered,4.0,0
RearLeftRdrObj2RdrObjDx,ConnectivityCANFD,DRMRL,DrmrlConnectivityFr01,0x1FD,EventTriggered,,True,True,ADCANFD,ACU,BgmADCANFDFr18,0x1FD,EventTriggered,12.0,0
RearLeftRdrObj2RdrObjDxStdDe,ConnectivityCANFD,DRMRL,DrmrlConnectivityFr01,0x1FD,EventTriggered,,True,True,ADCANFD,ACU,BgmADCANFDFr18,0x1FD,EventTriggered,11.0,0
RearLeftRdrObj2RdrObjDy,ConnectivityCANFD,DRMRL,DrmrlConnectivityFr01,0x1FD,EventTriggered,,True,True,ADCANFD,ACU,BgmADCANFDFr18,0x1FD,EventTriggered,12.0,0
RearLeftRdrObj2RdrObjDyStdDe,ConnectivityCANFD,DRMRL,DrmrlConnectivityFr01,0x1FD,EventTriggered,,True,True,ADCANFD,ACU,BgmADCANFDFr18,0x1FD,EventTriggered,11.0,0
RearLeftRdrObj2RdrObjDynProp,ConnectivityCANFD,DRMRL,DrmrlConnectivityFr01,0x1FD,EventTriggered,,True,True,ADCANFD,ACU,BgmADCANFDFr18,0x1FD,EventTriggered,1.0,0
RearLeftRdrObj2RdrObjExistProb,ConnectivityCANFD,DRMRL,DrmrlConnectivityFr01,0x1FD,EventTriggered,,True,True,ADCANFD,ACU,BgmADCANFDFr18,0x1FD,EventTriggered,10.0,0
RearLeftRdrObj2RdrObjHeight,ConnectivityCANFD,DRMRL,DrmrlConnectivityFr01,0x1FD,EventTriggered,,True,True,ADCANFD,ACU,BgmADCANFDFr18,0x1FD,EventTriggered,10.0,0
RearLeftRdrObj2RdrObjHeightStdDe,ConnectivityCANFD,DRMRL,DrmrlConnectivityFr01,0x1FD,EventTriggered,,True,True,ADCANFD,ACU,BgmADCANFDFr18,0x1FD,EventTriggered,10.0,0
RearLeftRdrObj2RdrObjID,ConnectivityCANFD,DRMRL,DrmrlConnectivityFr01,0x1FD,EventTriggered,,True,True,ADCANFD,ACU,BgmADCANFDFr18,0x1FD,EventTriggered,6.0,0
RearLeftRdrObj2RdrObjLifeCycle,ConnectivityCANFD,DRMRL,DrmrlConnectivityFr01,0x1FD,EventTriggered,,True,True,ADCANFD,ACU,BgmADCANFDFr18,0x1FD,EventTriggered,7.0,0
RearLeftRdrObj2RdrObjPwr,ConnectivityCANFD,DRMRL,DrmrlConnectivityFr01,0x1FD,EventTriggered,,True,True,ADCANFD,ACU,BgmADCANFDFr18,0x1FD,EventTriggered,8.0,0
RearLeftRdrObj2RdrObjVx,ConnectivityCANFD,DRMRL,DrmrlConnectivityFr01,0x1FD,EventTriggered,,True,True,ADCANFD,ACU,BgmADCANFDFr18,0x1FD,EventTriggered,11.0,0
RearLeftRdrObj2RdrObjVxStdDe,ConnectivityCANFD,DRMRL,DrmrlConnectivityFr01,0x1FD,EventTriggered,,True,True,ADCANFD,ACU,BgmADCANFDFr18,0x1FD,EventTriggered,10.0,0
RearLeftRdrObj2RdrObjVy,ConnectivityCANFD,DRMRL,DrmrlConnectivityFr01,0x1FD,EventTriggered,,True,True,ADCANFD,ACU,BgmADCANFDFr18,0x1FD,EventTriggered,11.0,0
RearLeftRdrObj2RdrObjVyStdDe,ConnectivityCANFD,DRMRL,DrmrlConnectivityFr01,0x1FD,EventTriggered,,True,True,ADCANFD,ACU,BgmADCANFDFr18,0x1FD,EventTriggered,10.0,0
RearLeftRdrObj3ObjBoxCenterLat,ConnectivityCANFD,DRMRL,DrmrlConnectivityFr01,0x1FD,EventTriggered,,,,ADCANFD,ACU,BgmADCANFDFr18,0x1FD,EventTriggered,8.0,0
RearLeftRdrObj3ObjBoxCenterLgt,ConnectivityCANFD,DRMRL,DrmrlConnectivityFr01,0x1FD,EventTriggered,,,,ADCANFD,ACU,BgmADCANFDFr18,0x1FD,EventTriggered,8.0,0
RearLeftRdrObj3RdrObjChks,ConnectivityCANFD,DRMRL,DrmrlConnectivityFr01,0x1FD,EventTriggered,,True,True,ADCANFD,ACU,BgmADCANFDFr18,0x1FD,EventTriggered,8.0,0
RearLeftRdrObj3RdrObjCntr,ConnectivityCANFD,DRMRL,DrmrlConnectivityFr01,0x1FD,EventTriggered,,True,True,ADCANFD,ACU,BgmADCANFDFr18,0x1FD,EventTriggered,4.0,0
RearLeftRdrObj3RdrObjDx,ConnectivityCANFD,DRMRL,DrmrlConnectivityFr01,0x1FD,EventTriggered,,True,True,ADCANFD,ACU,BgmADCANFDFr18,0x1FD,EventTriggered,12.0,0
RearLeftRdrObj3RdrObjDxStdDe,ConnectivityCANFD,DRMRL,DrmrlConnectivityFr01,0x1FD,EventTriggered,,True,True,ADCANFD,ACU,BgmADCANFDFr18,0x1FD,EventTriggered,11.0,0
RearLeftRdrObj3RdrObjDy,ConnectivityCANFD,DRMRL,DrmrlConnectivityFr01,0x1FD,EventTriggered,,True,True,ADCANFD,ACU,BgmADCANFDFr18,0x1FD,EventTriggered,12.0,0
RearLeftRdrObj3RdrObjDyStdDe,ConnectivityCANFD,DRMRL,DrmrlConnectivityFr01,0x1FD,EventTriggered,,True,True,ADCANFD,ACU,BgmADCANFDFr18,0x1FD,EventTriggered,11.0,0
RearLeftRdrObj3RdrObjDynProp,ConnectivityCANFD,DRMRL,DrmrlConnectivityFr01,0x1FD,EventTriggered,,True,True,ADCANFD,ACU,BgmADCANFDFr18,0x1FD,EventTriggered,1.0,0
RearLeftRdrObj3RdrObjExistProb,ConnectivityCANFD,DRMRL,DrmrlConnectivityFr01,0x1FD,EventTriggered,,True,True,ADCANFD,ACU,BgmADCANFDFr18,0x1FD,EventTriggered,10.0,0
RearLeftRdrObj3RdrObjHeight,ConnectivityCANFD,DRMRL,DrmrlConnectivityFr01,0x1FD,EventTriggered,,True,True,ADCANFD,ACU,BgmADCANFDFr18,0x1FD,EventTriggered,10.0,0
RearLeftRdrObj3RdrObjHeightStdDe,ConnectivityCANFD,DRMRL,DrmrlConnectivityFr01,0x1FD,EventTriggered,,True,True,ADCANFD,ACU,BgmADCANFDFr18,0x1FD,EventTriggered,10.0,0
RearLeftRdrObj3RdrObjID,ConnectivityCANFD,DRMRL,DrmrlConnectivityFr01,0x1FD,EventTriggered,,True,True,ADCANFD,ACU,BgmADCANFDFr18,0x1FD,EventTriggered,6.0,0
RearLeftRdrObj3RdrObjLifeCycle,ConnectivityCANFD,DRMRL,DrmrlConnectivityFr01,0x1FD,EventTriggered,,True,True,ADCANFD,ACU,BgmADCANFDFr18,0x1FD,EventTriggered,7.0,0
RearLeftRdrObj3RdrObjPwr,ConnectivityCANFD,DRMRL,DrmrlConnectivityFr01,0x1FD,EventTriggered,,True,True,ADCANFD,ACU,BgmADCANFDFr18,0x1FD,EventTriggered,8.0,0
RearLeftRdrObj3RdrObjVx,ConnectivityCANFD,DRMRL,DrmrlConnectivityFr01,0x1FD,EventTriggered,,True,True,ADCANFD,ACU,BgmADCANFDFr18,0x1FD,EventTriggered,11.0,0
RearLeftRdrObj3RdrObjVxStdDe,ConnectivityCANFD,DRMRL,DrmrlConnectivityFr01,0x1FD,EventTriggered,,True,True,ADCANFD,ACU,BgmADCANFDFr18,0x1FD,EventTriggered,10.0,0
RearLeftRdrObj3RdrObjVy,ConnectivityCANFD,DRMRL,DrmrlConnectivityFr01,0x1FD,EventTriggered,,True,True,ADCANFD,ACU,BgmADCANFDFr18,0x1FD,EventTriggered,11.0,0
RearLeftRdrObj3RdrObjVyStdDe,ConnectivityCANFD,DRMRL,DrmrlConnectivityFr01,0x1FD,EventTriggered,,True,True,ADCANFD,ACU,BgmADCANFDFr18,0x1FD,EventTriggered,10.0,0
RearLeftRdrObj4ObjBoxCenterLat,ConnectivityCANFD,DRMRL,DrmrlConnectivityFr02,0x1FE,EventTriggered,,,,ADCANFD,ACU,BgmADCANFDFr19,0x1FE,EventTriggered,8.0,0
RearLeftRdrObj4ObjBoxCenterLgt,ConnectivityCANFD,DRMRL,DrmrlConnectivityFr02,0x1FE,EventTriggered,,,,ADCANFD,ACU,BgmADCANFDFr19,0x1FE,EventTriggered,8.0,0
RearLeftRdrObj4RdrObjChks,ConnectivityCANFD,DRMRL,DrmrlConnectivityFr02,0x1FE,EventTriggered,,True,True,ADCANFD,ACU,BgmADCANFDFr19,0x1FE,EventTriggered,8.0,0
RearLeftRdrObj4RdrObjCntr,ConnectivityCANFD,DRMRL,DrmrlConnectivityFr02,0x1FE,EventTriggered,,True,True,ADCANFD,ACU,BgmADCANFDFr19,0x1FE,EventTriggered,4.0,0
RearLeftRdrObj4RdrObjDx,ConnectivityCANFD,DRMRL,DrmrlConnectivityFr02,0x1FE,EventTriggered,,True,True,ADCANFD,ACU,BgmADCANFDFr19,0x1FE,EventTriggered,12.0,0
RearLeftRdrObj4RdrObjDxStdDe,ConnectivityCANFD,DRMRL,DrmrlConnectivityFr02,0x1FE,EventTriggered,,True,True,ADCANFD,ACU,BgmADCANFDFr19,0x1FE,EventTriggered,11.0,0
RearLeftRdrObj4RdrObjDy,ConnectivityCANFD,DRMRL,DrmrlConnectivityFr02,0x1FE,EventTriggered,,True,True,ADCANFD,ACU,BgmADCANFDFr19,0x1FE,EventTriggered,12.0,0
RearLeftRdrObj4RdrObjDyStdDe,ConnectivityCANFD,DRMRL,DrmrlConnectivityFr02,0x1FE,EventTriggered,,True,True,ADCANFD,ACU,BgmADCANFDFr19,0x1FE,EventTriggered,11.0,0
RearLeftRdrObj4RdrObjDynProp,ConnectivityCANFD,DRMRL,DrmrlConnectivityFr02,0x1FE,EventTriggered,,True,True,ADCANFD,ACU,BgmADCANFDFr19,0x1FE,EventTriggered,1.0,0
RearLeftRdrObj4RdrObjExistProb,ConnectivityCANFD,DRMRL,DrmrlConnectivityFr02,0x1FE,EventTriggered,,True,True,ADCANFD,ACU,BgmADCANFDFr19,0x1FE,EventTriggered,10.0,0
RearLeftRdrObj4RdrObjHeight,ConnectivityCANFD,DRMRL,DrmrlConnectivityFr02,0x1FE,EventTriggered,,True,True,ADCANFD,ACU,BgmADCANFDFr19,0x1FE,EventTriggered,10.0,0
RearLeftRdrObj4RdrObjHeightStdDe,ConnectivityCANFD,DRMRL,DrmrlConnectivityFr02,0x1FE,EventTriggered,,True,True,ADCANFD,ACU,BgmADCANFDFr19,0x1FE,EventTriggered,10.0,0
RearLeftRdrObj4RdrObjID,ConnectivityCANFD,DRMRL,DrmrlConnectivityFr02,0x1FE,EventTriggered,,True,True,ADCANFD,ACU,BgmADCANFDFr19,0x1FE,EventTriggered,6.0,0
RearLeftRdrObj4RdrObjLifeCycle,ConnectivityCANFD,DRMRL,DrmrlConnectivityFr02,0x1FE,EventTriggered,,True,True,ADCANFD,ACU,BgmADCANFDFr19,0x1FE,EventTriggered,7.0,0
RearLeftRdrObj4RdrObjPwr,ConnectivityCANFD,DRMRL,DrmrlConnectivityFr02,0x1FE,EventTriggered,,True,True,ADCANFD,ACU,BgmADCANFDFr19,0x1FE,EventTriggered,8.0,0
RearLeftRdrObj4RdrObjVx,ConnectivityCANFD,DRMRL,DrmrlConnectivityFr02,0x1FE,EventTriggered,,True,True,ADCANFD,ACU,BgmADCANFDFr19,0x1FE,EventTriggered,11.0,0
RearLeftRdrObj4RdrObjVxStdDe,ConnectivityCANFD,DRMRL,DrmrlConnectivityFr02,0x1FE,EventTriggered,,True,True,ADCANFD,ACU,BgmADCANFDFr19,0x1FE,EventTriggered,10.0,0
RearLeftRdrObj4RdrObjVy,ConnectivityCANFD,DRMRL,DrmrlConnectivityFr02,0x1FE,EventTriggered,,True,True,ADCANFD,ACU,BgmADCANFDFr19,0x1FE,EventTriggered,11.0,0
RearLeftRdrObj4RdrObjVyStdDe,ConnectivityCANFD,DRMRL,DrmrlConnectivityFr02,0x1FE,EventTriggered,,True,True,ADCANFD,ACU,BgmADCANFDFr19,0x1FE,EventTriggered,10.0,0
RearLeftRdrObj5ObjBoxCenterLat,ConnectivityCANFD,DRMRL,DrmrlConnectivityFr02,0x1FE,EventTriggered,,,,ADCANFD,ACU,BgmADCANFDFr19,0x1FE,EventTriggered,8.0,0
RearLeftRdrObj5ObjBoxCenterLgt,ConnectivityCANFD,DRMRL,DrmrlConnectivityFr02,0x1FE,EventTriggered,,,,ADCANFD,ACU,BgmADCANFDFr19,0x1FE,EventTriggered,8.0,0
RearLeftRdrObj5RdrObjChks,ConnectivityCANFD,DRMRL,DrmrlConnectivityFr02,0x1FE,EventTriggered,,True,True,ADCANFD,ACU,BgmADCANFDFr19,0x1FE,EventTriggered,8.0,0
RearLeftRdrObj5RdrObjCntr,ConnectivityCANFD,DRMRL,DrmrlConnectivityFr02,0x1FE,EventTriggered,,True,True,ADCANFD,ACU,BgmADCANFDFr19,0x1FE,EventTriggered,4.0,0
RearLeftRdrObj5RdrObjDx,ConnectivityCANFD,DRMRL,DrmrlConnectivityFr02,0x1FE,EventTriggered,,True,True,ADCANFD,ACU,BgmADCANFDFr19,0x1FE,EventTriggered,12.0,0
RearLeftRdrObj5RdrObjDxStdDe,ConnectivityCANFD,DRMRL,DrmrlConnectivityFr02,0x1FE,EventTriggered,,True,True,ADCANFD,ACU,BgmADCANFDFr19,0x1FE,EventTriggered,11.0,0
RearLeftRdrObj5RdrObjDy,ConnectivityCANFD,DRMRL,DrmrlConnectivityFr02,0x1FE,EventTriggered,,True,True,ADCANFD,ACU,BgmADCANFDFr19,0x1FE,EventTriggered,12.0,0
RearLeftRdrObj5RdrObjDyStdDe,ConnectivityCANFD,DRMRL,DrmrlConnectivityFr02,0x1FE,EventTriggered,,True,True,ADCANFD,ACU,BgmADCANFDFr19,0x1FE,EventTriggered,11.0,0
RearLeftRdrObj5RdrObjDynProp,ConnectivityCANFD,DRMRL,DrmrlConnectivityFr02,0x1FE,EventTriggered,,True,True,ADCANFD,ACU,BgmADCANFDFr19,0x1FE,EventTriggered,1.0,0
RearLeftRdrObj5RdrObjExistProb,ConnectivityCANFD,DRMRL,DrmrlConnectivityFr02,0x1FE,EventTriggered,,True,True,ADCANFD,ACU,BgmADCANFDFr19,0x1FE,EventTriggered,10.0,0
RearLeftRdrObj5RdrObjHeight,ConnectivityCANFD,DRMRL,DrmrlConnectivityFr02,0x1FE,EventTriggered,,True,True,ADCANFD,ACU,BgmADCANFDFr19,0x1FE,EventTriggered,10.0,0
RearLeftRdrObj5RdrObjHeightStdDe,ConnectivityCANFD,DRMRL,DrmrlConnectivityFr02,0x1FE,EventTriggered,,True,True,ADCANFD,ACU,BgmADCANFDFr19,0x1FE,EventTriggered,10.0,0
RearLeftRdrObj5RdrObjID,ConnectivityCANFD,DRMRL,DrmrlConnectivityFr02,0x1FE,EventTriggered,,True,True,ADCANFD,ACU,BgmADCANFDFr19,0x1FE,EventTriggered,6.0,0
RearLeftRdrObj5RdrObjLifeCycle,ConnectivityCANFD,DRMRL,DrmrlConnectivityFr02,0x1FE,EventTriggered,,True,True,ADCANFD,ACU,BgmADCANFDFr19,0x1FE,EventTriggered,7.0,0
RearLeftRdrObj5RdrObjPwr,ConnectivityCANFD,DRMRL,DrmrlConnectivityFr02,0x1FE,EventTriggered,,True,True,ADCANFD,ACU,BgmADCANFDFr19,0x1FE,EventTriggered,8.0,0
RearLeftRdrObj5RdrObjVx,ConnectivityCANFD,DRMRL,DrmrlConnectivityFr02,0x1FE,EventTriggered,,True,True,ADCANFD,ACU,BgmADCANFDFr19,0x1FE,EventTriggered,11.0,0
RearLeftRdrObj5RdrObjVxStdDe,ConnectivityCANFD,DRMRL,DrmrlConnectivityFr02,0x1FE,EventTriggered,,True,True,ADCANFD,ACU,BgmADCANFDFr19,0x1FE,EventTriggered,10.0,0
RearLeftRdrObj5RdrObjVy,ConnectivityCANFD,DRMRL,DrmrlConnectivityFr02,0x1FE,EventTriggered,,True,True,ADCANFD,ACU,BgmADCANFDFr19,0x1FE,EventTriggered,11.0,0
RearLeftRdrObj5RdrObjVyStdDe,ConnectivityCANFD,DRMRL,DrmrlConnectivityFr02,0x1FE,EventTriggered,,True,True,ADCANFD,ACU,BgmADCANFDFr19,0x1FE,EventTriggered,10.0,0
RearLeftRdrObj6ObjBoxCenterLat,ConnectivityCANFD,DRMRL,DrmrlConnectivityFr02,0x1FE,EventTriggered,,,,ADCANFD,ACU,BgmADCANFDFr19,0x1FE,EventTriggered,8.0,0
RearLeftRdrObj6ObjBoxCenterLgt,ConnectivityCANFD,DRMRL,DrmrlConnectivityFr02,0x1FE,EventTriggered,,,,ADCANFD,ACU,BgmADCANFDFr19,0x1FE,EventTriggered,8.0,0
RearLeftRdrObj6RdrObjChks,ConnectivityCANFD,DRMRL,DrmrlConnectivityFr02,0x1FE,EventTriggered,,True,True,ADCANFD,ACU,BgmADCANFDFr19,0x1FE,EventTriggered,8.0,0
RearLeftRdrObj6RdrObjCntr,ConnectivityCANFD,DRMRL,DrmrlConnectivityFr02,0x1FE,EventTriggered,,True,True,ADCANFD,ACU,BgmADCANFDFr19,0x1FE,EventTriggered,4.0,0
RearLeftRdrObj6RdrObjDx,ConnectivityCANFD,DRMRL,DrmrlConnectivityFr02,0x1FE,EventTriggered,,True,True,ADCANFD,ACU,BgmADCANFDFr19,0x1FE,EventTriggered,12.0,0
RearLeftRdrObj6RdrObjDxStdDe,ConnectivityCANFD,DRMRL,DrmrlConnectivityFr02,0x1FE,EventTriggered,,True,True,ADCANFD,ACU,BgmADCANFDFr19,0x1FE,EventTriggered,11.0,0
RearLeftRdrObj6RdrObjDy,ConnectivityCANFD,DRMRL,DrmrlConnectivityFr02,0x1FE,EventTriggered,,True,True,ADCANFD,ACU,BgmADCANFDFr19,0x1FE,EventTriggered,12.0,0
RearLeftRdrObj6RdrObjDyStdDe,ConnectivityCANFD,DRMRL,DrmrlConnectivityFr02,0x1FE,EventTriggered,,True,True,ADCANFD,ACU,BgmADCANFDFr19,0x1FE,EventTriggered,11.0,0
RearLeftRdrObj6RdrObjDynProp,ConnectivityCANFD,DRMRL,DrmrlConnectivityFr02,0x1FE,EventTriggered,,True,True,ADCANFD,ACU,BgmADCANFDFr19,0x1FE,EventTriggered,1.0,0
RearLeftRdrObj6RdrObjExistProb,ConnectivityCANFD,DRMRL,DrmrlConnectivityFr02,0x1FE,EventTriggered,,True,True,ADCANFD,ACU,BgmADCANFDFr19,0x1FE,EventTriggered,10.0,0
RearLeftRdrObj6RdrObjHeight,ConnectivityCANFD,DRMRL,DrmrlConnectivityFr02,0x1FE,EventTriggered,,True,True,ADCANFD,ACU,BgmADCANFDFr19,0x1FE,EventTriggered,10.0,0
RearLeftRdrObj6RdrObjHeightStdDe,ConnectivityCANFD,DRMRL,DrmrlConnectivityFr02,0x1FE,EventTriggered,,True,True,ADCANFD,ACU,BgmADCANFDFr19,0x1FE,EventTriggered,10.0,0
RearLeftRdrObj6RdrObjID,ConnectivityCANFD,DRMRL,DrmrlConnectivityFr02,0x1FE,EventTriggered,,True,True,ADCANFD,ACU,BgmADCANFDFr19,0x1FE,EventTriggered,6.0,0
RearLeftRdrObj6RdrObjLifeCycle,ConnectivityCANFD,DRMRL,DrmrlConnectivityFr02,0x1FE,EventTriggered,,True,True,ADCANFD,ACU,BgmADCANFDFr19,0x1FE,EventTriggered,7.0,0
RearLeftRdrObj6RdrObjPwr,ConnectivityCANFD,DRMRL,DrmrlConnectivityFr02,0x1FE,EventTriggered,,True,True,ADCANFD,ACU,BgmADCANFDFr19,0x1FE,EventTriggered,8.0,0
RearLeftRdrObj6RdrObjVx,ConnectivityCANFD,DRMRL,DrmrlConnectivityFr02,0x1FE,EventTriggered,,True,True,ADCANFD,ACU,BgmADCANFDFr19,0x1FE,EventTriggered,11.0,0
RearLeftRdrObj6RdrObjVxStdDe,ConnectivityCANFD,DRMRL,DrmrlConnectivityFr02,0x1FE,EventTriggered,,True,True,ADCANFD,ACU,BgmADCANFDFr19,0x1FE,EventTriggered,10.0,0
RearLeftRdrObj6RdrObjVy,ConnectivityCANFD,DRMRL,DrmrlConnectivityFr02,0x1FE,EventTriggered,,True,True,ADCANFD,ACU,BgmADCANFDFr19,0x1FE,EventTriggered,11.0,0
RearLeftRdrObj6RdrObjVyStdDe,ConnectivityCANFD,DRMRL,DrmrlConnectivityFr02,0x1FE,EventTriggered,,True,True,ADCANFD,ACU,BgmADCANFDFr19,0x1FE,EventTriggered,10.0,0
RearLeftRdrObj7ObjBoxCenterLat,ConnectivityCANFD,DRMRL,DrmrlConnectivityFr03,0x1FF,EventTriggered,,,,ADCANFD,ACU,BgmADCANFDFr20,0x1FF,EventTriggered,8.0,0
RearLeftRdrObj7ObjBoxCenterLgt,ConnectivityCANFD,DRMRL,DrmrlConnectivityFr03,0x1FF,EventTriggered,,,,ADCANFD,ACU,BgmADCANFDFr20,0x1FF,EventTriggered,8.0,0
RearLeftRdrObj7RdrObjChks,ConnectivityCANFD,DRMRL,DrmrlConnectivityFr03,0x1FF,EventTriggered,,True,True,ADCANFD,ACU,BgmADCANFDFr20,0x1FF,EventTriggered,8.0,0
RearLeftRdrObj7RdrObjCntr,ConnectivityCANFD,DRMRL,DrmrlConnectivityFr03,0x1FF,EventTriggered,,True,True,ADCANFD,ACU,BgmADCANFDFr20,0x1FF,EventTriggered,4.0,0
RearLeftRdrObj7RdrObjDx,ConnectivityCANFD,DRMRL,DrmrlConnectivityFr03,0x1FF,EventTriggered,,True,True,ADCANFD,ACU,BgmADCANFDFr20,0x1FF,EventTriggered,12.0,0
RearLeftRdrObj7RdrObjDxStdDe,ConnectivityCANFD,DRMRL,DrmrlConnectivityFr03,0x1FF,EventTriggered,,True,True,ADCANFD,ACU,BgmADCANFDFr20,0x1FF,EventTriggered,11.0,0
RearLeftRdrObj7RdrObjDy,ConnectivityCANFD,DRMRL,DrmrlConnectivityFr03,0x1FF,EventTriggered,,True,True,ADCANFD,ACU,BgmADCANFDFr20,0x1FF,EventTriggered,12.0,0
RearLeftRdrObj7RdrObjDyStdDe,ConnectivityCANFD,DRMRL,DrmrlConnectivityFr03,0x1FF,EventTriggered,,True,True,ADCANFD,ACU,BgmADCANFDFr20,0x1FF,EventTriggered,11.0,0
RearLeftRdrObj7RdrObjDynProp,ConnectivityCANFD,DRMRL,DrmrlConnectivityFr03,0x1FF,EventTriggered,,True,True,ADCANFD,ACU,BgmADCANFDFr20,0x1FF,EventTriggered,1.0,0
RearLeftRdrObj7RdrObjExistProb,ConnectivityCANFD,DRMRL,DrmrlConnectivityFr03,0x1FF,EventTriggered,,True,True,ADCANFD,ACU,BgmADCANFDFr20,0x1FF,EventTriggered,10.0,0
RearLeftRdrObj7RdrObjHeight,ConnectivityCANFD,DRMRL,DrmrlConnectivityFr03,0x1FF,EventTriggered,,True,True,ADCANFD,ACU,BgmADCANFDFr20,0x1FF,EventTriggered,10.0,0
RearLeftRdrObj7RdrObjHeightStdDe,ConnectivityCANFD,DRMRL,DrmrlConnectivityFr03,0x1FF,EventTriggered,,True,True,ADCANFD,ACU,BgmADCANFDFr20,0x1FF,EventTriggered,10.0,0
RearLeftRdrObj7RdrObjID,ConnectivityCANFD,DRMRL,DrmrlConnectivityFr03,0x1FF,EventTriggered,,True,True,ADCANFD,ACU,BgmADCANFDFr20,0x1FF,EventTriggered,6.0,0
RearLeftRdrObj7RdrObjLifeCycle,ConnectivityCANFD,DRMRL,DrmrlConnectivityFr03,0x1FF,EventTriggered,,True,True,ADCANFD,ACU,BgmADCANFDFr20,0x1FF,EventTriggered,7.0,0
RearLeftRdrObj7RdrObjPwr,ConnectivityCANFD,DRMRL,DrmrlConnectivityFr03,0x1FF,EventTriggered,,True,True,ADCANFD,ACU,BgmADCANFDFr20,0x1FF,EventTriggered,8.0,0
RearLeftRdrObj7RdrObjVx,ConnectivityCANFD,DRMRL,DrmrlConnectivityFr03,0x1FF,EventTriggered,,True,True,ADCANFD,ACU,BgmADCANFDFr20,0x1FF,EventTriggered,11.0,0
RearLeftRdrObj7RdrObjVxStdDe,ConnectivityCANFD,DRMRL,DrmrlConnectivityFr03,0x1FF,EventTriggered,,True,True,ADCANFD,ACU,BgmADCANFDFr20,0x1FF,EventTriggered,10.0,0
RearLeftRdrObj7RdrObjVy,ConnectivityCANFD,DRMRL,DrmrlConnectivityFr03,0x1FF,EventTriggered,,True,True,ADCANFD,ACU,BgmADCANFDFr20,0x1FF,EventTriggered,11.0,0
RearLeftRdrObj7RdrObjVyStdDe,ConnectivityCANFD,DRMRL,DrmrlConnectivityFr03,0x1FF,EventTriggered,,True,True,ADCANFD,ACU,BgmADCANFDFr20,0x1FF,EventTriggered,10.0,0
RearLeftRdrObj8ObjBoxCenterLat,ConnectivityCANFD,DRMRL,DrmrlConnectivityFr03,0x1FF,EventTriggered,,,,ADCANFD,ACU,BgmADCANFDFr20,0x1FF,EventTriggered,8.0,0
RearLeftRdrObj8ObjBoxCenterLgt,ConnectivityCANFD,DRMRL,DrmrlConnectivityFr03,0x1FF,EventTriggered,,,,ADCANFD,ACU,BgmADCANFDFr20,0x1FF,EventTriggered,8.0,0
RearLeftRdrObj8RdrObjChks,ConnectivityCANFD,DRMRL,DrmrlConnectivityFr03,0x1FF,EventTriggered,,True,True,ADCANFD,ACU,BgmADCANFDFr20,0x1FF,EventTriggered,8.0,0
RearLeftRdrObj8RdrObjCntr,ConnectivityCANFD,DRMRL,DrmrlConnectivityFr03,0x1FF,EventTriggered,,True,True,ADCANFD,ACU,BgmADCANFDFr20,0x1FF,EventTriggered,4.0,0
RearLeftRdrObj8RdrObjDx,ConnectivityCANFD,DRMRL,DrmrlConnectivityFr03,0x1FF,EventTriggered,,True,True,ADCANFD,ACU,BgmADCANFDFr20,0x1FF,EventTriggered,12.0,0
RearLeftRdrObj8RdrObjDxStdDe,ConnectivityCANFD,DRMRL,DrmrlConnectivityFr03,0x1FF,EventTriggered,,True,True,ADCANFD,ACU,BgmADCANFDFr20,0x1FF,EventTriggered,11.0,0
RearLeftRdrObj8RdrObjDy,ConnectivityCANFD,DRMRL,DrmrlConnectivityFr03,0x1FF,EventTriggered,,True,True,ADCANFD,ACU,BgmADCANFDFr20,0x1FF,EventTriggered,12.0,0
RearLeftRdrObj8RdrObjDyStdDe,ConnectivityCANFD,DRMRL,DrmrlConnectivityFr03,0x1FF,EventTriggered,,True,True,ADCANFD,ACU,BgmADCANFDFr20,0x1FF,EventTriggered,11.0,0
RearLeftRdrObj8RdrObjDynProp,ConnectivityCANFD,DRMRL,DrmrlConnectivityFr03,0x1FF,EventTriggered,,True,True,ADCANFD,ACU,BgmADCANFDFr20,0x1FF,EventTriggered,1.0,0
RearLeftRdrObj8RdrObjExistProb,ConnectivityCANFD,DRMRL,DrmrlConnectivityFr03,0x1FF,EventTriggered,,True,True,ADCANFD,ACU,BgmADCANFDFr20,0x1FF,EventTriggered,10.0,0
RearLeftRdrObj8RdrObjHeight,ConnectivityCANFD,DRMRL,DrmrlConnectivityFr03,0x1FF,EventTriggered,,True,True,ADCANFD,ACU,BgmADCANFDFr20,0x1FF,EventTriggered,10.0,0
RearLeftRdrObj8RdrObjHeightStdDe,ConnectivityCANFD,DRMRL,DrmrlConnectivityFr03,0x1FF,EventTriggered,,True,True,ADCANFD,ACU,BgmADCANFDFr20,0x1FF,EventTriggered,10.0,0
RearLeftRdrObj8RdrObjID,ConnectivityCANFD,DRMRL,DrmrlConnectivityFr03,0x1FF,EventTriggered,,True,True,ADCANFD,ACU,BgmADCANFDFr20,0x1FF,EventTriggered,6.0,0
RearLeftRdrObj8RdrObjLifeCycle,ConnectivityCANFD,DRMRL,DrmrlConnectivityFr03,0x1FF,EventTriggered,,True,True,ADCANFD,ACU,BgmADCANFDFr20,0x1FF,EventTriggered,7.0,0
RearLeftRdrObj8RdrObjPwr,ConnectivityCANFD,DRMRL,DrmrlConnectivityFr03,0x1FF,EventTriggered,,True,True,ADCANFD,ACU,BgmADCANFDFr20,0x1FF,EventTriggered,8.0,0
RearLeftRdrObj8RdrObjVx,ConnectivityCANFD,DRMRL,DrmrlConnectivityFr03,0x1FF,EventTriggered,,True,True,ADCANFD,ACU,BgmADCANFDFr20,0x1FF,EventTriggered,11.0,0
RearLeftRdrObj8RdrObjVxStdDe,ConnectivityCANFD,DRMRL,DrmrlConnectivityFr03,0x1FF,EventTriggered,,True,True,ADCANFD,ACU,BgmADCANFDFr20,0x1FF,EventTriggered,10.0,0
RearLeftRdrObj8RdrObjVy,ConnectivityCANFD,DRMRL,DrmrlConnectivityFr03,0x1FF,EventTriggered,,True,True,ADCANFD,ACU,BgmADCANFDFr20,0x1FF,EventTriggered,11.0,0
RearLeftRdrObj8RdrObjVyStdDe,ConnectivityCANFD,DRMRL,DrmrlConnectivityFr03,0x1FF,EventTriggered,,True,True,ADCANFD,ACU,BgmADCANFDFr20,0x1FF,EventTriggered,10.0,0
RearLeftRdrObj9ObjBoxCenterLat,ConnectivityCANFD,DRMRL,DrmrlConnectivityFr03,0x1FF,EventTriggered,,,,ADCANFD,ACU,BgmADCANFDFr20,0x1FF,EventTriggered,8.0,0
RearLeftRdrObj9ObjBoxCenterLgt,ConnectivityCANFD,DRMRL,DrmrlConnectivityFr03,0x1FF,EventTriggered,,,,ADCANFD,ACU,BgmADCANFDFr20,0x1FF,EventTriggered,8.0,0
RearLeftRdrObj9RdrObjChks,ConnectivityCANFD,DRMRL,DrmrlConnectivityFr03,0x1FF,EventTriggered,,True,True,ADCANFD,ACU,BgmADCANFDFr20,0x1FF,EventTriggered,8.0,0
RearLeftRdrObj9RdrObjCntr,ConnectivityCANFD,DRMRL,DrmrlConnectivityFr03,0x1FF,EventTriggered,,True,True,ADCANFD,ACU,BgmADCANFDFr20,0x1FF,EventTriggered,4.0,0
RearLeftRdrObj9RdrObjDx,ConnectivityCANFD,DRMRL,DrmrlConnectivityFr03,0x1FF,EventTriggered,,True,True,ADCANFD,ACU,BgmADCANFDFr20,0x1FF,EventTriggered,12.0,0
RearLeftRdrObj9RdrObjDxStdDe,ConnectivityCANFD,DRMRL,DrmrlConnectivityFr03,0x1FF,EventTriggered,,True,True,ADCANFD,ACU,BgmADCANFDFr20,0x1FF,EventTriggered,11.0,0
RearLeftRdrObj9RdrObjDy,ConnectivityCANFD,DRMRL,DrmrlConnectivityFr03,0x1FF,EventTriggered,,True,True,ADCANFD,ACU,BgmADCANFDFr20,0x1FF,EventTriggered,12.0,0
RearLeftRdrObj9RdrObjDyStdDe,ConnectivityCANFD,DRMRL,DrmrlConnectivityFr03,0x1FF,EventTriggered,,True,True,ADCANFD,ACU,BgmADCANFDFr20,0x1FF,EventTriggered,11.0,0
RearLeftRdrObj9RdrObjDynProp,ConnectivityCANFD,DRMRL,DrmrlConnectivityFr03,0x1FF,EventTriggered,,True,True,ADCANFD,ACU,BgmADCANFDFr20,0x1FF,EventTriggered,1.0,0
RearLeftRdrObj9RdrObjExistProb,ConnectivityCANFD,DRMRL,DrmrlConnectivityFr03,0x1FF,EventTriggered,,True,True,ADCANFD,ACU,BgmADCANFDFr20,0x1FF,EventTriggered,10.0,0
RearLeftRdrObj9RdrObjHeight,ConnectivityCANFD,DRMRL,DrmrlConnectivityFr03,0x1FF,EventTriggered,,True,True,ADCANFD,ACU,BgmADCANFDFr20,0x1FF,EventTriggered,10.0,0
RearLeftRdrObj9RdrObjHeightStdDe,ConnectivityCANFD,DRMRL,DrmrlConnectivityFr03,0x1FF,EventTriggered,,True,True,ADCANFD,ACU,BgmADCANFDFr20,0x1FF,EventTriggered,10.0,0
RearLeftRdrObj9RdrObjID,ConnectivityCANFD,DRMRL,DrmrlConnectivityFr03,0x1FF,EventTriggered,,True,True,ADCANFD,ACU,BgmADCANFDFr20,0x1FF,EventTriggered,6.0,0
RearLeftRdrObj9RdrObjLifeCycle,ConnectivityCANFD,DRMRL,DrmrlConnectivityFr03,0x1FF,EventTriggered,,True,True,ADCANFD,ACU,BgmADCANFDFr20,0x1FF,EventTriggered,7.0,0
RearLeftRdrObj9RdrObjPwr,ConnectivityCANFD,DRMRL,DrmrlConnectivityFr03,0x1FF,EventTriggered,,True,True,ADCANFD,ACU,BgmADCANFDFr20,0x1FF,EventTriggered,8.0,0
RearLeftRdrObj9RdrObjVx,ConnectivityCANFD,DRMRL,DrmrlConnectivityFr03,0x1FF,EventTriggered,,True,True,ADCANFD,ACU,BgmADCANFDFr20,0x1FF,EventTriggered,11.0,0
RearLeftRdrObj9RdrObjVxStdDe,ConnectivityCANFD,DRMRL,DrmrlConnectivityFr03,0x1FF,EventTriggered,,True,True,ADCANFD,ACU,BgmADCANFDFr20,0x1FF,EventTriggered,10.0,0
RearLeftRdrObj9RdrObjVy,ConnectivityCANFD,DRMRL,DrmrlConnectivityFr03,0x1FF,EventTriggered,,True,True,ADCANFD,ACU,BgmADCANFDFr20,0x1FF,EventTriggered,11.0,0
RearLeftRdrObj9RdrObjVyStdDe,ConnectivityCANFD,DRMRL,DrmrlConnectivityFr03,0x1FF,EventTriggered,,True,True,ADCANFD,ACU,BgmADCANFDFr20,0x1FF,EventTriggered,10.0,0
RearLeftRdrSyncRdrObjTimeStampNSec,ConnectivityCANFD,DRMRL,DrmrlConnectivityFr06,0x203,EventTriggered,,,,ADCANFD,ACU,BgmADCANFDFr23,0x203,EventTriggered,32.0,0
RearLeftRdrSyncRdrObjTimeStampSec,ConnectivityCANFD,DRMRL,DrmrlConnectivityFr06,0x203,EventTriggered,,,,ADCANFD,ACU,BgmADCANFDFr23,0x203,EventTriggered,32.0,0
RearLeftRdrSyncRdrSyncChks,ConnectivityCANFD,DRMRL,DrmrlConnectivityFr06,0x203,EventTriggered,,True,True,ADCANFD,ACU,BgmADCANFDFr23,0x203,EventTriggered,8.0,0
RearLeftRdrSyncRdrSyncCntr,ConnectivityCANFD,DRMRL,DrmrlConnectivityFr06,0x203,EventTriggered,,True,True,ADCANFD,ACU,BgmADCANFDFr23,0x203,EventTriggered,4.0,0
RearRgtRdrObj1ObjBoxCenterLat,ConnectivityCANFD,DRMRR,DrmrrConnectivityFr01,0x204,EventTriggered,,,,ADCANFD,ACU,BgmADCANFDFr24,0x204,EventTriggered,8.0,0
RearRgtRdrObj1ObjBoxCenterLgt,ConnectivityCANFD,DRMRR,DrmrrConnectivityFr01,0x204,EventTriggered,,,,ADCANFD,ACU,BgmADCANFDFr24,0x204,EventTriggered,8.0,0
RearRgtRdrObj1RdrObjChks,ConnectivityCANFD,DRMRR,DrmrrConnectivityFr01,0x204,EventTriggered,,True,True,ADCANFD,ACU,BgmADCANFDFr24,0x204,EventTriggered,8.0,0
RearRgtRdrObj1RdrObjCntr,ConnectivityCANFD,DRMRR,DrmrrConnectivityFr01,0x204,EventTriggered,,True,True,ADCANFD,ACU,BgmADCANFDFr24,0x204,EventTriggered,4.0,0
RearRgtRdrObj1RdrObjDx,ConnectivityCANFD,DRMRR,DrmrrConnectivityFr01,0x204,EventTriggered,,True,True,ADCANFD,ACU,BgmADCANFDFr24,0x204,EventTriggered,12.0,0
RearRgtRdrObj1RdrObjDxStdDe,ConnectivityCANFD,DRMRR,DrmrrConnectivityFr01,0x204,EventTriggered,,True,True,ADCANFD,ACU,BgmADCANFDFr24,0x204,EventTriggered,11.0,0
RearRgtRdrObj1RdrObjDy,ConnectivityCANFD,DRMRR,DrmrrConnectivityFr01,0x204,EventTriggered,,True,True,ADCANFD,ACU,BgmADCANFDFr24,0x204,EventTriggered,12.0,0
RearRgtRdrObj1RdrObjDyStdDe,ConnectivityCANFD,DRMRR,DrmrrConnectivityFr01,0x204,EventTriggered,,True,True,ADCANFD,ACU,BgmADCANFDFr24,0x204,EventTriggered,11.0,0
RearRgtRdrObj1RdrObjDynProp,ConnectivityCANFD,DRMRR,DrmrrConnectivityFr01,0x204,EventTriggered,,True,True,ADCANFD,ACU,BgmADCANFDFr24,0x204,EventTriggered,1.0,0
RearRgtRdrObj1RdrObjExistProb,ConnectivityCANFD,DRMRR,DrmrrConnectivityFr01,0x204,EventTriggered,,True,True,ADCANFD,ACU,BgmADCANFDFr24,0x204,EventTriggered,10.0,0
RearRgtRdrObj1RdrObjHeight,ConnectivityCANFD,DRMRR,DrmrrConnectivityFr01,0x204,EventTriggered,,True,True,ADCANFD,ACU,BgmADCANFDFr24,0x204,EventTriggered,10.0,0
RearRgtRdrObj1RdrObjHeightStdDe,ConnectivityCANFD,DRMRR,DrmrrConnectivityFr01,0x204,EventTriggered,,True,True,ADCANFD,ACU,BgmADCANFDFr24,0x204,EventTriggered,10.0,0
RearRgtRdrObj1RdrObjID,ConnectivityCANFD,DRMRR,DrmrrConnectivityFr01,0x204,EventTriggered,,True,True,ADCANFD,ACU,BgmADCANFDFr24,0x204,EventTriggered,6.0,0
RearRgtRdrObj1RdrObjLifeCycle,ConnectivityCANFD,DRMRR,DrmrrConnectivityFr01,0x204,EventTriggered,,True,True,ADCANFD,ACU,BgmADCANFDFr24,0x204,EventTriggered,7.0,0
RearRgtRdrObj1RdrObjPwr,ConnectivityCANFD,DRMRR,DrmrrConnectivityFr01,0x204,EventTriggered,,True,True,ADCANFD,ACU,BgmADCANFDFr24,0x204,EventTriggered,8.0,0
RearRgtRdrObj1RdrObjVx,ConnectivityCANFD,DRMRR,DrmrrConnectivityFr01,0x204,EventTriggered,,True,True,ADCANFD,ACU,BgmADCANFDFr24,0x204,EventTriggered,11.0,0
RearRgtRdrObj1RdrObjVxStdDe,ConnectivityCANFD,DRMRR,DrmrrConnectivityFr01,0x204,EventTriggered,,True,True,ADCANFD,ACU,BgmADCANFDFr24,0x204,EventTriggered,10.0,0
RearRgtRdrObj1RdrObjVy,ConnectivityCANFD,DRMRR,DrmrrConnectivityFr01,0x204,EventTriggered,,True,True,ADCANFD,ACU,BgmADCANFDFr24,0x204,EventTriggered,11.0,0
RearRgtRdrObj1RdrObjVyStdDe,ConnectivityCANFD,DRMRR,DrmrrConnectivityFr01,0x204,EventTriggered,,True,True,ADCANFD,ACU,BgmADCANFDFr24,0x204,EventTriggered,10.0,0
RearRgtRdrObj10ObjBoxCenterLat,ConnectivityCANFD,DRMRR,DrmrrConnectivityFr04,0x207,EventTriggered,,,,ADCANFD,ACU,BgmADCANFDFr27,0x207,EventTriggered,8.0,0
RearRgtRdrObj10ObjBoxCenterLgt,ConnectivityCANFD,DRMRR,DrmrrConnectivityFr04,0x207,EventTriggered,,,,ADCANFD,ACU,BgmADCANFDFr27,0x207,EventTriggered,8.0,0
RearRgtRdrObj10RdrObjChks,ConnectivityCANFD,DRMRR,DrmrrConnectivityFr04,0x207,EventTriggered,,True,True,ADCANFD,ACU,BgmADCANFDFr27,0x207,EventTriggered,8.0,0
RearRgtRdrObj10RdrObjCntr,ConnectivityCANFD,DRMRR,DrmrrConnectivityFr04,0x207,EventTriggered,,True,True,ADCANFD,ACU,BgmADCANFDFr27,0x207,EventTriggered,4.0,0
RearRgtRdrObj10RdrObjDx,ConnectivityCANFD,DRMRR,DrmrrConnectivityFr04,0x207,EventTriggered,,True,True,ADCANFD,ACU,BgmADCANFDFr27,0x207,EventTriggered,12.0,0
RearRgtRdrObj10RdrObjDxStdDe,ConnectivityCANFD,DRMRR,DrmrrConnectivityFr04,0x207,EventTriggered,,True,True,ADCANFD,ACU,BgmADCANFDFr27,0x207,EventTriggered,11.0,0
RearRgtRdrObj10RdrObjDy,ConnectivityCANFD,DRMRR,DrmrrConnectivityFr04,0x207,EventTriggered,,True,True,ADCANFD,ACU,BgmADCANFDFr27,0x207,EventTriggered,12.0,0
RearRgtRdrObj10RdrObjDyStdDe,ConnectivityCANFD,DRMRR,DrmrrConnectivityFr04,0x207,EventTriggered,,True,True,ADCANFD,ACU,BgmADCANFDFr27,0x207,EventTriggered,11.0,0
RearRgtRdrObj10RdrObjDynProp,ConnectivityCANFD,DRMRR,DrmrrConnectivityFr04,0x207,EventTriggered,,True,True,ADCANFD,ACU,BgmADCANFDFr27,0x207,EventTriggered,1.0,0
RearRgtRdrObj10RdrObjExistProb,ConnectivityCANFD,DRMRR,DrmrrConnectivityFr04,0x207,EventTriggered,,True,True,ADCANFD,ACU,BgmADCANFDFr27,0x207,EventTriggered,10.0,0
RearRgtRdrObj10RdrObjHeight,ConnectivityCANFD,DRMRR,DrmrrConnectivityFr04,0x207,EventTriggered,,True,True,ADCANFD,ACU,BgmADCANFDFr27,0x207,EventTriggered,10.0,0
RearRgtRdrObj10RdrObjHeightStdDe,ConnectivityCANFD,DRMRR,DrmrrConnectivityFr04,0x207,EventTriggered,,True,True,ADCANFD,ACU,BgmADCANFDFr27,0x207,EventTriggered,10.0,0
RearRgtRdrObj10RdrObjID,ConnectivityCANFD,DRMRR,DrmrrConnectivityFr04,0x207,EventTriggered,,True,True,ADCANFD,ACU,BgmADCANFDFr27,0x207,EventTriggered,6.0,0
RearRgtRdrObj10RdrObjLifeCycle,ConnectivityCANFD,DRMRR,DrmrrConnectivityFr04,0x207,EventTriggered,,True,True,ADCANFD,ACU,BgmADCANFDFr27,0x207,EventTriggered,7.0,0
RearRgtRdrObj10RdrObjPwr,ConnectivityCANFD,DRMRR,DrmrrConnectivityFr04,0x207,EventTriggered,,True,True,ADCANFD,ACU,BgmADCANFDFr27,0x207,EventTriggered,8.0,0
RearRgtRdrObj10RdrObjVx,ConnectivityCANFD,DRMRR,DrmrrConnectivityFr04,0x207,EventTriggered,,True,True,ADCANFD,ACU,BgmADCANFDFr27,0x207,EventTriggered,11.0,0
RearRgtRdrObj10RdrObjVxStdDe,ConnectivityCANFD,DRMRR,DrmrrConnectivityFr04,0x207,EventTriggered,,True,True,ADCANFD,ACU,BgmADCANFDFr27,0x207,EventTriggered,10.0,0
RearRgtRdrObj10RdrObjVy,ConnectivityCANFD,DRMRR,DrmrrConnectivityFr04,0x207,EventTriggered,,True,True,ADCANFD,ACU,BgmADCANFDFr27,0x207,EventTriggered,11.0,0
RearRgtRdrObj10RdrObjVyStdDe,ConnectivityCANFD,DRMRR,DrmrrConnectivityFr04,0x207,EventTriggered,,True,True,ADCANFD,ACU,BgmADCANFDFr27,0x207,EventTriggered,10.0,0
RearRgtRdrObj11ObjBoxCenterLat,ConnectivityCANFD,DRMRR,DrmrrConnectivityFr04,0x207,EventTriggered,,,,ADCANFD,ACU,BgmADCANFDFr27,0x207,EventTriggered,8.0,0
RearRgtRdrObj11ObjBoxCenterLgt,ConnectivityCANFD,DRMRR,DrmrrConnectivityFr04,0x207,EventTriggered,,,,ADCANFD,ACU,BgmADCANFDFr27,0x207,EventTriggered,8.0,0
RearRgtRdrObj11RdrObjChks,ConnectivityCANFD,DRMRR,DrmrrConnectivityFr04,0x207,EventTriggered,,True,True,ADCANFD,ACU,BgmADCANFDFr27,0x207,EventTriggered,8.0,0
RearRgtRdrObj11RdrObjCntr,ConnectivityCANFD,DRMRR,DrmrrConnectivityFr04,0x207,EventTriggered,,True,True,ADCANFD,ACU,BgmADCANFDFr27,0x207,EventTriggered,4.0,0
RearRgtRdrObj11RdrObjDx,ConnectivityCANFD,DRMRR,DrmrrConnectivityFr04,0x207,EventTriggered,,True,True,ADCANFD,ACU,BgmADCANFDFr27,0x207,EventTriggered,12.0,0
RearRgtRdrObj11RdrObjDxStdDe,ConnectivityCANFD,DRMRR,DrmrrConnectivityFr04,0x207,EventTriggered,,True,True,ADCANFD,ACU,BgmADCANFDFr27,0x207,EventTriggered,11.0,0
RearRgtRdrObj11RdrObjDy,ConnectivityCANFD,DRMRR,DrmrrConnectivityFr04,0x207,EventTriggered,,True,True,ADCANFD,ACU,BgmADCANFDFr27,0x207,EventTriggered,12.0,0
RearRgtRdrObj11RdrObjDyStdDe,ConnectivityCANFD,DRMRR,DrmrrConnectivityFr04,0x207,EventTriggered,,True,True,ADCANFD,ACU,BgmADCANFDFr27,0x207,EventTriggered,11.0,0
RearRgtRdrObj11RdrObjDynProp,ConnectivityCANFD,DRMRR,DrmrrConnectivityFr04,0x207,EventTriggered,,True,True,ADCANFD,ACU,BgmADCANFDFr27,0x207,EventTriggered,1.0,0
RearRgtRdrObj11RdrObjExistProb,ConnectivityCANFD,DRMRR,DrmrrConnectivityFr04,0x207,EventTriggered,,True,True,ADCANFD,ACU,BgmADCANFDFr27,0x207,EventTriggered,10.0,0
RearRgtRdrObj11RdrObjHeight,ConnectivityCANFD,DRMRR,DrmrrConnectivityFr04,0x207,EventTriggered,,True,True,ADCANFD,ACU,BgmADCANFDFr27,0x207,EventTriggered,10.0,0
RearRgtRdrObj11RdrObjHeightStdDe,ConnectivityCANFD,DRMRR,DrmrrConnectivityFr04,0x207,EventTriggered,,True,True,ADCANFD,ACU,BgmADCANFDFr27,0x207,EventTriggered,10.0,0
RearRgtRdrObj11RdrObjID,ConnectivityCANFD,DRMRR,DrmrrConnectivityFr04,0x207,EventTriggered,,True,True,ADCANFD,ACU,BgmADCANFDFr27,0x207,EventTriggered,6.0,0
RearRgtRdrObj11RdrObjLifeCycle,ConnectivityCANFD,DRMRR,DrmrrConnectivityFr04,0x207,EventTriggered,,True,True,ADCANFD,ACU,BgmADCANFDFr27,0x207,EventTriggered,7.0,0
RearRgtRdrObj11RdrObjPwr,ConnectivityCANFD,DRMRR,DrmrrConnectivityFr04,0x207,EventTriggered,,True,True,ADCANFD,ACU,BgmADCANFDFr27,0x207,EventTriggered,8.0,0
RearRgtRdrObj11RdrObjVx,ConnectivityCANFD,DRMRR,DrmrrConnectivityFr04,0x207,EventTriggered,,True,True,ADCANFD,ACU,BgmADCANFDFr27,0x207,EventTriggered,11.0,0
RearRgtRdrObj11RdrObjVxStdDe,ConnectivityCANFD,DRMRR,DrmrrConnectivityFr04,0x207,EventTriggered,,True,True,ADCANFD,ACU,BgmADCANFDFr27,0x207,EventTriggered,10.0,0
RearRgtRdrObj11RdrObjVy,ConnectivityCANFD,DRMRR,DrmrrConnectivityFr04,0x207,EventTriggered,,True,True,ADCANFD,ACU,BgmADCANFDFr27,0x207,EventTriggered,11.0,0
RearRgtRdrObj11RdrObjVyStdDe,ConnectivityCANFD,DRMRR,DrmrrConnectivityFr04,0x207,EventTriggered,,True,True,ADCANFD,ACU,BgmADCANFDFr27,0x207,EventTriggered,10.0,0
RearRgtRdrObj12ObjBoxCenterLat,ConnectivityCANFD,DRMRR,DrmrrConnectivityFr04,0x207,EventTriggered,,,,ADCANFD,ACU,BgmADCANFDFr27,0x207,EventTriggered,8.0,0
RearRgtRdrObj12ObjBoxCenterLgt,ConnectivityCANFD,DRMRR,DrmrrConnectivityFr04,0x207,EventTriggered,,,,ADCANFD,ACU,BgmADCANFDFr27,0x207,EventTriggered,8.0,0
RearRgtRdrObj12RdrObjChks,ConnectivityCANFD,DRMRR,DrmrrConnectivityFr04,0x207,EventTriggered,,True,True,ADCANFD,ACU,BgmADCANFDFr27,0x207,EventTriggered,8.0,0
RearRgtRdrObj12RdrObjCntr,ConnectivityCANFD,DRMRR,DrmrrConnectivityFr04,0x207,EventTriggered,,True,True,ADCANFD,ACU,BgmADCANFDFr27,0x207,EventTriggered,4.0,0
RearRgtRdrObj12RdrObjDx,ConnectivityCANFD,DRMRR,DrmrrConnectivityFr04,0x207,EventTriggered,,True,True,ADCANFD,ACU,BgmADCANFDFr27,0x207,EventTriggered,12.0,0
RearRgtRdrObj12RdrObjDxStdDe,ConnectivityCANFD,DRMRR,DrmrrConnectivityFr04,0x207,EventTriggered,,True,True,ADCANFD,ACU,BgmADCANFDFr27,0x207,EventTriggered,11.0,0
RearRgtRdrObj12RdrObjDy,ConnectivityCANFD,DRMRR,DrmrrConnectivityFr04,0x207,EventTriggered,,True,True,ADCANFD,ACU,BgmADCANFDFr27,0x207,EventTriggered,12.0,0
RearRgtRdrObj12RdrObjDyStdDe,ConnectivityCANFD,DRMRR,DrmrrConnectivityFr04,0x207,EventTriggered,,True,True,ADCANFD,ACU,BgmADCANFDFr27,0x207,EventTriggered,11.0,0
RearRgtRdrObj12RdrObjDynProp,ConnectivityCANFD,DRMRR,DrmrrConnectivityFr04,0x207,EventTriggered,,True,True,ADCANFD,ACU,BgmADCANFDFr27,0x207,EventTriggered,1.0,0
RearRgtRdrObj12RdrObjExistProb,ConnectivityCANFD,DRMRR,DrmrrConnectivityFr04,0x207,EventTriggered,,True,True,ADCANFD,ACU,BgmADCANFDFr27,0x207,EventTriggered,10.0,0
RearRgtRdrObj12RdrObjHeight,ConnectivityCANFD,DRMRR,DrmrrConnectivityFr04,0x207,EventTriggered,,True,True,ADCANFD,ACU,BgmADCANFDFr27,0x207,EventTriggered,10.0,0
RearRgtRdrObj12RdrObjHeightStdDe,ConnectivityCANFD,DRMRR,DrmrrConnectivityFr04,0x207,EventTriggered,,True,True,ADCANFD,ACU,BgmADCANFDFr27,0x207,EventTriggered,10.0,0
RearRgtRdrObj12RdrObjID,ConnectivityCANFD,DRMRR,DrmrrConnectivityFr04,0x207,EventTriggered,,True,True,ADCANFD,ACU,BgmADCANFDFr27,0x207,EventTriggered,6.0,0
RearRgtRdrObj12RdrObjLifeCycle,ConnectivityCANFD,DRMRR,DrmrrConnectivityFr04,0x207,EventTriggered,,True,True,ADCANFD,ACU,BgmADCANFDFr27,0x207,EventTriggered,7.0,0
RearRgtRdrObj12RdrObjPwr,ConnectivityCANFD,DRMRR,DrmrrConnectivityFr04,0x207,EventTriggered,,True,True,ADCANFD,ACU,BgmADCANFDFr27,0x207,EventTriggered,8.0,0
RearRgtRdrObj12RdrObjVx,ConnectivityCANFD,DRMRR,DrmrrConnectivityFr04,0x207,EventTriggered,,True,True,ADCANFD,ACU,BgmADCANFDFr27,0x207,EventTriggered,11.0,0
RearRgtRdrObj12RdrObjVxStdDe,ConnectivityCANFD,DRMRR,DrmrrConnectivityFr04,0x207,EventTriggered,,True,True,ADCANFD,ACU,BgmADCANFDFr27,0x207,EventTriggered,10.0,0
RearRgtRdrObj12RdrObjVy,ConnectivityCANFD,DRMRR,DrmrrConnectivityFr04,0x207,EventTriggered,,True,True,ADCANFD,ACU,BgmADCANFDFr27,0x207,EventTriggered,11.0,0
RearRgtRdrObj12RdrObjVyStdDe,ConnectivityCANFD,DRMRR,DrmrrConnectivityFr04,0x207,EventTriggered,,True,True,ADCANFD,ACU,BgmADCANFDFr27,0x207,EventTriggered,10.0,0
RearRgtRdrObj13ObjBoxCenterLat,ConnectivityCANFD,DRMRR,DrmrrConnectivityFr05,0x208,EventTriggered,,,,ADCANFD,ACU,BgmADCANFDFr28,0x208,EventTriggered,8.0,0
RearRgtRdrObj13ObjBoxCenterLgt,ConnectivityCANFD,DRMRR,DrmrrConnectivityFr05,0x208,EventTriggered,,,,ADCANFD,ACU,BgmADCANFDFr28,0x208,EventTriggered,8.0,0
RearRgtRdrObj13RdrObjChks,ConnectivityCANFD,DRMRR,DrmrrConnectivityFr05,0x208,EventTriggered,,True,True,ADCANFD,ACU,BgmADCANFDFr28,0x208,EventTriggered,8.0,0
RearRgtRdrObj13RdrObjCntr,ConnectivityCANFD,DRMRR,DrmrrConnectivityFr05,0x208,EventTriggered,,True,True,ADCANFD,ACU,BgmADCANFDFr28,0x208,EventTriggered,4.0,0
RearRgtRdrObj13RdrObjDx,ConnectivityCANFD,DRMRR,DrmrrConnectivityFr05,0x208,EventTriggered,,True,True,ADCANFD,ACU,BgmADCANFDFr28,0x208,EventTriggered,12.0,0
RearRgtRdrObj13RdrObjDxStdDe,ConnectivityCANFD,DRMRR,DrmrrConnectivityFr05,0x208,EventTriggered,,True,True,ADCANFD,ACU,BgmADCANFDFr28,0x208,EventTriggered,11.0,0
RearRgtRdrObj13RdrObjDy,ConnectivityCANFD,DRMRR,DrmrrConnectivityFr05,0x208,EventTriggered,,True,True,ADCANFD,ACU,BgmADCANFDFr28,0x208,EventTriggered,12.0,0
RearRgtRdrObj13RdrObjDyStdDe,ConnectivityCANFD,DRMRR,DrmrrConnectivityFr05,0x208,EventTriggered,,True,True,ADCANFD,ACU,BgmADCANFDFr28,0x208,EventTriggered,11.0,0
RearRgtRdrObj13RdrObjDynProp,ConnectivityCANFD,DRMRR,DrmrrConnectivityFr05,0x208,EventTriggered,,True,True,ADCANFD,ACU,BgmADCANFDFr28,0x208,EventTriggered,1.0,0
RearRgtRdrObj13RdrObjExistProb,ConnectivityCANFD,DRMRR,DrmrrConnectivityFr05,0x208,EventTriggered,,True,True,ADCANFD,ACU,BgmADCANFDFr28,0x208,EventTriggered,10.0,0
RearRgtRdrObj13RdrObjHeight,ConnectivityCANFD,DRMRR,DrmrrConnectivityFr05,0x208,EventTriggered,,True,True,ADCANFD,ACU,BgmADCANFDFr28,0x208,EventTriggered,10.0,0
RearRgtRdrObj13RdrObjHeightStdDe,ConnectivityCANFD,DRMRR,DrmrrConnectivityFr05,0x208,EventTriggered,,True,True,ADCANFD,ACU,BgmADCANFDFr28,0x208,EventTriggered,10.0,0
RearRgtRdrObj13RdrObjID,ConnectivityCANFD,DRMRR,DrmrrConnectivityFr05,0x208,EventTriggered,,True,True,ADCANFD,ACU,BgmADCANFDFr28,0x208,EventTriggered,6.0,0
RearRgtRdrObj13RdrObjLifeCycle,ConnectivityCANFD,DRMRR,DrmrrConnectivityFr05,0x208,EventTriggered,,True,True,ADCANFD,ACU,BgmADCANFDFr28,0x208,EventTriggered,7.0,0
RearRgtRdrObj13RdrObjPwr,ConnectivityCANFD,DRMRR,DrmrrConnectivityFr05,0x208,EventTriggered,,True,True,ADCANFD,ACU,BgmADCANFDFr28,0x208,EventTriggered,8.0,0
RearRgtRdrObj13RdrObjVx,ConnectivityCANFD,DRMRR,DrmrrConnectivityFr05,0x208,EventTriggered,,True,True,ADCANFD,ACU,BgmADCANFDFr28,0x208,EventTriggered,11.0,0
RearRgtRdrObj13RdrObjVxStdDe,ConnectivityCANFD,DRMRR,DrmrrConnectivityFr05,0x208,EventTriggered,,True,True,ADCANFD,ACU,BgmADCANFDFr28,0x208,EventTriggered,10.0,0
RearRgtRdrObj13RdrObjVy,ConnectivityCANFD,DRMRR,DrmrrConnectivityFr05,0x208,EventTriggered,,True,True,ADCANFD,ACU,BgmADCANFDFr28,0x208,EventTriggered,11.0,0
RearRgtRdrObj13RdrObjVyStdDe,ConnectivityCANFD,DRMRR,DrmrrConnectivityFr05,0x208,EventTriggered,,True,True,ADCANFD,ACU,BgmADCANFDFr28,0x208,EventTriggered,10.0,0
RearRgtRdrObj14ObjBoxCenterLat,ConnectivityCANFD,DRMRR,DrmrrConnectivityFr05,0x208,EventTriggered,,,,ADCANFD,ACU,BgmADCANFDFr28,0x208,EventTriggered,8.0,0
RearRgtRdrObj14ObjBoxCenterLgt,ConnectivityCANFD,DRMRR,DrmrrConnectivityFr05,0x208,EventTriggered,,,,ADCANFD,ACU,BgmADCANFDFr28,0x208,EventTriggered,8.0,0
RearRgtRdrObj14RdrObjChks,ConnectivityCANFD,DRMRR,DrmrrConnectivityFr05,0x208,EventTriggered,,True,True,ADCANFD,ACU,BgmADCANFDFr28,0x208,EventTriggered,8.0,0
RearRgtRdrObj14RdrObjCntr,ConnectivityCANFD,DRMRR,DrmrrConnectivityFr05,0x208,EventTriggered,,True,True,ADCANFD,ACU,BgmADCANFDFr28,0x208,EventTriggered,4.0,0
RearRgtRdrObj14RdrObjDx,ConnectivityCANFD,DRMRR,DrmrrConnectivityFr05,0x208,EventTriggered,,True,True,ADCANFD,ACU,BgmADCANFDFr28,0x208,EventTriggered,12.0,0
RearRgtRdrObj14RdrObjDxStdDe,ConnectivityCANFD,DRMRR,DrmrrConnectivityFr05,0x208,EventTriggered,,True,True,ADCANFD,ACU,BgmADCANFDFr28,0x208,EventTriggered,11.0,0
RearRgtRdrObj14RdrObjDy,ConnectivityCANFD,DRMRR,DrmrrConnectivityFr05,0x208,EventTriggered,,True,True,ADCANFD,ACU,BgmADCANFDFr28,0x208,EventTriggered,12.0,0
RearRgtRdrObj14RdrObjDyStdDe,ConnectivityCANFD,DRMRR,DrmrrConnectivityFr05,0x208,EventTriggered,,True,True,ADCANFD,ACU,BgmADCANFDFr28,0x208,EventTriggered,11.0,0
RearRgtRdrObj14RdrObjDynProp,ConnectivityCANFD,DRMRR,DrmrrConnectivityFr05,0x208,EventTriggered,,True,True,ADCANFD,ACU,BgmADCANFDFr28,0x208,EventTriggered,1.0,0
RearRgtRdrObj14RdrObjExistProb,ConnectivityCANFD,DRMRR,DrmrrConnectivityFr05,0x208,EventTriggered,,True,True,ADCANFD,ACU,BgmADCANFDFr28,0x208,EventTriggered,10.0,0
RearRgtRdrObj14RdrObjHeight,ConnectivityCANFD,DRMRR,DrmrrConnectivityFr05,0x208,EventTriggered,,True,True,ADCANFD,ACU,BgmADCANFDFr28,0x208,EventTriggered,10.0,0
RearRgtRdrObj14RdrObjHeightStdDe,ConnectivityCANFD,DRMRR,DrmrrConnectivityFr05,0x208,EventTriggered,,True,True,ADCANFD,ACU,BgmADCANFDFr28,0x208,EventTriggered,10.0,0
RearRgtRdrObj14RdrObjID,ConnectivityCANFD,DRMRR,DrmrrConnectivityFr05,0x208,EventTriggered,,True,True,ADCANFD,ACU,BgmADCANFDFr28,0x208,EventTriggered,6.0,0
RearRgtRdrObj14RdrObjLifeCycle,ConnectivityCANFD,DRMRR,DrmrrConnectivityFr05,0x208,EventTriggered,,True,True,ADCANFD,ACU,BgmADCANFDFr28,0x208,EventTriggered,7.0,0
RearRgtRdrObj14RdrObjPwr,ConnectivityCANFD,DRMRR,DrmrrConnectivityFr05,0x208,EventTriggered,,True,True,ADCANFD,ACU,BgmADCANFDFr28,0x208,EventTriggered,8.0,0
RearRgtRdrObj14RdrObjVx,ConnectivityCANFD,DRMRR,DrmrrConnectivityFr05,0x208,EventTriggered,,True,True,ADCANFD,ACU,BgmADCANFDFr28,0x208,EventTriggered,11.0,0
RearRgtRdrObj14RdrObjVxStdDe,ConnectivityCANFD,DRMRR,DrmrrConnectivityFr05,0x208,EventTriggered,,True,True,ADCANFD,ACU,BgmADCANFDFr28,0x208,EventTriggered,10.0,0
RearRgtRdrObj14RdrObjVy,ConnectivityCANFD,DRMRR,DrmrrConnectivityFr05,0x208,EventTriggered,,True,True,ADCANFD,ACU,BgmADCANFDFr28,0x208,EventTriggered,11.0,0
RearRgtRdrObj14RdrObjVyStdDe,ConnectivityCANFD,DRMRR,DrmrrConnectivityFr05,0x208,EventTriggered,,True,True,ADCANFD,ACU,BgmADCANFDFr28,0x208,EventTriggered,10.0,0
RearRgtRdrObj15ObjBoxCenterLat,ConnectivityCANFD,DRMRR,DrmrrConnectivityFr05,0x208,EventTriggered,,,,ADCANFD,ACU,BgmADCANFDFr28,0x208,EventTriggered,8.0,0
RearRgtRdrObj15ObjBoxCenterLgt,ConnectivityCANFD,DRMRR,DrmrrConnectivityFr05,0x208,EventTriggered,,,,ADCANFD,ACU,BgmADCANFDFr28,0x208,EventTriggered,8.0,0
RearRgtRdrObj15RdrObjChks,ConnectivityCANFD,DRMRR,DrmrrConnectivityFr05,0x208,EventTriggered,,True,True,ADCANFD,ACU,BgmADCANFDFr28,0x208,EventTriggered,8.0,0
RearRgtRdrObj15RdrObjCntr,ConnectivityCANFD,DRMRR,DrmrrConnectivityFr05,0x208,EventTriggered,,True,True,ADCANFD,ACU,BgmADCANFDFr28,0x208,EventTriggered,4.0,0
RearRgtRdrObj15RdrObjDx,ConnectivityCANFD,DRMRR,DrmrrConnectivityFr05,0x208,EventTriggered,,True,True,ADCANFD,ACU,BgmADCANFDFr28,0x208,EventTriggered,12.0,0
RearRgtRdrObj15RdrObjDxStdDe,ConnectivityCANFD,DRMRR,DrmrrConnectivityFr05,0x208,EventTriggered,,True,True,ADCANFD,ACU,BgmADCANFDFr28,0x208,EventTriggered,11.0,0
RearRgtRdrObj15RdrObjDy,ConnectivityCANFD,DRMRR,DrmrrConnectivityFr05,0x208,EventTriggered,,True,True,ADCANFD,ACU,BgmADCANFDFr28,0x208,EventTriggered,12.0,0
RearRgtRdrObj15RdrObjDyStdDe,ConnectivityCANFD,DRMRR,DrmrrConnectivityFr05,0x208,EventTriggered,,True,True,ADCANFD,ACU,BgmADCANFDFr28,0x208,EventTriggered,11.0,0
RearRgtRdrObj15RdrObjDynProp,ConnectivityCANFD,DRMRR,DrmrrConnectivityFr05,0x208,EventTriggered,,True,True,ADCANFD,ACU,BgmADCANFDFr28,0x208,EventTriggered,1.0,0
RearRgtRdrObj15RdrObjExistProb,ConnectivityCANFD,DRMRR,DrmrrConnectivityFr05,0x208,EventTriggered,,True,True,ADCANFD,ACU,BgmADCANFDFr28,0x208,EventTriggered,10.0,0
RearRgtRdrObj15RdrObjHeight,ConnectivityCANFD,DRMRR,DrmrrConnectivityFr05,0x208,EventTriggered,,True,True,ADCANFD,ACU,BgmADCANFDFr28,0x208,EventTriggered,10.0,0
RearRgtRdrObj15RdrObjHeightStdDe,ConnectivityCANFD,DRMRR,DrmrrConnectivityFr05,0x208,EventTriggered,,True,True,ADCANFD,ACU,BgmADCANFDFr28,0x208,EventTriggered,10.0,0
RearRgtRdrObj15RdrObjID,ConnectivityCANFD,DRMRR,DrmrrConnectivityFr05,0x208,EventTriggered,,True,True,ADCANFD,ACU,BgmADCANFDFr28,0x208,EventTriggered,6.0,0
RearRgtRdrObj15RdrObjLifeCycle,ConnectivityCANFD,DRMRR,DrmrrConnectivityFr05,0x208,EventTriggered,,True,True,ADCANFD,ACU,BgmADCANFDFr28,0x208,EventTriggered,7.0,0
RearRgtRdrObj15RdrObjPwr,ConnectivityCANFD,DRMRR,DrmrrConnectivityFr05,0x208,EventTriggered,,True,True,ADCANFD,ACU,BgmADCANFDFr28,0x208,EventTriggered,8.0,0
RearRgtRdrObj15RdrObjVx,ConnectivityCANFD,DRMRR,DrmrrConnectivityFr05,0x208,EventTriggered,,True,True,ADCANFD,ACU,BgmADCANFDFr28,0x208,EventTriggered,11.0,0
RearRgtRdrObj15RdrObjVxStdDe,ConnectivityCANFD,DRMRR,DrmrrConnectivityFr05,0x208,EventTriggered,,True,True,ADCANFD,ACU,BgmADCANFDFr28,0x208,EventTriggered,10.0,0
RearRgtRdrObj15RdrObjVy,ConnectivityCANFD,DRMRR,DrmrrConnectivityFr05,0x208,EventTriggered,,True,True,ADCANFD,ACU,BgmADCANFDFr28,0x208,EventTriggered,11.0,0
RearRgtRdrObj15RdrObjVyStdDe,ConnectivityCANFD,DRMRR,DrmrrConnectivityFr05,0x208,EventTriggered,,True,True,ADCANFD,ACU,BgmADCANFDFr28,0x208,EventTriggered,10.0,0
RearRgtRdrObj16ObjBoxCenterLat,ConnectivityCANFD,DRMRR,DrmrrConnectivityFr06,0x209,EventTriggered,,,,ADCANFD,ACU,BgmADCANFDFr29,0x209,EventTriggered,8.0,0
RearRgtRdrObj16ObjBoxCenterLgt,ConnectivityCANFD,DRMRR,DrmrrConnectivityFr06,0x209,EventTriggered,,,,ADCANFD,ACU,BgmADCANFDFr29,0x209,EventTriggered,8.0,0
RearRgtRdrObj16RdrObjChks,ConnectivityCANFD,DRMRR,DrmrrConnectivityFr06,0x209,EventTriggered,,True,True,ADCANFD,ACU,BgmADCANFDFr29,0x209,EventTriggered,8.0,0
RearRgtRdrObj16RdrObjCntr,ConnectivityCANFD,DRMRR,DrmrrConnectivityFr06,0x209,EventTriggered,,True,True,ADCANFD,ACU,BgmADCANFDFr29,0x209,EventTriggered,4.0,0
RearRgtRdrObj16RdrObjDx,ConnectivityCANFD,DRMRR,DrmrrConnectivityFr06,0x209,EventTriggered,,True,True,ADCANFD,ACU,BgmADCANFDFr29,0x209,EventTriggered,12.0,0
RearRgtRdrObj16RdrObjDxStdDe,ConnectivityCANFD,DRMRR,DrmrrConnectivityFr06,0x209,EventTriggered,,True,True,ADCANFD,ACU,BgmADCANFDFr29,0x209,EventTriggered,11.0,0
RearRgtRdrObj16RdrObjDy,ConnectivityCANFD,DRMRR,DrmrrConnectivityFr06,0x209,EventTriggered,,True,True,ADCANFD,ACU,BgmADCANFDFr29,0x209,EventTriggered,12.0,0
RearRgtRdrObj16RdrObjDyStdDe,ConnectivityCANFD,DRMRR,DrmrrConnectivityFr06,0x209,EventTriggered,,True,True,ADCANFD,ACU,BgmADCANFDFr29,0x209,EventTriggered,11.0,0
RearRgtRdrObj16RdrObjDynProp,ConnectivityCANFD,DRMRR,DrmrrConnectivityFr06,0x209,EventTriggered,,True,True,ADCANFD,ACU,BgmADCANFDFr29,0x209,EventTriggered,1.0,0
RearRgtRdrObj16RdrObjExistProb,ConnectivityCANFD,DRMRR,DrmrrConnectivityFr06,0x209,EventTriggered,,True,True,ADCANFD,ACU,BgmADCANFDFr29,0x209,EventTriggered,10.0,0
RearRgtRdrObj16RdrObjHeight,ConnectivityCANFD,DRMRR,DrmrrConnectivityFr06,0x209,EventTriggered,,True,True,ADCANFD,ACU,BgmADCANFDFr29,0x209,EventTriggered,10.0,0
RearRgtRdrObj16RdrObjHeightStdDe,ConnectivityCANFD,DRMRR,DrmrrConnectivityFr06,0x209,EventTriggered,,True,True,ADCANFD,ACU,BgmADCANFDFr29,0x209,EventTriggered,10.0,0
RearRgtRdrObj16RdrObjID,ConnectivityCANFD,DRMRR,DrmrrConnectivityFr06,0x209,EventTriggered,,True,True,ADCANFD,ACU,BgmADCANFDFr29,0x209,EventTriggered,6.0,0
RearRgtRdrObj16RdrObjLifeCycle,ConnectivityCANFD,DRMRR,DrmrrConnectivityFr06,0x209,EventTriggered,,True,True,ADCANFD,ACU,BgmADCANFDFr29,0x209,EventTriggered,7.0,0
RearRgtRdrObj16RdrObjPwr,ConnectivityCANFD,DRMRR,DrmrrConnectivityFr06,0x209,EventTriggered,,True,True,ADCANFD,ACU,BgmADCANFDFr29,0x209,EventTriggered,8.0,0
RearRgtRdrObj16RdrObjVx,ConnectivityCANFD,DRMRR,DrmrrConnectivityFr06,0x209,EventTriggered,,True,True,ADCANFD,ACU,BgmADCANFDFr29,0x209,EventTriggered,11.0,0
RearRgtRdrObj16RdrObjVxStdDe,ConnectivityCANFD,DRMRR,DrmrrConnectivityFr06,0x209,EventTriggered,,True,True,ADCANFD,ACU,BgmADCANFDFr29,0x209,EventTriggered,10.0,0
RearRgtRdrObj16RdrObjVy,ConnectivityCANFD,DRMRR,DrmrrConnectivityFr06,0x209,EventTriggered,,True,True,ADCANFD,ACU,BgmADCANFDFr29,0x209,EventTriggered,11.0,0
RearRgtRdrObj16RdrObjVyStdDe,ConnectivityCANFD,DRMRR,DrmrrConnectivityFr06,0x209,EventTriggered,,True,True,ADCANFD,ACU,BgmADCANFDFr29,0x209,EventTriggered,10.0,0
RearRgtRdrObj2ObjBoxCenterLat,ConnectivityCANFD,DRMRR,DrmrrConnectivityFr01,0x204,EventTriggered,,,,ADCANFD,ACU,BgmADCANFDFr24,0x204,EventTriggered,8.0,0
RearRgtRdrObj2ObjBoxCenterLgt,ConnectivityCANFD,DRMRR,DrmrrConnectivityFr01,0x204,EventTriggered,,,,ADCANFD,ACU,BgmADCANFDFr24,0x204,EventTriggered,8.0,0
RearRgtRdrObj2RdrObjChks,ConnectivityCANFD,DRMRR,DrmrrConnectivityFr01,0x204,EventTriggered,,True,True,ADCANFD,ACU,BgmADCANFDFr24,0x204,EventTriggered,8.0,0
RearRgtRdrObj2RdrObjCntr,ConnectivityCANFD,DRMRR,DrmrrConnectivityFr01,0x204,EventTriggered,,True,True,ADCANFD,ACU,BgmADCANFDFr24,0x204,EventTriggered,4.0,0
RearRgtRdrObj2RdrObjDx,ConnectivityCANFD,DRMRR,DrmrrConnectivityFr01,0x204,EventTriggered,,True,True,ADCANFD,ACU,BgmADCANFDFr24,0x204,EventTriggered,12.0,0
RearRgtRdrObj2RdrObjDxStdDe,ConnectivityCANFD,DRMRR,DrmrrConnectivityFr01,0x204,EventTriggered,,True,True,ADCANFD,ACU,BgmADCANFDFr24,0x204,EventTriggered,11.0,0
RearRgtRdrObj2RdrObjDy,ConnectivityCANFD,DRMRR,DrmrrConnectivityFr01,0x204,EventTriggered,,True,True,ADCANFD,ACU,BgmADCANFDFr24,0x204,EventTriggered,12.0,0
RearRgtRdrObj2RdrObjDyStdDe,ConnectivityCANFD,DRMRR,DrmrrConnectivityFr01,0x204,EventTriggered,,True,True,ADCANFD,ACU,BgmADCANFDFr24,0x204,EventTriggered,11.0,0
RearRgtRdrObj2RdrObjDynProp,ConnectivityCANFD,DRMRR,DrmrrConnectivityFr01,0x204,EventTriggered,,True,True,ADCANFD,ACU,BgmADCANFDFr24,0x204,EventTriggered,1.0,0
RearRgtRdrObj2RdrObjExistProb,ConnectivityCANFD,DRMRR,DrmrrConnectivityFr01,0x204,EventTriggered,,True,True,ADCANFD,ACU,BgmADCANFDFr24,0x204,EventTriggered,10.0,0
RearRgtRdrObj2RdrObjHeight,ConnectivityCANFD,DRMRR,DrmrrConnectivityFr01,0x204,EventTriggered,,True,True,ADCANFD,ACU,BgmADCANFDFr24,0x204,EventTriggered,10.0,0
RearRgtRdrObj2RdrObjHeightStdDe,ConnectivityCANFD,DRMRR,DrmrrConnectivityFr01,0x204,EventTriggered,,True,True,ADCANFD,ACU,BgmADCANFDFr24,0x204,EventTriggered,10.0,0
RearRgtRdrObj2RdrObjID,ConnectivityCANFD,DRMRR,DrmrrConnectivityFr01,0x204,EventTriggered,,True,True,ADCANFD,ACU,BgmADCANFDFr24,0x204,EventTriggered,6.0,0
RearRgtRdrObj2RdrObjLifeCycle,ConnectivityCANFD,DRMRR,DrmrrConnectivityFr01,0x204,EventTriggered,,True,True,ADCANFD,ACU,BgmADCANFDFr24,0x204,EventTriggered,7.0,0
RearRgtRdrObj2RdrObjPwr,ConnectivityCANFD,DRMRR,DrmrrConnectivityFr01,0x204,EventTriggered,,True,True,ADCANFD,ACU,BgmADCANFDFr24,0x204,EventTriggered,8.0,0
RearRgtRdrObj2RdrObjVx,ConnectivityCANFD,DRMRR,DrmrrConnectivityFr01,0x204,EventTriggered,,True,True,ADCANFD,ACU,BgmADCANFDFr24,0x204,EventTriggered,11.0,0
RearRgtRdrObj2RdrObjVxStdDe,ConnectivityCANFD,DRMRR,DrmrrConnectivityFr01,0x204,EventTriggered,,True,True,ADCANFD,ACU,BgmADCANFDFr24,0x204,EventTriggered,10.0,0
RearRgtRdrObj2RdrObjVy,ConnectivityCANFD,DRMRR,DrmrrConnectivityFr01,0x204,EventTriggered,,True,True,ADCANFD,ACU,BgmADCANFDFr24,0x204,EventTriggered,11.0,0
RearRgtRdrObj2RdrObjVyStdDe,ConnectivityCANFD,DRMRR,DrmrrConnectivityFr01,0x204,EventTriggered,,True,True,ADCANFD,ACU,BgmADCANFDFr24,0x204,EventTriggered,10.0,0
RearRgtRdrObj3ObjBoxCenterLat,ConnectivityCANFD,DRMRR,DrmrrConnectivityFr01,0x204,EventTriggered,,,,ADCANFD,ACU,BgmADCANFDFr24,0x204,EventTriggered,8.0,0
RearRgtRdrObj3ObjBoxCenterLgt,ConnectivityCANFD,DRMRR,DrmrrConnectivityFr01,0x204,EventTriggered,,,,ADCANFD,ACU,BgmADCANFDFr24,0x204,EventTriggered,8.0,0
RearRgtRdrObj3RdrObjChks,ConnectivityCANFD,DRMRR,DrmrrConnectivityFr01,0x204,EventTriggered,,True,True,ADCANFD,ACU,BgmADCANFDFr24,0x204,EventTriggered,8.0,0
RearRgtRdrObj3RdrObjCntr,ConnectivityCANFD,DRMRR,DrmrrConnectivityFr01,0x204,EventTriggered,,True,True,ADCANFD,ACU,BgmADCANFDFr24,0x204,EventTriggered,4.0,0
RearRgtRdrObj3RdrObjDx,ConnectivityCANFD,DRMRR,DrmrrConnectivityFr01,0x204,EventTriggered,,True,True,ADCANFD,ACU,BgmADCANFDFr24,0x204,EventTriggered,12.0,0
RearRgtRdrObj3RdrObjDxStdDe,ConnectivityCANFD,DRMRR,DrmrrConnectivityFr01,0x204,EventTriggered,,True,True,ADCANFD,ACU,BgmADCANFDFr24,0x204,EventTriggered,11.0,0
RearRgtRdrObj3RdrObjDy,ConnectivityCANFD,DRMRR,DrmrrConnectivityFr01,0x204,EventTriggered,,True,True,ADCANFD,ACU,BgmADCANFDFr24,0x204,EventTriggered,12.0,0
RearRgtRdrObj3RdrObjDyStdDe,ConnectivityCANFD,DRMRR,DrmrrConnectivityFr01,0x204,EventTriggered,,True,True,ADCANFD,ACU,BgmADCANFDFr24,0x204,EventTriggered,11.0,0
RearRgtRdrObj3RdrObjDynProp,ConnectivityCANFD,DRMRR,DrmrrConnectivityFr01,0x204,EventTriggered,,True,True,ADCANFD,ACU,BgmADCANFDFr24,0x204,EventTriggered,1.0,0
RearRgtRdrObj3RdrObjExistProb,ConnectivityCANFD,DRMRR,DrmrrConnectivityFr01,0x204,EventTriggered,,True,True,ADCANFD,ACU,BgmADCANFDFr24,0x204,EventTriggered,10.0,0
RearRgtRdrObj3RdrObjHeight,ConnectivityCANFD,DRMRR,DrmrrConnectivityFr01,0x204,EventTriggered,,True,True,ADCANFD,ACU,BgmADCANFDFr24,0x204,EventTriggered,10.0,0
RearRgtRdrObj3RdrObjHeightStdDe,ConnectivityCANFD,DRMRR,DrmrrConnectivityFr01,0x204,EventTriggered,,True,True,ADCANFD,ACU,BgmADCANFDFr24,0x204,EventTriggered,10.0,0
RearRgtRdrObj3RdrObjID,ConnectivityCANFD,DRMRR,DrmrrConnectivityFr01,0x204,EventTriggered,,True,True,ADCANFD,ACU,BgmADCANFDFr24,0x204,EventTriggered,6.0,0
RearRgtRdrObj3RdrObjLifeCycle,ConnectivityCANFD,DRMRR,DrmrrConnectivityFr01,0x204,EventTriggered,,True,True,ADCANFD,ACU,BgmADCANFDFr24,0x204,EventTriggered,7.0,0
RearRgtRdrObj3RdrObjPwr,ConnectivityCANFD,DRMRR,DrmrrConnectivityFr01,0x204,EventTriggered,,True,True,ADCANFD,ACU,BgmADCANFDFr24,0x204,EventTriggered,8.0,0
RearRgtRdrObj3RdrObjVx,ConnectivityCANFD,DRMRR,DrmrrConnectivityFr01,0x204,EventTriggered,,True,True,ADCANFD,ACU,BgmADCANFDFr24,0x204,EventTriggered,11.0,0
RearRgtRdrObj3RdrObjVxStdDe,ConnectivityCANFD,DRMRR,DrmrrConnectivityFr01,0x204,EventTriggered,,True,True,ADCANFD,ACU,BgmADCANFDFr24,0x204,EventTriggered,10.0,0
RearRgtRdrObj3RdrObjVy,ConnectivityCANFD,DRMRR,DrmrrConnectivityFr01,0x204,EventTriggered,,True,True,ADCANFD,ACU,BgmADCANFDFr24,0x204,EventTriggered,11.0,0
RearRgtRdrObj3RdrObjVyStdDe,ConnectivityCANFD,DRMRR,DrmrrConnectivityFr01,0x204,EventTriggered,,True,True,ADCANFD,ACU,BgmADCANFDFr24,0x204,EventTriggered,10.0,0
RearRgtRdrObj4ObjBoxCenterLat,ConnectivityCANFD,DRMRR,DrmrrConnectivityFr02,0x205,EventTriggered,,,,ADCANFD,ACU,BgmADCANFDFr25,0x205,EventTriggered,8.0,0
RearRgtRdrObj4ObjBoxCenterLgt,ConnectivityCANFD,DRMRR,DrmrrConnectivityFr02,0x205,EventTriggered,,,,ADCANFD,ACU,BgmADCANFDFr25,0x205,EventTriggered,8.0,0
RearRgtRdrObj4RdrObjChks,ConnectivityCANFD,DRMRR,DrmrrConnectivityFr02,0x205,EventTriggered,,True,True,ADCANFD,ACU,BgmADCANFDFr25,0x205,EventTriggered,8.0,0
RearRgtRdrObj4RdrObjCntr,ConnectivityCANFD,DRMRR,DrmrrConnectivityFr02,0x205,EventTriggered,,True,True,ADCANFD,ACU,BgmADCANFDFr25,0x205,EventTriggered,4.0,0
RearRgtRdrObj4RdrObjDx,ConnectivityCANFD,DRMRR,DrmrrConnectivityFr02,0x205,EventTriggered,,True,True,ADCANFD,ACU,BgmADCANFDFr25,0x205,EventTriggered,12.0,0
RearRgtRdrObj4RdrObjDxStdDe,ConnectivityCANFD,DRMRR,DrmrrConnectivityFr02,0x205,EventTriggered,,True,True,ADCANFD,ACU,BgmADCANFDFr25,0x205,EventTriggered,11.0,0
RearRgtRdrObj4RdrObjDy,ConnectivityCANFD,DRMRR,DrmrrConnectivityFr02,0x205,EventTriggered,,True,True,ADCANFD,ACU,BgmADCANFDFr25,0x205,EventTriggered,12.0,0
RearRgtRdrObj4RdrObjDyStdDe,ConnectivityCANFD,DRMRR,DrmrrConnectivityFr02,0x205,EventTriggered,,True,True,ADCANFD,ACU,BgmADCANFDFr25,0x205,EventTriggered,11.0,0
RearRgtRdrObj4RdrObjDynProp,ConnectivityCANFD,DRMRR,DrmrrConnectivityFr02,0x205,EventTriggered,,True,True,ADCANFD,ACU,BgmADCANFDFr25,0x205,EventTriggered,1.0,0
RearRgtRdrObj4RdrObjExistProb,ConnectivityCANFD,DRMRR,DrmrrConnectivityFr02,0x205,EventTriggered,,True,True,ADCANFD,ACU,BgmADCANFDFr25,0x205,EventTriggered,10.0,0
RearRgtRdrObj4RdrObjHeight,ConnectivityCANFD,DRMRR,DrmrrConnectivityFr02,0x205,EventTriggered,,True,True,ADCANFD,ACU,BgmADCANFDFr25,0x205,EventTriggered,10.0,0
RearRgtRdrObj4RdrObjHeightStdDe,ConnectivityCANFD,DRMRR,DrmrrConnectivityFr02,0x205,EventTriggered,,True,True,ADCANFD,ACU,BgmADCANFDFr25,0x205,EventTriggered,10.0,0
RearRgtRdrObj4RdrObjID,ConnectivityCANFD,DRMRR,DrmrrConnectivityFr02,0x205,EventTriggered,,True,True,ADCANFD,ACU,BgmADCANFDFr25,0x205,EventTriggered,6.0,0
RearRgtRdrObj4RdrObjLifeCycle,ConnectivityCANFD,DRMRR,DrmrrConnectivityFr02,0x205,EventTriggered,,True,True,ADCANFD,ACU,BgmADCANFDFr25,0x205,EventTriggered,7.0,0
RearRgtRdrObj4RdrObjPwr,ConnectivityCANFD,DRMRR,DrmrrConnectivityFr02,0x205,EventTriggered,,True,True,ADCANFD,ACU,BgmADCANFDFr25,0x205,EventTriggered,8.0,0
RearRgtRdrObj4RdrObjVx,ConnectivityCANFD,DRMRR,DrmrrConnectivityFr02,0x205,EventTriggered,,True,True,ADCANFD,ACU,BgmADCANFDFr25,0x205,EventTriggered,11.0,0
RearRgtRdrObj4RdrObjVxStdDe,ConnectivityCANFD,DRMRR,DrmrrConnectivityFr02,0x205,EventTriggered,,True,True,ADCANFD,ACU,BgmADCANFDFr25,0x205,EventTriggered,10.0,0
RearRgtRdrObj4RdrObjVy,ConnectivityCANFD,DRMRR,DrmrrConnectivityFr02,0x205,EventTriggered,,True,True,ADCANFD,ACU,BgmADCANFDFr25,0x205,EventTriggered,11.0,0
RearRgtRdrObj4RdrObjVyStdDe,ConnectivityCANFD,DRMRR,DrmrrConnectivityFr02,0x205,EventTriggered,,True,True,ADCANFD,ACU,BgmADCANFDFr25,0x205,EventTriggered,10.0,0
RearRgtRdrObj5ObjBoxCenterLat,ConnectivityCANFD,DRMRR,DrmrrConnectivityFr02,0x205,EventTriggered,,,,ADCANFD,ACU,BgmADCANFDFr25,0x205,EventTriggered,8.0,0
RearRgtRdrObj5ObjBoxCenterLgt,ConnectivityCANFD,DRMRR,DrmrrConnectivityFr02,0x205,EventTriggered,,,,ADCANFD,ACU,BgmADCANFDFr25,0x205,EventTriggered,8.0,0
RearRgtRdrObj5RdrObjChks,ConnectivityCANFD,DRMRR,DrmrrConnectivityFr02,0x205,EventTriggered,,True,True,ADCANFD,ACU,BgmADCANFDFr25,0x205,EventTriggered,8.0,0
RearRgtRdrObj5RdrObjCntr,ConnectivityCANFD,DRMRR,DrmrrConnectivityFr02,0x205,EventTriggered,,True,True,ADCANFD,ACU,BgmADCANFDFr25,0x205,EventTriggered,4.0,0
RearRgtRdrObj5RdrObjDx,ConnectivityCANFD,DRMRR,DrmrrConnectivityFr02,0x205,EventTriggered,,True,True,ADCANFD,ACU,BgmADCANFDFr25,0x205,EventTriggered,12.0,0
RearRgtRdrObj5RdrObjDxStdDe,ConnectivityCANFD,DRMRR,DrmrrConnectivityFr02,0x205,EventTriggered,,True,True,ADCANFD,ACU,BgmADCANFDFr25,0x205,EventTriggered,11.0,0
RearRgtRdrObj5RdrObjDy,ConnectivityCANFD,DRMRR,DrmrrConnectivityFr02,0x205,EventTriggered,,True,True,ADCANFD,ACU,BgmADCANFDFr25,0x205,EventTriggered,12.0,0
RearRgtRdrObj5RdrObjDyStdDe,ConnectivityCANFD,DRMRR,DrmrrConnectivityFr02,0x205,EventTriggered,,True,True,ADCANFD,ACU,BgmADCANFDFr25,0x205,EventTriggered,11.0,0
RearRgtRdrObj5RdrObjDynProp,ConnectivityCANFD,DRMRR,DrmrrConnectivityFr02,0x205,EventTriggered,,True,True,ADCANFD,ACU,BgmADCANFDFr25,0x205,EventTriggered,1.0,0
RearRgtRdrObj5RdrObjExistProb,ConnectivityCANFD,DRMRR,DrmrrConnectivityFr02,0x205,EventTriggered,,True,True,ADCANFD,ACU,BgmADCANFDFr25,0x205,EventTriggered,10.0,0
RearRgtRdrObj5RdrObjHeight,ConnectivityCANFD,DRMRR,DrmrrConnectivityFr02,0x205,EventTriggered,,True,True,ADCANFD,ACU,BgmADCANFDFr25,0x205,EventTriggered,10.0,0
RearRgtRdrObj5RdrObjHeightStdDe,ConnectivityCANFD,DRMRR,DrmrrConnectivityFr02,0x205,EventTriggered,,True,True,ADCANFD,ACU,BgmADCANFDFr25,0x205,EventTriggered,10.0,0
RearRgtRdrObj5RdrObjID,ConnectivityCANFD,DRMRR,DrmrrConnectivityFr02,0x205,EventTriggered,,True,True,ADCANFD,ACU,BgmADCANFDFr25,0x205,EventTriggered,6.0,0
RearRgtRdrObj5RdrObjLifeCycle,ConnectivityCANFD,DRMRR,DrmrrConnectivityFr02,0x205,EventTriggered,,True,True,ADCANFD,ACU,BgmADCANFDFr25,0x205,EventTriggered,7.0,0
RearRgtRdrObj5RdrObjPwr,ConnectivityCANFD,DRMRR,DrmrrConnectivityFr02,0x205,EventTriggered,,True,True,ADCANFD,ACU,BgmADCANFDFr25,0x205,EventTriggered,8.0,0
RearRgtRdrObj5RdrObjVx,ConnectivityCANFD,DRMRR,DrmrrConnectivityFr02,0x205,EventTriggered,,True,True,ADCANFD,ACU,BgmADCANFDFr25,0x205,EventTriggered,11.0,0
RearRgtRdrObj5RdrObjVxStdDe,ConnectivityCANFD,DRMRR,DrmrrConnectivityFr02,0x205,EventTriggered,,True,True,ADCANFD,ACU,BgmADCANFDFr25,0x205,EventTriggered,10.0,0
RearRgtRdrObj5RdrObjVy,ConnectivityCANFD,DRMRR,DrmrrConnectivityFr02,0x205,EventTriggered,,True,True,ADCANFD,ACU,BgmADCANFDFr25,0x205,EventTriggered,11.0,0
RearRgtRdrObj5RdrObjVyStdDe,ConnectivityCANFD,DRMRR,DrmrrConnectivityFr02,0x205,EventTriggered,,True,True,ADCANFD,ACU,BgmADCANFDFr25,0x205,EventTriggered,10.0,0
RearRgtRdrObj6ObjBoxCenterLat,ConnectivityCANFD,DRMRR,DrmrrConnectivityFr02,0x205,EventTriggered,,,,ADCANFD,ACU,BgmADCANFDFr25,0x205,EventTriggered,8.0,0
RearRgtRdrObj6ObjBoxCenterLgt,ConnectivityCANFD,DRMRR,DrmrrConnectivityFr02,0x205,EventTriggered,,,,ADCANFD,ACU,BgmADCANFDFr25,0x205,EventTriggered,8.0,0
RearRgtRdrObj6RdrObjChks,ConnectivityCANFD,DRMRR,DrmrrConnectivityFr02,0x205,EventTriggered,,True,True,ADCANFD,ACU,BgmADCANFDFr25,0x205,EventTriggered,8.0,0
RearRgtRdrObj6RdrObjCntr,ConnectivityCANFD,DRMRR,DrmrrConnectivityFr02,0x205,EventTriggered,,True,True,ADCANFD,ACU,BgmADCANFDFr25,0x205,EventTriggered,4.0,0
RearRgtRdrObj6RdrObjDx,ConnectivityCANFD,DRMRR,DrmrrConnectivityFr02,0x205,EventTriggered,,True,True,ADCANFD,ACU,BgmADCANFDFr25,0x205,EventTriggered,12.0,0
RearRgtRdrObj6RdrObjDxStdDe,ConnectivityCANFD,DRMRR,DrmrrConnectivityFr02,0x205,EventTriggered,,True,True,ADCANFD,ACU,BgmADCANFDFr25,0x205,EventTriggered,11.0,0
RearRgtRdrObj6RdrObjDy,ConnectivityCANFD,DRMRR,DrmrrConnectivityFr02,0x205,EventTriggered,,True,True,ADCANFD,ACU,BgmADCANFDFr25,0x205,EventTriggered,12.0,0
RearRgtRdrObj6RdrObjDyStdDe,ConnectivityCANFD,DRMRR,DrmrrConnectivityFr02,0x205,EventTriggered,,True,True,ADCANFD,ACU,BgmADCANFDFr25,0x205,EventTriggered,11.0,0
RearRgtRdrObj6RdrObjDynProp,ConnectivityCANFD,DRMRR,DrmrrConnectivityFr02,0x205,EventTriggered,,True,True,ADCANFD,ACU,BgmADCANFDFr25,0x205,EventTriggered,1.0,0
RearRgtRdrObj6RdrObjExistProb,ConnectivityCANFD,DRMRR,DrmrrConnectivityFr02,0x205,EventTriggered,,True,True,ADCANFD,ACU,BgmADCANFDFr25,0x205,EventTriggered,10.0,0
RearRgtRdrObj6RdrObjHeight,ConnectivityCANFD,DRMRR,DrmrrConnectivityFr02,0x205,EventTriggered,,True,True,ADCANFD,ACU,BgmADCANFDFr25,0x205,EventTriggered,10.0,0
RearRgtRdrObj6RdrObjHeightStdDe,ConnectivityCANFD,DRMRR,DrmrrConnectivityFr02,0x205,EventTriggered,,True,True,ADCANFD,ACU,BgmADCANFDFr25,0x205,EventTriggered,10.0,0
RearRgtRdrObj6RdrObjID,ConnectivityCANFD,DRMRR,DrmrrConnectivityFr02,0x205,EventTriggered,,True,True,ADCANFD,ACU,BgmADCANFDFr25,0x205,EventTriggered,6.0,0
RearRgtRdrObj6RdrObjLifeCycle,ConnectivityCANFD,DRMRR,DrmrrConnectivityFr02,0x205,EventTriggered,,True,True,ADCANFD,ACU,BgmADCANFDFr25,0x205,EventTriggered,7.0,0
RearRgtRdrObj6RdrObjPwr,ConnectivityCANFD,DRMRR,DrmrrConnectivityFr02,0x205,EventTriggered,,True,True,ADCANFD,ACU,BgmADCANFDFr25,0x205,EventTriggered,8.0,0
RearRgtRdrObj6RdrObjVx,ConnectivityCANFD,DRMRR,DrmrrConnectivityFr02,0x205,EventTriggered,,True,True,ADCANFD,ACU,BgmADCANFDFr25,0x205,EventTriggered,11.0,0
RearRgtRdrObj6RdrObjVxStdDe,ConnectivityCANFD,DRMRR,DrmrrConnectivityFr02,0x205,EventTriggered,,True,True,ADCANFD,ACU,BgmADCANFDFr25,0x205,EventTriggered,10.0,0
RearRgtRdrObj6RdrObjVy,ConnectivityCANFD,DRMRR,DrmrrConnectivityFr02,0x205,EventTriggered,,True,True,ADCANFD,ACU,BgmADCANFDFr25,0x205,EventTriggered,11.0,0
RearRgtRdrObj6RdrObjVyStdDe,ConnectivityCANFD,DRMRR,DrmrrConnectivityFr02,0x205,EventTriggered,,True,True,ADCANFD,ACU,BgmADCANFDFr25,0x205,EventTriggered,10.0,0
RearRgtRdrObj7ObjBoxCenterLat,ConnectivityCANFD,DRMRR,DrmrrConnectivityFr03,0x206,EventTriggered,,,,ADCANFD,ACU,BgmADCANFDFr26,0x206,EventTriggered,8.0,0
RearRgtRdrObj7ObjBoxCenterLgt,ConnectivityCANFD,DRMRR,DrmrrConnectivityFr03,0x206,EventTriggered,,,,ADCANFD,ACU,BgmADCANFDFr26,0x206,EventTriggered,8.0,0
RearRgtRdrObj7RdrObjChks,ConnectivityCANFD,DRMRR,DrmrrConnectivityFr03,0x206,EventTriggered,,True,True,ADCANFD,ACU,BgmADCANFDFr26,0x206,EventTriggered,8.0,0
RearRgtRdrObj7RdrObjCntr,ConnectivityCANFD,DRMRR,DrmrrConnectivityFr03,0x206,EventTriggered,,True,True,ADCANFD,ACU,BgmADCANFDFr26,0x206,EventTriggered,4.0,0
RearRgtRdrObj7RdrObjDx,ConnectivityCANFD,DRMRR,DrmrrConnectivityFr03,0x206,EventTriggered,,True,True,ADCANFD,ACU,BgmADCANFDFr26,0x206,EventTriggered,12.0,0
RearRgtRdrObj7RdrObjDxStdDe,ConnectivityCANFD,DRMRR,DrmrrConnectivityFr03,0x206,EventTriggered,,True,True,ADCANFD,ACU,BgmADCANFDFr26,0x206,EventTriggered,11.0,0
RearRgtRdrObj7RdrObjDy,ConnectivityCANFD,DRMRR,DrmrrConnectivityFr03,0x206,EventTriggered,,True,True,ADCANFD,ACU,BgmADCANFDFr26,0x206,EventTriggered,12.0,0
RearRgtRdrObj7RdrObjDyStdDe,ConnectivityCANFD,DRMRR,DrmrrConnectivityFr03,0x206,EventTriggered,,True,True,ADCANFD,ACU,BgmADCANFDFr26,0x206,EventTriggered,11.0,0
RearRgtRdrObj7RdrObjDynProp,ConnectivityCANFD,DRMRR,DrmrrConnectivityFr03,0x206,EventTriggered,,True,True,ADCANFD,ACU,BgmADCANFDFr26,0x206,EventTriggered,1.0,0
RearRgtRdrObj7RdrObjExistProb,ConnectivityCANFD,DRMRR,DrmrrConnectivityFr03,0x206,EventTriggered,,True,True,ADCANFD,ACU,BgmADCANFDFr26,0x206,EventTriggered,10.0,0
RearRgtRdrObj7RdrObjHeight,ConnectivityCANFD,DRMRR,DrmrrConnectivityFr03,0x206,EventTriggered,,True,True,ADCANFD,ACU,BgmADCANFDFr26,0x206,EventTriggered,10.0,0
RearRgtRdrObj7RdrObjHeightStdDe,ConnectivityCANFD,DRMRR,DrmrrConnectivityFr03,0x206,EventTriggered,,True,True,ADCANFD,ACU,BgmADCANFDFr26,0x206,EventTriggered,10.0,0
RearRgtRdrObj7RdrObjID,ConnectivityCANFD,DRMRR,DrmrrConnectivityFr03,0x206,EventTriggered,,True,True,ADCANFD,ACU,BgmADCANFDFr26,0x206,EventTriggered,6.0,0
RearRgtRdrObj7RdrObjLifeCycle,ConnectivityCANFD,DRMRR,DrmrrConnectivityFr03,0x206,EventTriggered,,True,True,ADCANFD,ACU,BgmADCANFDFr26,0x206,EventTriggered,7.0,0
RearRgtRdrObj7RdrObjPwr,ConnectivityCANFD,DRMRR,DrmrrConnectivityFr03,0x206,EventTriggered,,True,True,ADCANFD,ACU,BgmADCANFDFr26,0x206,EventTriggered,8.0,0
RearRgtRdrObj7RdrObjVx,ConnectivityCANFD,DRMRR,DrmrrConnectivityFr03,0x206,EventTriggered,,True,True,ADCANFD,ACU,BgmADCANFDFr26,0x206,EventTriggered,11.0,0
RearRgtRdrObj7RdrObjVxStdDe,ConnectivityCANFD,DRMRR,DrmrrConnectivityFr03,0x206,EventTriggered,,True,True,ADCANFD,ACU,BgmADCANFDFr26,0x206,EventTriggered,10.0,0
RearRgtRdrObj7RdrObjVy,ConnectivityCANFD,DRMRR,DrmrrConnectivityFr03,0x206,EventTriggered,,True,True,ADCANFD,ACU,BgmADCANFDFr26,0x206,EventTriggered,11.0,0
RearRgtRdrObj7RdrObjVyStdDe,ConnectivityCANFD,DRMRR,DrmrrConnectivityFr03,0x206,EventTriggered,,True,True,ADCANFD,ACU,BgmADCANFDFr26,0x206,EventTriggered,10.0,0
RearRgtRdrObj8ObjBoxCenterLat,ConnectivityCANFD,DRMRR,DrmrrConnectivityFr03,0x206,EventTriggered,,,,ADCANFD,ACU,BgmADCANFDFr26,0x206,EventTriggered,8.0,0
RearRgtRdrObj8ObjBoxCenterLgt,ConnectivityCANFD,DRMRR,DrmrrConnectivityFr03,0x206,EventTriggered,,,,ADCANFD,ACU,BgmADCANFDFr26,0x206,EventTriggered,8.0,0
RearRgtRdrObj8RdrObjChks,ConnectivityCANFD,DRMRR,DrmrrConnectivityFr03,0x206,EventTriggered,,True,True,ADCANFD,ACU,BgmADCANFDFr26,0x206,EventTriggered,8.0,0
RearRgtRdrObj8RdrObjCntr,ConnectivityCANFD,DRMRR,DrmrrConnectivityFr03,0x206,EventTriggered,,True,True,ADCANFD,ACU,BgmADCANFDFr26,0x206,EventTriggered,4.0,0
RearRgtRdrObj8RdrObjDx,ConnectivityCANFD,DRMRR,DrmrrConnectivityFr03,0x206,EventTriggered,,True,True,ADCANFD,ACU,BgmADCANFDFr26,0x206,EventTriggered,12.0,0
RearRgtRdrObj8RdrObjDxStdDe,ConnectivityCANFD,DRMRR,DrmrrConnectivityFr03,0x206,EventTriggered,,True,True,ADCANFD,ACU,BgmADCANFDFr26,0x206,EventTriggered,11.0,0
RearRgtRdrObj8RdrObjDy,ConnectivityCANFD,DRMRR,DrmrrConnectivityFr03,0x206,EventTriggered,,True,True,ADCANFD,ACU,BgmADCANFDFr26,0x206,EventTriggered,12.0,0
RearRgtRdrObj8RdrObjDyStdDe,ConnectivityCANFD,DRMRR,DrmrrConnectivityFr03,0x206,EventTriggered,,True,True,ADCANFD,ACU,BgmADCANFDFr26,0x206,EventTriggered,11.0,0
RearRgtRdrObj8RdrObjDynProp,ConnectivityCANFD,DRMRR,DrmrrConnectivityFr03,0x206,EventTriggered,,True,True,ADCANFD,ACU,BgmADCANFDFr26,0x206,EventTriggered,1.0,0
RearRgtRdrObj8RdrObjExistProb,ConnectivityCANFD,DRMRR,DrmrrConnectivityFr03,0x206,EventTriggered,,True,True,ADCANFD,ACU,BgmADCANFDFr26,0x206,EventTriggered,10.0,0
RearRgtRdrObj8RdrObjHeight,ConnectivityCANFD,DRMRR,DrmrrConnectivityFr03,0x206,EventTriggered,,True,True,ADCANFD,ACU,BgmADCANFDFr26,0x206,EventTriggered,10.0,0
RearRgtRdrObj8RdrObjHeightStdDe,ConnectivityCANFD,DRMRR,DrmrrConnectivityFr03,0x206,EventTriggered,,True,True,ADCANFD,ACU,BgmADCANFDFr26,0x206,EventTriggered,10.0,0
RearRgtRdrObj8RdrObjID,ConnectivityCANFD,DRMRR,DrmrrConnectivityFr03,0x206,EventTriggered,,True,True,ADCANFD,ACU,BgmADCANFDFr26,0x206,EventTriggered,6.0,0
RearRgtRdrObj8RdrObjLifeCycle,ConnectivityCANFD,DRMRR,DrmrrConnectivityFr03,0x206,EventTriggered,,True,True,ADCANFD,ACU,BgmADCANFDFr26,0x206,EventTriggered,7.0,0
RearRgtRdrObj8RdrObjPwr,ConnectivityCANFD,DRMRR,DrmrrConnectivityFr03,0x206,EventTriggered,,True,True,ADCANFD,ACU,BgmADCANFDFr26,0x206,EventTriggered,8.0,0
RearRgtRdrObj8RdrObjVx,ConnectivityCANFD,DRMRR,DrmrrConnectivityFr03,0x206,EventTriggered,,True,True,ADCANFD,ACU,BgmADCANFDFr26,0x206,EventTriggered,11.0,0
RearRgtRdrObj8RdrObjVxStdDe,ConnectivityCANFD,DRMRR,DrmrrConnectivityFr03,0x206,EventTriggered,,True,True,ADCANFD,ACU,BgmADCANFDFr26,0x206,EventTriggered,10.0,0
RearRgtRdrObj8RdrObjVy,ConnectivityCANFD,DRMRR,DrmrrConnectivityFr03,0x206,EventTriggered,,True,True,ADCANFD,ACU,BgmADCANFDFr26,0x206,EventTriggered,11.0,0
RearRgtRdrObj8RdrObjVyStdDe,ConnectivityCANFD,DRMRR,DrmrrConnectivityFr03,0x206,EventTriggered,,True,True,ADCANFD,ACU,BgmADCANFDFr26,0x206,EventTriggered,10.0,0
RearRgtRdrObj9ObjBoxCenterLat,ConnectivityCANFD,DRMRR,DrmrrConnectivityFr03,0x206,EventTriggered,,,,ADCANFD,ACU,BgmADCANFDFr26,0x206,EventTriggered,8.0,0
RearRgtRdrObj9ObjBoxCenterLgt,ConnectivityCANFD,DRMRR,DrmrrConnectivityFr03,0x206,EventTriggered,,,,ADCANFD,ACU,BgmADCANFDFr26,0x206,EventTriggered,8.0,0
RearRgtRdrObj9RdrObjChks,ConnectivityCANFD,DRMRR,DrmrrConnectivityFr03,0x206,EventTriggered,,True,True,ADCANFD,ACU,BgmADCANFDFr26,0x206,EventTriggered,8.0,0
RearRgtRdrObj9RdrObjCntr,ConnectivityCANFD,DRMRR,DrmrrConnectivityFr03,0x206,EventTriggered,,True,True,ADCANFD,ACU,BgmADCANFDFr26,0x206,EventTriggered,4.0,0
RearRgtRdrObj9RdrObjDx,ConnectivityCANFD,DRMRR,DrmrrConnectivityFr03,0x206,EventTriggered,,True,True,ADCANFD,ACU,BgmADCANFDFr26,0x206,EventTriggered,12.0,0
RearRgtRdrObj9RdrObjDxStdDe,ConnectivityCANFD,DRMRR,DrmrrConnectivityFr03,0x206,EventTriggered,,True,True,ADCANFD,ACU,BgmADCANFDFr26,0x206,EventTriggered,11.0,0
RearRgtRdrObj9RdrObjDy,ConnectivityCANFD,DRMRR,DrmrrConnectivityFr03,0x206,EventTriggered,,True,True,ADCANFD,ACU,BgmADCANFDFr26,0x206,EventTriggered,12.0,0
RearRgtRdrObj9RdrObjDyStdDe,ConnectivityCANFD,DRMRR,DrmrrConnectivityFr03,0x206,EventTriggered,,True,True,ADCANFD,ACU,BgmADCANFDFr26,0x206,EventTriggered,11.0,0
RearRgtRdrObj9RdrObjDynProp,ConnectivityCANFD,DRMRR,DrmrrConnectivityFr03,0x206,EventTriggered,,True,True,ADCANFD,ACU,BgmADCANFDFr26,0x206,EventTriggered,1.0,0
RearRgtRdrObj9RdrObjExistProb,ConnectivityCANFD,DRMRR,DrmrrConnectivityFr03,0x206,EventTriggered,,True,True,ADCANFD,ACU,BgmADCANFDFr26,0x206,EventTriggered,10.0,0
RearRgtRdrObj9RdrObjHeight,ConnectivityCANFD,DRMRR,DrmrrConnectivityFr03,0x206,EventTriggered,,True,True,ADCANFD,ACU,BgmADCANFDFr26,0x206,EventTriggered,10.0,0
RearRgtRdrObj9RdrObjHeightStdDe,ConnectivityCANFD,DRMRR,DrmrrConnectivityFr03,0x206,EventTriggered,,True,True,ADCANFD,ACU,BgmADCANFDFr26,0x206,EventTriggered,10.0,0
RearRgtRdrObj9RdrObjID,ConnectivityCANFD,DRMRR,DrmrrConnectivityFr03,0x206,EventTriggered,,True,True,ADCANFD,ACU,BgmADCANFDFr26,0x206,EventTriggered,6.0,0
RearRgtRdrObj9RdrObjLifeCycle,ConnectivityCANFD,DRMRR,DrmrrConnectivityFr03,0x206,EventTriggered,,True,True,ADCANFD,ACU,BgmADCANFDFr26,0x206,EventTriggered,7.0,0
RearRgtRdrObj9RdrObjPwr,ConnectivityCANFD,DRMRR,DrmrrConnectivityFr03,0x206,EventTriggered,,True,True,ADCANFD,ACU,BgmADCANFDFr26,0x206,EventTriggered,8.0,0
RearRgtRdrObj9RdrObjVx,ConnectivityCANFD,DRMRR,DrmrrConnectivityFr03,0x206,EventTriggered,,True,True,ADCANFD,ACU,BgmADCANFDFr26,0x206,EventTriggered,11.0,0
RearRgtRdrObj9RdrObjVxStdDe,ConnectivityCANFD,DRMRR,DrmrrConnectivityFr03,0x206,EventTriggered,,True,True,ADCANFD,ACU,BgmADCANFDFr26,0x206,EventTriggered,10.0,0
RearRgtRdrObj9RdrObjVy,ConnectivityCANFD,DRMRR,DrmrrConnectivityFr03,0x206,EventTriggered,,True,True,ADCANFD,ACU,BgmADCANFDFr26,0x206,EventTriggered,11.0,0
RearRgtRdrObj9RdrObjVyStdDe,ConnectivityCANFD,DRMRR,DrmrrConnectivityFr03,0x206,EventTriggered,,True,True,ADCANFD,ACU,BgmADCANFDFr26,0x206,EventTriggered,10.0,0
RearRgtRdrSyncRdrObjTimeStampNSec,ConnectivityCANFD,DRMRR,DrmrrConnectivityFr06,0x209,EventTriggered,,,,ADCANFD,ACU,BgmADCANFDFr29,0x209,EventTriggered,32.0,0
RearRgtRdrSyncRdrObjTimeStampSec,ConnectivityCANFD,DRMRR,DrmrrConnectivityFr06,0x209,EventTriggered,,,,ADCANFD,ACU,BgmADCANFDFr29,0x209,EventTriggered,32.0,0
RearRgtRdrSyncRdrSyncChks,ConnectivityCANFD,DRMRR,DrmrrConnectivityFr06,0x209,EventTriggered,,True,True,ADCANFD,ACU,BgmADCANFDFr29,0x209,EventTriggered,8.0,0
RearRgtRdrSyncRdrSyncCntr,ConnectivityCANFD,DRMRR,DrmrrConnectivityFr06,0x209,EventTriggered,,True,True,ADCANFD,ACU,BgmADCANFDFr29,0x209,EventTriggered,4.0,0
RoadInclnQly,BackboneFR,VDDM,BcmVddmBackBoneFr00,55=0=1,5,,,,BodyCAN,CCM,CEMBodyFr28,0x1D0,100,2.0,0
RoadInclnQly,BackboneFR,VDDM,BcmVddmBackBoneFr00,55=0=1,5,,,,BodyCAN,DPOD,CEMBodyFr28,0x1D0,100,2.0,1
RoadInclnQly,BackboneFR,VDDM,BcmVddmBackBoneFr00,55=0=1,5,,,,BodyCAN,LPOD,CEMBodyFr28,0x1D0,100,2.0,1
RoadInclnQly,BackboneFR,VDDM,BcmVddmBackBoneFr00,55=0=1,5,,,,BodyCAN,PPOD,CEMBodyFr28,0x1D0,100,2.0,1
RoadInclnQly,BackboneFR,VDDM,BcmVddmBackBoneFr00,55=0=1,5,,,,BodyCAN,RPOD,CEMBodyFr28,0x1D0,100,2.0,1
RoadInclnRoadIncln,BackboneFR,VDDM,BcmVddmBackBoneFr00,55=0=1,5,,,,BodyCAN,CCM,CEMBodyFr28,0x1D0,100,16.0,0
RoadInclnRoadIncln,BackboneFR,VDDM,BcmVddmBackBoneFr00,55=0=1,5,,,,BodyCAN,DPOD,CEMBodyFr28,0x1D0,100,16.0,1
RoadInclnRoadIncln,BackboneFR,VDDM,BcmVddmBackBoneFr00,55=0=1,5,,,,BodyCAN,LPOD,CEMBodyFr28,0x1D0,100,16.0,1
RoadInclnRoadIncln,BackboneFR,VDDM,BcmVddmBackBoneFr00,55=0=1,5,,,,BodyCAN,PPOD,CEMBodyFr28,0x1D0,100,16.0,1
RoadInclnRoadIncln,BackboneFR,VDDM,BcmVddmBackBoneFr00,55=0=1,5,,,,BodyCAN,RPOD,CEMBodyFr28,0x1D0,100,16.0,1
RollAgGlbQf,BackboneFR,VDDM,BcmVddmBackBoneFr13,57=2=4,20,,,,BodyCAN,DPOD,BgmBodyFr09,0x255,20,2.0,0
RollAgGlbQf,BackboneFR,VDDM,BcmVddmBackBoneFr13,57=2=4,20,,,,BodyCAN,LPOD,BgmBodyFr09,0x255,20,2.0,1
RollAgGlbQf,BackboneFR,VDDM,BcmVddmBackBoneFr13,57=2=4,20,,,,BodyCAN,PPOD,BgmBodyFr09,0x255,20,2.0,1
RollAgGlbQf,BackboneFR,VDDM,BcmVddmBackBoneFr13,57=2=4,20,,,,BodyCAN,RPOD,BgmBodyFr09,0x255,20,2.0,1
RollAgGlbVal,BackboneFR,VDDM,BcmVddmBackBoneFr13,57=2=4,20,,,,BodyCAN,DPOD,BgmBodyFr09,0x255,20,16.0,0
RollAgGlbVal,BackboneFR,VDDM,BcmVddmBackBoneFr13,57=2=4,20,,,,BodyCAN,LPOD,BgmBodyFr09,0x255,20,16.0,1
RollAgGlbVal,BackboneFR,VDDM,BcmVddmBackBoneFr13,57=2=4,20,,,,BodyCAN,PPOD,BgmBodyFr09,0x255,20,16.0,1
RollAgGlbVal,BackboneFR,VDDM,BcmVddmBackBoneFr13,57=2=4,20,,,,BodyCAN,RPOD,BgmBodyFr09,0x255,20,16.0,1
ScButtTypMidLe1Chks,BodyCAN,SWTL,SwtlBodyFr03,0x081,20,,True,True,ADCANFD,ACU,BgmADCANFDFr32,0x270,20,8.0,0
ScButtTypMidLe1Chks,BodyCAN,SWTL,SwtlBodyFr03,0x081,20,,True,True,InfoCANFD,CDC,BgmInfoCanFdFr25,0x0D0,20,8.0,0
ScButtTypMidLe1Cntr,BodyCAN,SWTL,SwtlBodyFr03,0x081,20,,True,True,ADCANFD,ACU,BgmADCANFDFr32,0x270,20,4.0,0
ScButtTypMidLe1Cntr,BodyCAN,SWTL,SwtlBodyFr03,0x081,20,,True,True,InfoCANFD,CDC,BgmInfoCanFdFr25,0x0D0,20,4.0,0
ScButtTypMidLe1Typ,BodyCAN,SWTL,SwtlBodyFr03,0x081,20,,True,True,ADCANFD,ACU,BgmADCANFDFr32,0x270,20,1.0,0
ScButtTypMidLe1Typ,BodyCAN,SWTL,SwtlBodyFr03,0x081,20,,True,True,InfoCANFD,CDC,BgmInfoCanFdFr25,0x0D0,20,1.0,0
ScButtTypMidRi1Chks,BodyCAN,SWTR,SwtrBodyFr03,0x082,20,,True,True,InfoCANFD,CDC,BgmInfoCanFdFr25,0x0D0,20,8.0,0
ScButtTypMidRi1Cntr,BodyCAN,SWTR,SwtrBodyFr03,0x082,20,,True,True,InfoCANFD,CDC,BgmInfoCanFdFr25,0x0D0,20,4.0,0
ScButtTypMidRi1Typ,BodyCAN,SWTR,SwtrBodyFr03,0x082,20,,True,True,InfoCANFD,CDC,BgmInfoCanFdFr25,0x0D0,20,1.0,0
ScButtUpDnStpMidLe1Chks,BodyCAN,SWTL,SwtlBodyFr03,0x081,20,,True,True,ADCANFD,ACU,BgmADCANFDFr32,0x270,20,8.0,0
ScButtUpDnStpMidLe1Chks,BodyCAN,SWTL,SwtlBodyFr03,0x081,20,,True,True,InfoCANFD,CDC,BgmInfoCanFdFr25,0x0D0,20,8.0,0
ScButtUpDnStpMidLe1Cntr,BodyCAN,SWTL,SwtlBodyFr03,0x081,20,,True,True,ADCANFD,ACU,BgmADCANFDFr32,0x270,20,4.0,0
ScButtUpDnStpMidLe1Cntr,BodyCAN,SWTL,SwtlBodyFr03,0x081,20,,True,True,InfoCANFD,CDC,BgmInfoCanFdFr25,0x0D0,20,4.0,0
ScButtUpDnStpMidLe1ScButtUpDnStp,BodyCAN,SWTL,SwtlBodyFr03,0x081,20,,True,True,ADCANFD,ACU,BgmADCANFDFr32,0x270,20,6.0,0
ScButtUpDnStpMidLe1ScButtUpDnStp,BodyCAN,SWTL,SwtlBodyFr03,0x081,20,,True,True,InfoCANFD,CDC,BgmInfoCanFdFr25,0x0D0,20,6.0,0
ScButtUpDnStpMidLe1UpDnSts,BodyCAN,SWTL,SwtlBodyFr03,0x081,20,,True,True,ADCANFD,ACU,BgmADCANFDFr32,0x270,20,2.0,0
ScButtUpDnStpMidLe1UpDnSts,BodyCAN,SWTL,SwtlBodyFr03,0x081,20,,True,True,InfoCANFD,CDC,BgmInfoCanFdFr25,0x0D0,20,2.0,0
ScButtUpDnStpMidRi1Chks,BodyCAN,SWTR,SwtrBodyFr03,0x082,20,,True,True,InfoCANFD,CDC,BgmInfoCanFdFr25,0x0D0,20,8.0,0
ScButtUpDnStpMidRi1Cntr,BodyCAN,SWTR,SwtrBodyFr03,0x082,20,,True,True,InfoCANFD,CDC,BgmInfoCanFdFr25,0x0D0,20,4.0,0
ScButtUpDnStpMidRi1ScButtUpDnStp,BodyCAN,SWTR,SwtrBodyFr03,0x082,20,,True,True,InfoCANFD,CDC,BgmInfoCanFdFr25,0x0D0,20,6.0,0
ScButtUpDnStpMidRi1UpDnSts,BodyCAN,SWTR,SwtrBodyFr03,0x082,20,,True,True,InfoCANFD,CDC,BgmInfoCanFdFr25,0x0D0,20,2.0,0
SteerWhlScButtonMidLe1Chks,BodyCAN,SWTL,SwtlBodyFr01,0x268,50,,True,True,ADCANFD,ACU,BgmADCANFDFr30,0x280,100,8.0,0
SteerWhlScButtonMidLe1Chks,BodyCAN,SWTL,SwtlBodyFr01,0x268,50,,True,True,InfoCANFD,CDC,BgmInfoCanFdDevFr03,0x180,50,8.0,0
SteerWhlScButtonMidLe1Cntr,BodyCAN,SWTL,SwtlBodyFr01,0x268,50,,True,True,ADCANFD,ACU,BgmADCANFDFr30,0x280,100,4.0,0
SteerWhlScButtonMidLe1Cntr,BodyCAN,SWTL,SwtlBodyFr01,0x268,50,,True,True,InfoCANFD,CDC,BgmInfoCanFdDevFr03,0x180,50,4.0,0
SteerWhlScButtonMidLe1SteerWhlTouchSwt1,BodyCAN,SWTL,SwtlBodyFr01,0x268,50,,True,True,ADCANFD,ACU,BgmADCANFDFr30,0x280,100,4.0,0
SteerWhlScButtonMidLe1SteerWhlTouchSwt1,BodyCAN,SWTL,SwtlBodyFr01,0x268,50,,True,True,InfoCANFD,CDC,BgmInfoCanFdDevFr03,0x180,50,4.0,0
SteerWhlScButtonMidLe2Chks,BodyCAN,SWTL,SwtlBodyFr01,0x268,50,,True,True,ADCANFD,ACU,BgmADCANFDFr30,0x280,100,8.0,0
SteerWhlScButtonMidLe2Chks,BodyCAN,SWTL,SwtlBodyFr01,0x268,50,,True,True,InfoCANFD,CDC,BgmInfoCanFdFr18,0x210,100,8.0,0
SteerWhlScButtonMidLe2Cntr,BodyCAN,SWTL,SwtlBodyFr01,0x268,50,,True,True,ADCANFD,ACU,BgmADCANFDFr30,0x280,100,4.0,0
SteerWhlScButtonMidLe2Cntr,BodyCAN,SWTL,SwtlBodyFr01,0x268,50,,True,True,InfoCANFD,CDC,BgmInfoCanFdFr18,0x210,100,4.0,0
SteerWhlScButtonMidLe2SteerWhlTouchSwt2,BodyCAN,SWTL,SwtlBodyFr01,0x268,50,,True,True,ADCANFD,ACU,BgmADCANFDFr30,0x280,100,2.0,0
SteerWhlScButtonMidLe2SteerWhlTouchSwt2,BodyCAN,SWTL,SwtlBodyFr01,0x268,50,,True,True,InfoCANFD,CDC,BgmInfoCanFdFr18,0x210,100,2.0,0
SteerWhlScLeftButtonLeChks,BodyCAN,SWTL,SwtlBodyFr02,0x269,50,,True,True,ADCANFD,ACU,BgmADCANFDFr30,0x280,100,8.0,0
SteerWhlScLeftButtonLeChks,BodyCAN,SWTL,SwtlBodyFr02,0x269,50,,True,True,InfoCANFD,CDC,BgmInfoCanFdDevFr03,0x180,50,8.0,0
SteerWhlScLeftButtonLeCntr,BodyCAN,SWTL,SwtlBodyFr02,0x269,50,,True,True,ADCANFD,ACU,BgmADCANFDFr30,0x280,100,4.0,0
SteerWhlScLeftButtonLeCntr,BodyCAN,SWTL,SwtlBodyFr02,0x269,50,,True,True,InfoCANFD,CDC,BgmInfoCanFdDevFr03,0x180,50,4.0,0
SteerWhlScLeftButtonLeSteerWhlTouchSwt2,BodyCAN,SWTL,SwtlBodyFr02,0x269,50,,True,True,ADCANFD,ACU,BgmADCANFDFr30,0x280,100,2.0,0
SteerWhlScLeftButtonLeSteerWhlTouchSwt2,BodyCAN,SWTL,SwtlBodyFr02,0x269,50,,True,True,InfoCANFD,CDC,BgmInfoCanFdDevFr03,0x180,50,2.0,0
SteerWhlScRightButtonLeChks,BodyCAN,SWTL,SwtlBodyFr02,0x269,50,,True,True,ADCANFD,ACU,BgmADCANFDFr30,0x280,100,8.0,0
SteerWhlScRightButtonLeChks,BodyCAN,SWTL,SwtlBodyFr02,0x269,50,,True,True,InfoCANFD,CDC,BgmInfoCanFdFr18,0x210,100,8.0,0
SteerWhlScRightButtonLeCntr,BodyCAN,SWTL,SwtlBodyFr02,0x269,50,,True,True,ADCANFD,ACU,BgmADCANFDFr30,0x280,100,4.0,0
SteerWhlScRightButtonLeCntr,BodyCAN,SWTL,SwtlBodyFr02,0x269,50,,True,True,InfoCANFD,CDC,BgmInfoCanFdFr18,0x210,100,4.0,0
SteerWhlScRightButtonLeSteerWhlTouchSwt2,BodyCAN,SWTL,SwtlBodyFr02,0x269,50,,True,True,ADCANFD,ACU,BgmADCANFDFr30,0x280,100,2.0,0
SteerWhlScRightButtonLeSteerWhlTouchSwt2,BodyCAN,SWTL,SwtlBodyFr02,0x269,50,,True,True,InfoCANFD,CDC,BgmInfoCanFdFr18,0x210,100,2.0,0
SteerWhlSnsrAg,BackboneFR,VDDM,VddmBackBoneFr02,47=0=1,5,,True,True,ConnectivityCANFD,BNCM,BgmConnectivityFr06,0x195,20,15.0,0
SteerWhlSnsrAg,BackboneFR,VDDM,VddmBackBoneFr02,47=0=1,5,,True,True,ConnectivityCANFD,DRMFL,BgmConnectivityFr06,0x195,20,15.0,1
SteerWhlSnsrAg,BackboneFR,VDDM,VddmBackBoneFr02,47=0=1,5,,True,True,ConnectivityCANFD,DRMFR,BgmConnectivityFr06,0x195,20,15.0,1
SteerWhlSnsrAg,BackboneFR,VDDM,VddmBackBoneFr02,47=0=1,5,,True,True,ConnectivityCANFD,DRMRL,BgmConnectivityFr06,0x195,20,15.0,1
SteerWhlSnsrAg,BackboneFR,VDDM,VddmBackBoneFr02,47=0=1,5,,True,True,ConnectivityCANFD,DRMRR,BgmConnectivityFr06,0x195,20,15.0,1
SteerWhlSnsrAg,BackboneFR,VDDM,VddmBackBoneFr02,47=0=1,5,,True,True,BodyExposedCANFD,HCML,CemBodyExpoCommonFr01,0x052,10,15.0,0
SteerWhlSnsrAg,BackboneFR,VDDM,VddmBackBoneFr02,47=0=1,5,,True,True,BodyExposedCANFD,HCMR,CemBodyExpoCommonFr01,0x052,10,15.0,1
SteerWhlSnsrAg,BackboneFR,VDDM,VddmBackBoneFr02,47=0=1,5,,True,True,PassiveSafetyCAN,RML,AsdmPassSafeCANFr17,0x065,20,15.0,0
SteerWhlSnsrAgSpd,BackboneFR,VDDM,VddmBackBoneFr02,47=0=1,5,,True,True,ConnectivityCANFD,BNCM,BgmConnectivityFr06,0x195,20,14.0,0
SteerWhlSnsrAgSpd,BackboneFR,VDDM,VddmBackBoneFr02,47=0=1,5,,True,True,ConnectivityCANFD,DRMFL,BgmConnectivityFr06,0x195,20,14.0,1
SteerWhlSnsrAgSpd,BackboneFR,VDDM,VddmBackBoneFr02,47=0=1,5,,True,True,ConnectivityCANFD,DRMFR,BgmConnectivityFr06,0x195,20,14.0,1
SteerWhlSnsrAgSpd,BackboneFR,VDDM,VddmBackBoneFr02,47=0=1,5,,True,True,ConnectivityCANFD,DRMRL,BgmConnectivityFr06,0x195,20,14.0,1
SteerWhlSnsrAgSpd,BackboneFR,VDDM,VddmBackBoneFr02,47=0=1,5,,True,True,ConnectivityCANFD,DRMRR,BgmConnectivityFr06,0x195,20,14.0,1
SteerWhlSnsrAgSpd,BackboneFR,VDDM,VddmBackBoneFr02,47=0=1,5,,True,True,BodyExposedCANFD,HCML,CemBodyExpoCommonFr01,0x052,10,14.0,0
SteerWhlSnsrAgSpd,BackboneFR,VDDM,VddmBackBoneFr02,47=0=1,5,,True,True,BodyExposedCANFD,HCMR,CemBodyExpoCommonFr01,0x052,10,14.0,1
SteerWhlSnsrAgSpd,BackboneFR,VDDM,VddmBackBoneFr02,47=0=1,5,,True,True,PassiveSafetyCAN,RML,AsdmPassSafeCANFr17,0x065,20,14.0,0
SteerWhlSnsrChks,BackboneFR,VDDM,VddmBackBoneFr02,47=0=1,5,,True,True,ConnectivityCANFD,BNCM,BgmConnectivityFr06,0x195,20,8.0,0
SteerWhlSnsrChks,BackboneFR,VDDM,VddmBackBoneFr02,47=0=1,5,,True,True,ConnectivityCANFD,DRMFL,BgmConnectivityFr06,0x195,20,8.0,1
SteerWhlSnsrChks,BackboneFR,VDDM,VddmBackBoneFr02,47=0=1,5,,True,True,ConnectivityCANFD,DRMFR,BgmConnectivityFr06,0x195,20,8.0,1
SteerWhlSnsrChks,BackboneFR,VDDM,VddmBackBoneFr02,47=0=1,5,,True,True,ConnectivityCANFD,DRMRL,BgmConnectivityFr06,0x195,20,8.0,1
SteerWhlSnsrChks,BackboneFR,VDDM,VddmBackBoneFr02,47=0=1,5,,True,True,ConnectivityCANFD,DRMRR,BgmConnectivityFr06,0x195,20,8.0,1
SteerWhlSnsrChks,BackboneFR,VDDM,VddmBackBoneFr02,47=0=1,5,,True,True,BodyExposedCANFD,HCML,CemBodyExpoCommonFr01,0x052,10,8.0,0
SteerWhlSnsrChks,BackboneFR,VDDM,VddmBackBoneFr02,47=0=1,5,,True,True,BodyExposedCANFD,HCMR,CemBodyExpoCommonFr01,0x052,10,8.0,1
SteerWhlSnsrChks,BackboneFR,VDDM,VddmBackBoneFr02,47=0=1,5,,True,True,PassiveSafetyCAN,RML,AsdmPassSafeCANFr17,0x065,20,8.0,0
SteerWhlSnsrCntr,BackboneFR,VDDM,VddmBackBoneFr02,47=0=1,5,,True,True,ConnectivityCANFD,BNCM,BgmConnectivityFr06,0x195,20,4.0,0
SteerWhlSnsrCntr,BackboneFR,VDDM,VddmBackBoneFr02,47=0=1,5,,True,True,ConnectivityCANFD,DRMFL,BgmConnectivityFr06,0x195,20,4.0,1
SteerWhlSnsrCntr,BackboneFR,VDDM,VddmBackBoneFr02,47=0=1,5,,True,True,ConnectivityCANFD,DRMFR,BgmConnectivityFr06,0x195,20,4.0,1
SteerWhlSnsrCntr,BackboneFR,VDDM,VddmBackBoneFr02,47=0=1,5,,True,True,ConnectivityCANFD,DRMRL,BgmConnectivityFr06,0x195,20,4.0,1
SteerWhlSnsrCntr,BackboneFR,VDDM,VddmBackBoneFr02,47=0=1,5,,True,True,ConnectivityCANFD,DRMRR,BgmConnectivityFr06,0x195,20,4.0,1
SteerWhlSnsrCntr,BackboneFR,VDDM,VddmBackBoneFr02,47=0=1,5,,True,True,BodyExposedCANFD,HCML,CemBodyExpoCommonFr01,0x052,10,4.0,0
SteerWhlSnsrCntr,BackboneFR,VDDM,VddmBackBoneFr02,47=0=1,5,,True,True,BodyExposedCANFD,HCMR,CemBodyExpoCommonFr01,0x052,10,4.0,1
SteerWhlSnsrCntr,BackboneFR,VDDM,VddmBackBoneFr02,47=0=1,5,,True,True,PassiveSafetyCAN,RML,AsdmPassSafeCANFr17,0x065,20,4.0,0
SteerWhlSnsrQf,BackboneFR,VDDM,VddmBackBoneFr02,47=0=1,5,,True,True,ConnectivityCANFD,BNCM,BgmConnectivityFr06,0x195,20,2.0,0
SteerWhlSnsrQf,BackboneFR,VDDM,VddmBackBoneFr02,47=0=1,5,,True,True,ConnectivityCANFD,DRMFL,BgmConnectivityFr06,0x195,20,2.0,1
SteerWhlSnsrQf,BackboneFR,VDDM,VddmBackBoneFr02,47=0=1,5,,True,True,ConnectivityCANFD,DRMFR,BgmConnectivityFr06,0x195,20,2.0,1
SteerWhlSnsrQf,BackboneFR,VDDM,VddmBackBoneFr02,47=0=1,5,,True,True,ConnectivityCANFD,DRMRL,BgmConnectivityFr06,0x195,20,2.0,1
SteerWhlSnsrQf,BackboneFR,VDDM,VddmBackBoneFr02,47=0=1,5,,True,True,ConnectivityCANFD,DRMRR,BgmConnectivityFr06,0x195,20,2.0,1
SteerWhlSnsrQf,BackboneFR,VDDM,VddmBackBoneFr02,47=0=1,5,,True,True,BodyExposedCANFD,HCML,CemBodyExpoCommonFr01,0x052,10,2.0,0
SteerWhlSnsrQf,BackboneFR,VDDM,VddmBackBoneFr02,47=0=1,5,,True,True,BodyExposedCANFD,HCMR,CemBodyExpoCommonFr01,0x052,10,2.0,1
SteerWhlSnsrQf,BackboneFR,VDDM,VddmBackBoneFr02,47=0=1,5,,True,True,PassiveSafetyCAN,RML,AsdmPassSafeCANFr17,0x065,20,2.0,0
SuspPosnVertAgGenQf,BackboneFR,VDDM,BcmVddmBackBoneFr06,57=0=4,20,,,,BodyExposedCANFD,HCML,CemBodyExpoCommonFr22,0x190,45,2.0,0
SuspPosnVertAgGenQf,BackboneFR,VDDM,BcmVddmBackBoneFr06,57=0=4,20,,,,BodyExposedCANFD,HCMR,CemBodyExpoCommonFr22,0x190,45,2.0,1
SuspPosnVertAgSuspPosnVertAg,BackboneFR,VDDM,BcmVddmBackBoneFr06,57=0=4,20,,,,BodyExposedCANFD,HCML,CemBodyExpoCommonFr22,0x190,45,12.0,0
SuspPosnVertAgSuspPosnVertAg,BackboneFR,VDDM,BcmVddmBackBoneFr06,57=0=4,20,,,,BodyExposedCANFD,HCMR,CemBodyExpoCommonFr22,0x190,45,12.0,1
SuspPosnVertLvlFrnt,BackboneFR,VDDM,BcmVddmBackBoneFr08,57=5=8,40,,,,BodyExposedCANFD,HCML,CemBodyExpoCommonFr22,0x190,45,15.0,0
SuspPosnVertLvlFrnt,BackboneFR,VDDM,BcmVddmBackBoneFr08,57=5=8,40,,,,BodyExposedCANFD,HCMR,CemBodyExpoCommonFr22,0x190,45,15.0,1
SuspPosnVertLvlFrntQf,BackboneFR,VDDM,BcmVddmBackBoneFr08,57=5=8,40,,,,BodyExposedCANFD,HCML,CemBodyExpoCommonFr22,0x190,45,2.0,0
SuspPosnVertLvlFrntQf,BackboneFR,VDDM,BcmVddmBackBoneFr08,57=5=8,40,,,,BodyExposedCANFD,HCMR,CemBodyExpoCommonFr22,0x190,45,2.0,1
SuspPosnVertLvlRe,BackboneFR,VDDM,BcmVddmBackBoneFr08,57=5=8,40,,,,BodyExposedCANFD,HCML,CemBodyExpoCommonFr22,0x190,45,15.0,0
SuspPosnVertLvlRe,BackboneFR,VDDM,BcmVddmBackBoneFr08,57=5=8,40,,,,BodyExposedCANFD,HCMR,CemBodyExpoCommonFr22,0x190,45,15.0,1
SuspPosnVertLvlReQf,BackboneFR,VDDM,BcmVddmBackBoneFr08,57=5=8,40,,,,BodyExposedCANFD,HCML,CemBodyExpoCommonFr22,0x190,45,2.0,0
SuspPosnVertLvlReQf,BackboneFR,VDDM,BcmVddmBackBoneFr08,57=5=8,40,,,,BodyExposedCANFD,HCMR,CemBodyExpoCommonFr22,0x190,45,2.0,1
TwliBriRawQf,CEM_LIN1,RLSM,RlsmCem_Lin1Fr01,0x15,"[80, 85]",,,,BackboneFR,ACU,CemBackBoneFr25,38201.0,20,2.0,0
TwliBriRawQf,CEM_LIN1,RLSM,RlsmCem_Lin1Fr01,0x15,"[80, 85]",,,,BackboneFR,CDC,CemBackBoneFr25,38201.0,20,2.0,1
TwliBriRawTwliBriRaw,CEM_LIN1,RLSM,RlsmCem_Lin1Fr01,0x15,"[80, 85]",,,,BackboneFR,ACU,CemBackBoneFr25,38201.0,20,14.0,0
TwliBriRawTwliBriRaw,CEM_LIN1,RLSM,RlsmCem_Lin1Fr01,0x15,"[80, 85]",,,,BackboneFR,CDC,CemBackBoneFr25,38201.0,20,14.0,1
VehMtnStChks,BackboneFR,VDDM,BcmVddmBackBoneFr00,55=0=1,5,,True,True,BodyCAN,DDM,CemBodyFr02,0x040,15,8.0,0
VehMtnStChks,BackboneFR,VDDM,BcmVddmBackBoneFr00,55=0=1,5,,True,True,BodyCAN,DPOD,CemBodyFr02,0x040,15,8.0,1
VehMtnStChks,BackboneFR,VDDM,BcmVddmBackBoneFr00,55=0=1,5,,True,True,ConnectivityCANFD,DRMFL,BgmConnectivityFr12,0x210,20,8.0,0
VehMtnStChks,BackboneFR,VDDM,BcmVddmBackBoneFr00,55=0=1,5,,True,True,ConnectivityCANFD,DRMFR,BgmConnectivityFr12,0x210,20,8.0,1
VehMtnStChks,BackboneFR,VDDM,BcmVddmBackBoneFr00,55=0=1,5,,True,True,ConnectivityCANFD,DRMRL,BgmConnectivityFr12,0x210,20,8.0,1
VehMtnStChks,BackboneFR,VDDM,BcmVddmBackBoneFr00,55=0=1,5,,True,True,ConnectivityCANFD,DRMRR,BgmConnectivityFr12,0x210,20,8.0,1
VehMtnStChks,BackboneFR,VDDM,BcmVddmBackBoneFr00,55=0=1,5,,True,True,BodyCAN,LPOD,CemBodyFr02,0x040,15,8.0,1
VehMtnStChks,BackboneFR,VDDM,BcmVddmBackBoneFr00,55=0=1,5,,True,True,BodyCAN,PDM,CemBodyFr02,0x040,15,8.0,1
VehMtnStChks,BackboneFR,VDDM,BcmVddmBackBoneFr00,55=0=1,5,,True,True,BodyCAN,POT,CemBodyFr02,0x040,15,8.0,1
VehMtnStChks,BackboneFR,VDDM,BcmVddmBackBoneFr00,55=0=1,5,,True,True,BodyCAN,PPOD,CemBodyFr02,0x040,15,8.0,1
VehMtnStChks,BackboneFR,VDDM,BcmVddmBackBoneFr00,55=0=1,5,,True,True,BodyCAN,RLDM,CemBodyFr02,0x040,15,8.0,1
VehMtnStChks,BackboneFR,VDDM,BcmVddmBackBoneFr00,55=0=1,5,,True,True,BodyCAN,RPOD,CemBodyFr02,0x040,15,8.0,1
VehMtnStChks,BackboneFR,VDDM,BcmVddmBackBoneFr00,55=0=1,5,,True,True,BodyCAN,RRDM,CemBodyFr02,0x040,15,8.0,1
VehMtnStCntr,BackboneFR,VDDM,BcmVddmBackBoneFr00,55=0=1,5,,True,True,BodyCAN,DDM,CemBodyFr02,0x040,15,4.0,0
VehMtnStCntr,BackboneFR,VDDM,BcmVddmBackBoneFr00,55=0=1,5,,True,True,BodyCAN,DPOD,CemBodyFr02,0x040,15,4.0,1
VehMtnStCntr,BackboneFR,VDDM,BcmVddmBackBoneFr00,55=0=1,5,,True,True,ConnectivityCANFD,DRMFL,BgmConnectivityFr12,0x210,20,4.0,0
VehMtnStCntr,BackboneFR,VDDM,BcmVddmBackBoneFr00,55=0=1,5,,True,True,ConnectivityCANFD,DRMFR,BgmConnectivityFr12,0x210,20,4.0,1
VehMtnStCntr,BackboneFR,VDDM,BcmVddmBackBoneFr00,55=0=1,5,,True,True,ConnectivityCANFD,DRMRL,BgmConnectivityFr12,0x210,20,4.0,1
VehMtnStCntr,BackboneFR,VDDM,BcmVddmBackBoneFr00,55=0=1,5,,True,True,ConnectivityCANFD,DRMRR,BgmConnectivityFr12,0x210,20,4.0,1
VehMtnStCntr,BackboneFR,VDDM,BcmVddmBackBoneFr00,55=0=1,5,,True,True,BodyCAN,LPOD,CemBodyFr02,0x040,15,4.0,1
VehMtnStCntr,BackboneFR,VDDM,BcmVddmBackBoneFr00,55=0=1,5,,True,True,BodyCAN,PDM,CemBodyFr02,0x040,15,4.0,1
VehMtnStCntr,BackboneFR,VDDM,BcmVddmBackBoneFr00,55=0=1,5,,True,True,BodyCAN,POT,CemBodyFr02,0x040,15,4.0,1
VehMtnStCntr,BackboneFR,VDDM,BcmVddmBackBoneFr00,55=0=1,5,,True,True,BodyCAN,PPOD,CemBodyFr02,0x040,15,4.0,1
VehMtnStCntr,BackboneFR,VDDM,BcmVddmBackBoneFr00,55=0=1,5,,True,True,BodyCAN,RLDM,CemBodyFr02,0x040,15,4.0,1
VehMtnStCntr,BackboneFR,VDDM,BcmVddmBackBoneFr00,55=0=1,5,,True,True,BodyCAN,RPOD,CemBodyFr02,0x040,15,4.0,1
VehMtnStCntr,BackboneFR,VDDM,BcmVddmBackBoneFr00,55=0=1,5,,True,True,BodyCAN,RRDM,CemBodyFr02,0x040,15,4.0,1
VehMtnStVehMtnSt,BackboneFR,VDDM,BcmVddmBackBoneFr00,55=0=1,5,,True,True,BodyCAN,DDM,CemBodyFr02,0x040,15,3.0,0
VehMtnStVehMtnSt,BackboneFR,VDDM,BcmVddmBackBoneFr00,55=0=1,5,,True,True,BodyCAN,DPOD,CemBodyFr02,0x040,15,3.0,1
VehMtnStVehMtnSt,BackboneFR,VDDM,BcmVddmBackBoneFr00,55=0=1,5,,True,True,ConnectivityCANFD,DRMFL,BgmConnectivityFr12,0x210,20,3.0,0
VehMtnStVehMtnSt,BackboneFR,VDDM,BcmVddmBackBoneFr00,55=0=1,5,,True,True,ConnectivityCANFD,DRMFR,BgmConnectivityFr12,0x210,20,3.0,1
VehMtnStVehMtnSt,BackboneFR,VDDM,BcmVddmBackBoneFr00,55=0=1,5,,True,True,ConnectivityCANFD,DRMRL,BgmConnectivityFr12,0x210,20,3.0,1
VehMtnStVehMtnSt,BackboneFR,VDDM,BcmVddmBackBoneFr00,55=0=1,5,,True,True,ConnectivityCANFD,DRMRR,BgmConnectivityFr12,0x210,20,3.0,1
VehMtnStVehMtnSt,BackboneFR,VDDM,BcmVddmBackBoneFr00,55=0=1,5,,True,True,BodyCAN,LPOD,CemBodyFr02,0x040,15,3.0,1
VehMtnStVehMtnSt,BackboneFR,VDDM,BcmVddmBackBoneFr00,55=0=1,5,,True,True,BodyCAN,PDM,CemBodyFr02,0x040,15,3.0,1
VehMtnStVehMtnSt,BackboneFR,VDDM,BcmVddmBackBoneFr00,55=0=1,5,,True,True,BodyCAN,POT,CemBodyFr02,0x040,15,3.0,1
VehMtnStVehMtnSt,BackboneFR,VDDM,BcmVddmBackBoneFr00,55=0=1,5,,True,True,BodyCAN,PPOD,CemBodyFr02,0x040,15,3.0,1
VehMtnStVehMtnSt,BackboneFR,VDDM,BcmVddmBackBoneFr00,55=0=1,5,,True,True,BodyCAN,RLDM,CemBodyFr02,0x040,15,3.0,1
VehMtnStVehMtnSt,BackboneFR,VDDM,BcmVddmBackBoneFr00,55=0=1,5,,True,True,BodyCAN,RPOD,CemBodyFr02,0x040,15,3.0,1
VehMtnStVehMtnSt,BackboneFR,VDDM,BcmVddmBackBoneFr00,55=0=1,5,,True,True,BodyCAN,RRDM,CemBodyFr02,0x040,15,3.0,1
VehSpdLgtA,BackboneFR,VDDM,BcmVddmBackBoneFr06,57=0=4,20,,True,True,CEM_LIN6,AWM,BgmCem_Lin6Fr01,0x24,170,15.0,0
VehSpdLgtA,BackboneFR,VDDM,BcmVddmBackBoneFr06,57=0=4,20,,True,True,ConnectivityCANFD,BNCM,VgmConnFr02,0x150,35,15.0,0
VehSpdLgtA,BackboneFR,VDDM,BcmVddmBackBoneFr06,57=0=4,20,,True,True,BodyCAN,CCM,CemBodyFr03,0x076,20,15.0,0
VehSpdLgtA,BackboneFR,VDDM,BcmVddmBackBoneFr06,57=0=4,20,,True,True,BodyCAN,DDM,CemBodyFr03,0x076,20,15.0,1
VehSpdLgtA,BackboneFR,VDDM,BcmVddmBackBoneFr06,57=0=4,20,,True,True,BodyCAN,DPOD,CemBodyFr03,0x076,20,15.0,1
VehSpdLgtA,BackboneFR,VDDM,BcmVddmBackBoneFr06,57=0=4,20,,True,True,ConnectivityCANFD,DRMFL,VgmConnFr02,0x150,35,15.0,1
VehSpdLgtA,BackboneFR,VDDM,BcmVddmBackBoneFr06,57=0=4,20,,True,True,ConnectivityCANFD,DRMFR,VgmConnFr02,0x150,35,15.0,1
VehSpdLgtA,BackboneFR,VDDM,BcmVddmBackBoneFr06,57=0=4,20,,True,True,ConnectivityCANFD,DRMRL,VgmConnFr02,0x150,35,15.0,1
VehSpdLgtA,BackboneFR,VDDM,BcmVddmBackBoneFr06,57=0=4,20,,True,True,ConnectivityCANFD,DRMRR,VgmConnFr02,0x150,35,15.0,1
VehSpdLgtA,BackboneFR,VDDM,BcmVddmBackBoneFr06,57=0=4,20,,True,True,BodyCAN,ETCM,CemBodyFr03,0x076,20,15.0,1
VehSpdLgtA,BackboneFR,VDDM,BcmVddmBackBoneFr06,57=0=4,20,,True,True,BodyExposedCANFD,HCML,CemBodyExpoCommonFr04,0x050,40,15.0,0
VehSpdLgtA,BackboneFR,VDDM,BcmVddmBackBoneFr06,57=0=4,20,,True,True,BodyExposedCANFD,HCMR,CemBodyExpoCommonFr04,0x050,40,15.0,1
VehSpdLgtA,BackboneFR,VDDM,BcmVddmBackBoneFr06,57=0=4,20,,True,True,BodyCAN,IPM,CemBodyFr03,0x076,20,15.0,1
VehSpdLgtA,BackboneFR,VDDM,BcmVddmBackBoneFr06,57=0=4,20,,True,True,BodyCAN,LPOD,CemBodyFr03,0x076,20,15.0,1
VehSpdLgtA,BackboneFR,VDDM,BcmVddmBackBoneFr06,57=0=4,20,,True,True,ConnectivityCANFD,NKR,VgmConnFr02,0x150,35,15.0,1
VehSpdLgtA,BackboneFR,VDDM,BcmVddmBackBoneFr06,57=0=4,20,,True,True,BodyCAN,PDM,CemBodyFr03,0x076,20,15.0,1
VehSpdLgtA,BackboneFR,VDDM,BcmVddmBackBoneFr06,57=0=4,20,,True,True,BodyCAN,POT,CemBodyFr03,0x076,20,15.0,1
VehSpdLgtA,BackboneFR,VDDM,BcmVddmBackBoneFr06,57=0=4,20,,True,True,BodyCAN,PPOD,CemBodyFr03,0x076,20,15.0,1
VehSpdLgtA,BackboneFR,VDDM,BcmVddmBackBoneFr06,57=0=4,20,,True,True,BodyExposedCANFD,RCML,CemBodyExpoCommonFr04,0x050,40,15.0,1
VehSpdLgtA,BackboneFR,VDDM,BcmVddmBackBoneFr06,57=0=4,20,,True,True,BodyExposedCANFD,RCMM,CemBodyExpoCommonFr04,0x050,40,15.0,1
VehSpdLgtA,BackboneFR,VDDM,BcmVddmBackBoneFr06,57=0=4,20,,True,True,BodyExposedCANFD,RCMR,CemBodyExpoCommonFr04,0x050,40,15.0,1
VehSpdLgtA,BackboneFR,VDDM,BcmVddmBackBoneFr06,57=0=4,20,,True,True,BodyCAN,RLDM,CemBodyFr03,0x076,20,15.0,1
VehSpdLgtA,BackboneFR,VDDM,BcmVddmBackBoneFr06,57=0=4,20,,True,True,PassiveSafetyCAN,RML,AsdmPassSafeCANFr16,0x120,20,15.0,0
VehSpdLgtA,BackboneFR,VDDM,BcmVddmBackBoneFr06,57=0=4,20,,True,True,BodyCAN,RPOD,CemBodyFr03,0x076,20,15.0,1
VehSpdLgtA,BackboneFR,VDDM,BcmVddmBackBoneFr06,57=0=4,20,,True,True,BodyCAN,RRDM,CemBodyFr03,0x076,20,15.0,1
VehSpdLgtA,BackboneFR,VDDM,BcmVddmBackBoneFr06,57=0=4,20,,True,True,BodyCAN,SMD,CemBodyFr03,0x076,20,15.0,1
VehSpdLgtA,BackboneFR,VDDM,BcmVddmBackBoneFr06,57=0=4,20,,True,True,BodyCAN,SMP,CemBodyFr03,0x076,20,15.0,1
VehSpdLgtA,BackboneFR,VDDM,BcmVddmBackBoneFr06,57=0=4,20,,True,True,BodyCAN,SWTL,CemBodyFr03,0x076,20,15.0,1
VehSpdLgtA,BackboneFR,VDDM,BcmVddmBackBoneFr06,57=0=4,20,,True,True,BodyCAN,SWTR,CemBodyFr03,0x076,20,15.0,1
VehSpdLgtA,BackboneFR,VDDM,BcmVddmBackBoneFr06,57=0=4,20,,True,True,ConnectivityCANFD,TCAM,VgmConnFr02,0x150,35,15.0,1
VehSpdLgtA,BackboneFR,VDDM,BcmVddmBackBoneFr06,57=0=4,20,,True,True,ConnectivityCANFD,WPC,VgmConnFr02,0x150,35,15.0,1
VehSpdLgtA,BackboneFR,VDDM,BcmVddmBackBoneFr06,57=0=4,20,,True,True,BodyCAN,SMB,CemBodyFr03,0x076,20,15.0,1
VehSpdLgtA,BackboneFR,VDDM,BcmVddmBackBoneFr06,57=0=4,20,,True,True,ConnectivityCANFD,WPC3,VgmConnFr02,0x150,35,15.0,1
VehSpdLgtA,BackboneFR,VDDM,BcmVddmBackBoneFr06,57=0=4,20,,True,True,BodyCAN,SMB,CemBodyFr03,0x076,20,15.0,1
VehSpdLgtChks,BackboneFR,VDDM,BcmVddmBackBoneFr06,57=0=4,20,,True,True,CEM_LIN6,AWM,BgmCem_Lin6Fr01,0x24,170,8.0,0
VehSpdLgtChks,BackboneFR,VDDM,BcmVddmBackBoneFr06,57=0=4,20,,True,True,ConnectivityCANFD,BNCM,VgmConnFr02,0x150,35,8.0,0
VehSpdLgtChks,BackboneFR,VDDM,BcmVddmBackBoneFr06,57=0=4,20,,True,True,BodyCAN,CCM,CemBodyFr03,0x076,20,8.0,0
VehSpdLgtChks,BackboneFR,VDDM,BcmVddmBackBoneFr06,57=0=4,20,,True,True,BodyCAN,DDM,CemBodyFr03,0x076,20,8.0,1
VehSpdLgtChks,BackboneFR,VDDM,BcmVddmBackBoneFr06,57=0=4,20,,True,True,BodyCAN,DPOD,CemBodyFr03,0x076,20,8.0,1
VehSpdLgtChks,BackboneFR,VDDM,BcmVddmBackBoneFr06,57=0=4,20,,True,True,ConnectivityCANFD,DRMFL,VgmConnFr02,0x150,35,8.0,1
VehSpdLgtChks,BackboneFR,VDDM,BcmVddmBackBoneFr06,57=0=4,20,,True,True,ConnectivityCANFD,DRMFR,VgmConnFr02,0x150,35,8.0,1
VehSpdLgtChks,BackboneFR,VDDM,BcmVddmBackBoneFr06,57=0=4,20,,True,True,ConnectivityCANFD,DRMRL,VgmConnFr02,0x150,35,8.0,1
VehSpdLgtChks,BackboneFR,VDDM,BcmVddmBackBoneFr06,57=0=4,20,,True,True,ConnectivityCANFD,DRMRR,VgmConnFr02,0x150,35,8.0,1
VehSpdLgtChks,BackboneFR,VDDM,BcmVddmBackBoneFr06,57=0=4,20,,True,True,BodyCAN,ETCM,CemBodyFr03,0x076,20,8.0,1
VehSpdLgtChks,BackboneFR,VDDM,BcmVddmBackBoneFr06,57=0=4,20,,True,True,BodyExposedCANFD,HCML,CemBodyExpoCommonFr04,0x050,40,8.0,0
VehSpdLgtChks,BackboneFR,VDDM,BcmVddmBackBoneFr06,57=0=4,20,,True,True,BodyExposedCANFD,HCMR,CemBodyExpoCommonFr04,0x050,40,8.0,1
VehSpdLgtChks,BackboneFR,VDDM,BcmVddmBackBoneFr06,57=0=4,20,,True,True,BodyCAN,IPM,CemBodyFr03,0x076,20,8.0,1
VehSpdLgtChks,BackboneFR,VDDM,BcmVddmBackBoneFr06,57=0=4,20,,True,True,BodyCAN,LPOD,CemBodyFr03,0x076,20,8.0,1
VehSpdLgtChks,BackboneFR,VDDM,BcmVddmBackBoneFr06,57=0=4,20,,True,True,ConnectivityCANFD,NKR,VgmConnFr02,0x150,35,8.0,1
VehSpdLgtChks,BackboneFR,VDDM,BcmVddmBackBoneFr06,57=0=4,20,,True,True,BodyCAN,PDM,CemBodyFr03,0x076,20,8.0,1
VehSpdLgtChks,BackboneFR,VDDM,BcmVddmBackBoneFr06,57=0=4,20,,True,True,BodyCAN,POT,CemBodyFr03,0x076,20,8.0,1
VehSpdLgtChks,BackboneFR,VDDM,BcmVddmBackBoneFr06,57=0=4,20,,True,True,BodyCAN,PPOD,CemBodyFr03,0x076,20,8.0,1
VehSpdLgtChks,BackboneFR,VDDM,BcmVddmBackBoneFr06,57=0=4,20,,True,True,BodyExposedCANFD,RCML,CemBodyExpoCommonFr04,0x050,40,8.0,1
VehSpdLgtChks,BackboneFR,VDDM,BcmVddmBackBoneFr06,57=0=4,20,,True,True,BodyExposedCANFD,RCMM,CemBodyExpoCommonFr04,0x050,40,8.0,1
VehSpdLgtChks,BackboneFR,VDDM,BcmVddmBackBoneFr06,57=0=4,20,,True,True,BodyExposedCANFD,RCMR,CemBodyExpoCommonFr04,0x050,40,8.0,1
VehSpdLgtChks,BackboneFR,VDDM,BcmVddmBackBoneFr06,57=0=4,20,,True,True,BodyCAN,RLDM,CemBodyFr03,0x076,20,8.0,1
VehSpdLgtChks,BackboneFR,VDDM,BcmVddmBackBoneFr06,57=0=4,20,,True,True,PassiveSafetyCAN,RML,AsdmPassSafeCANFr16,0x120,20,8.0,0
VehSpdLgtChks,BackboneFR,VDDM,BcmVddmBackBoneFr06,57=0=4,20,,True,True,BodyCAN,RPOD,CemBodyFr03,0x076,20,8.0,1
VehSpdLgtChks,BackboneFR,VDDM,BcmVddmBackBoneFr06,57=0=4,20,,True,True,BodyCAN,RRDM,CemBodyFr03,0x076,20,8.0,1
VehSpdLgtChks,BackboneFR,VDDM,BcmVddmBackBoneFr06,57=0=4,20,,True,True,BodyCAN,SMD,CemBodyFr03,0x076,20,8.0,1
VehSpdLgtChks,BackboneFR,VDDM,BcmVddmBackBoneFr06,57=0=4,20,,True,True,BodyCAN,SMP,CemBodyFr03,0x076,20,8.0,1
VehSpdLgtChks,BackboneFR,VDDM,BcmVddmBackBoneFr06,57=0=4,20,,True,True,BodyCAN,SWTL,CemBodyFr03,0x076,20,8.0,1
VehSpdLgtChks,BackboneFR,VDDM,BcmVddmBackBoneFr06,57=0=4,20,,True,True,BodyCAN,SWTR,CemBodyFr03,0x076,20,8.0,1
VehSpdLgtChks,BackboneFR,VDDM,BcmVddmBackBoneFr06,57=0=4,20,,True,True,ConnectivityCANFD,TCAM,VgmConnFr02,0x150,35,8.0,1
VehSpdLgtChks,BackboneFR,VDDM,BcmVddmBackBoneFr06,57=0=4,20,,True,True,ConnectivityCANFD,WPC,VgmConnFr02,0x150,35,8.0,1
VehSpdLgtChks,BackboneFR,VDDM,BcmVddmBackBoneFr06,57=0=4,20,,True,True,BodyCAN,SMB,CemBodyFr03,0x076,20,8.0,1
VehSpdLgtChks,BackboneFR,VDDM,BcmVddmBackBoneFr06,57=0=4,20,,True,True,ConnectivityCANFD,WPC3,VgmConnFr02,0x150,35,8.0,1
VehSpdLgtChks,BackboneFR,VDDM,BcmVddmBackBoneFr06,57=0=4,20,,True,True,BodyCAN,SMB,CemBodyFr03,0x076,20,8.0,1
VehSpdLgtCntr,BackboneFR,VDDM,BcmVddmBackBoneFr06,57=0=4,20,,True,True,CEM_LIN6,AWM,BgmCem_Lin6Fr01,0x24,170,4.0,0
VehSpdLgtCntr,BackboneFR,VDDM,BcmVddmBackBoneFr06,57=0=4,20,,True,True,ConnectivityCANFD,BNCM,VgmConnFr02,0x150,35,4.0,0
VehSpdLgtCntr,BackboneFR,VDDM,BcmVddmBackBoneFr06,57=0=4,20,,True,True,BodyCAN,CCM,CemBodyFr03,0x076,20,4.0,0
VehSpdLgtCntr,BackboneFR,VDDM,BcmVddmBackBoneFr06,57=0=4,20,,True,True,BodyCAN,DDM,CemBodyFr03,0x076,20,4.0,1
VehSpdLgtCntr,BackboneFR,VDDM,BcmVddmBackBoneFr06,57=0=4,20,,True,True,BodyCAN,DPOD,CemBodyFr03,0x076,20,4.0,1
VehSpdLgtCntr,BackboneFR,VDDM,BcmVddmBackBoneFr06,57=0=4,20,,True,True,ConnectivityCANFD,DRMFL,VgmConnFr02,0x150,35,4.0,1
VehSpdLgtCntr,BackboneFR,VDDM,BcmVddmBackBoneFr06,57=0=4,20,,True,True,ConnectivityCANFD,DRMFR,VgmConnFr02,0x150,35,4.0,1
VehSpdLgtCntr,BackboneFR,VDDM,BcmVddmBackBoneFr06,57=0=4,20,,True,True,ConnectivityCANFD,DRMRL,VgmConnFr02,0x150,35,4.0,1
VehSpdLgtCntr,BackboneFR,VDDM,BcmVddmBackBoneFr06,57=0=4,20,,True,True,ConnectivityCANFD,DRMRR,VgmConnFr02,0x150,35,4.0,1
VehSpdLgtCntr,BackboneFR,VDDM,BcmVddmBackBoneFr06,57=0=4,20,,True,True,BodyCAN,ETCM,CemBodyFr03,0x076,20,4.0,1
VehSpdLgtCntr,BackboneFR,VDDM,BcmVddmBackBoneFr06,57=0=4,20,,True,True,BodyExposedCANFD,HCML,CemBodyExpoCommonFr04,0x050,40,4.0,0
VehSpdLgtCntr,BackboneFR,VDDM,BcmVddmBackBoneFr06,57=0=4,20,,True,True,BodyExposedCANFD,HCMR,CemBodyExpoCommonFr04,0x050,40,4.0,1
VehSpdLgtCntr,BackboneFR,VDDM,BcmVddmBackBoneFr06,57=0=4,20,,True,True,BodyCAN,IPM,CemBodyFr03,0x076,20,4.0,1
VehSpdLgtCntr,BackboneFR,VDDM,BcmVddmBackBoneFr06,57=0=4,20,,True,True,BodyCAN,LPOD,CemBodyFr03,0x076,20,4.0,1
VehSpdLgtCntr,BackboneFR,VDDM,BcmVddmBackBoneFr06,57=0=4,20,,True,True,ConnectivityCANFD,NKR,VgmConnFr02,0x150,35,4.0,1
VehSpdLgtCntr,BackboneFR,VDDM,BcmVddmBackBoneFr06,57=0=4,20,,True,True,BodyCAN,PDM,CemBodyFr03,0x076,20,4.0,1
VehSpdLgtCntr,BackboneFR,VDDM,BcmVddmBackBoneFr06,57=0=4,20,,True,True,BodyCAN,POT,CemBodyFr03,0x076,20,4.0,1
VehSpdLgtCntr,BackboneFR,VDDM,BcmVddmBackBoneFr06,57=0=4,20,,True,True,BodyCAN,PPOD,CemBodyFr03,0x076,20,4.0,1
VehSpdLgtCntr,BackboneFR,VDDM,BcmVddmBackBoneFr06,57=0=4,20,,True,True,BodyExposedCANFD,RCML,CemBodyExpoCommonFr04,0x050,40,4.0,1
VehSpdLgtCntr,BackboneFR,VDDM,BcmVddmBackBoneFr06,57=0=4,20,,True,True,BodyExposedCANFD,RCMM,CemBodyExpoCommonFr04,0x050,40,4.0,1
VehSpdLgtCntr,BackboneFR,VDDM,BcmVddmBackBoneFr06,57=0=4,20,,True,True,BodyExposedCANFD,RCMR,CemBodyExpoCommonFr04,0x050,40,4.0,1
VehSpdLgtCntr,BackboneFR,VDDM,BcmVddmBackBoneFr06,57=0=4,20,,True,True,BodyCAN,RLDM,CemBodyFr03,0x076,20,4.0,1
VehSpdLgtCntr,BackboneFR,VDDM,BcmVddmBackBoneFr06,57=0=4,20,,True,True,PassiveSafetyCAN,RML,AsdmPassSafeCANFr16,0x120,20,4.0,0
VehSpdLgtCntr,BackboneFR,VDDM,BcmVddmBackBoneFr06,57=0=4,20,,True,True,BodyCAN,RPOD,CemBodyFr03,0x076,20,4.0,1
VehSpdLgtCntr,BackboneFR,VDDM,BcmVddmBackBoneFr06,57=0=4,20,,True,True,BodyCAN,RRDM,CemBodyFr03,0x076,20,4.0,1
VehSpdLgtCntr,BackboneFR,VDDM,BcmVddmBackBoneFr06,57=0=4,20,,True,True,BodyCAN,SMD,CemBodyFr03,0x076,20,4.0,1
VehSpdLgtCntr,BackboneFR,VDDM,BcmVddmBackBoneFr06,57=0=4,20,,True,True,BodyCAN,SMP,CemBodyFr03,0x076,20,4.0,1
VehSpdLgtCntr,BackboneFR,VDDM,BcmVddmBackBoneFr06,57=0=4,20,,True,True,BodyCAN,SWTL,CemBodyFr03,0x076,20,4.0,1
VehSpdLgtCntr,BackboneFR,VDDM,BcmVddmBackBoneFr06,57=0=4,20,,True,True,BodyCAN,SWTR,CemBodyFr03,0x076,20,4.0,1
VehSpdLgtCntr,BackboneFR,VDDM,BcmVddmBackBoneFr06,57=0=4,20,,True,True,ConnectivityCANFD,TCAM,VgmConnFr02,0x150,35,4.0,1
VehSpdLgtCntr,BackboneFR,VDDM,BcmVddmBackBoneFr06,57=0=4,20,,True,True,ConnectivityCANFD,WPC,VgmConnFr02,0x150,35,4.0,1
VehSpdLgtCntr,BackboneFR,VDDM,BcmVddmBackBoneFr06,57=0=4,20,,True,True,BodyCAN,SMB,CemBodyFr03,0x076,20,4.0,1
VehSpdLgtCntr,BackboneFR,VDDM,BcmVddmBackBoneFr06,57=0=4,20,,True,True,ConnectivityCANFD,WPC3,VgmConnFr02,0x150,35,4.0,1
VehSpdLgtCntr,BackboneFR,VDDM,BcmVddmBackBoneFr06,57=0=4,20,,True,True,BodyCAN,SMB,CemBodyFr03,0x076,20,4.0,1
VehSpdLgtQf,BackboneFR,VDDM,BcmVddmBackBoneFr06,57=0=4,20,,True,True,CEM_LIN6,AWM,BgmCem_Lin6Fr01,0x24,170,2.0,0
VehSpdLgtQf,BackboneFR,VDDM,BcmVddmBackBoneFr06,57=0=4,20,,True,True,ConnectivityCANFD,BNCM,VgmConnFr02,0x150,35,2.0,0
VehSpdLgtQf,BackboneFR,VDDM,BcmVddmBackBoneFr06,57=0=4,20,,True,True,BodyCAN,CCM,CemBodyFr03,0x076,20,2.0,0
VehSpdLgtQf,BackboneFR,VDDM,BcmVddmBackBoneFr06,57=0=4,20,,True,True,BodyCAN,DDM,CemBodyFr03,0x076,20,2.0,1
VehSpdLgtQf,BackboneFR,VDDM,BcmVddmBackBoneFr06,57=0=4,20,,True,True,BodyCAN,DPOD,CemBodyFr03,0x076,20,2.0,1
VehSpdLgtQf,BackboneFR,VDDM,BcmVddmBackBoneFr06,57=0=4,20,,True,True,ConnectivityCANFD,DRMFL,VgmConnFr02,0x150,35,2.0,1
VehSpdLgtQf,BackboneFR,VDDM,BcmVddmBackBoneFr06,57=0=4,20,,True,True,ConnectivityCANFD,DRMFR,VgmConnFr02,0x150,35,2.0,1
VehSpdLgtQf,BackboneFR,VDDM,BcmVddmBackBoneFr06,57=0=4,20,,True,True,ConnectivityCANFD,DRMRL,VgmConnFr02,0x150,35,2.0,1
VehSpdLgtQf,BackboneFR,VDDM,BcmVddmBackBoneFr06,57=0=4,20,,True,True,ConnectivityCANFD,DRMRR,VgmConnFr02,0x150,35,2.0,1
VehSpdLgtQf,BackboneFR,VDDM,BcmVddmBackBoneFr06,57=0=4,20,,True,True,BodyCAN,ETCM,CemBodyFr03,0x076,20,2.0,1
VehSpdLgtQf,BackboneFR,VDDM,BcmVddmBackBoneFr06,57=0=4,20,,True,True,BodyExposedCANFD,HCML,CemBodyExpoCommonFr04,0x050,40,2.0,0
VehSpdLgtQf,BackboneFR,VDDM,BcmVddmBackBoneFr06,57=0=4,20,,True,True,BodyExposedCANFD,HCMR,CemBodyExpoCommonFr04,0x050,40,2.0,1
VehSpdLgtQf,BackboneFR,VDDM,BcmVddmBackBoneFr06,57=0=4,20,,True,True,BodyCAN,IPM,CemBodyFr03,0x076,20,2.0,1
VehSpdLgtQf,BackboneFR,VDDM,BcmVddmBackBoneFr06,57=0=4,20,,True,True,BodyCAN,LPOD,CemBodyFr03,0x076,20,2.0,1
VehSpdLgtQf,BackboneFR,VDDM,BcmVddmBackBoneFr06,57=0=4,20,,True,True,ConnectivityCANFD,NKR,VgmConnFr02,0x150,35,2.0,1
VehSpdLgtQf,BackboneFR,VDDM,BcmVddmBackBoneFr06,57=0=4,20,,True,True,BodyCAN,PDM,CemBodyFr03,0x076,20,2.0,1
VehSpdLgtQf,BackboneFR,VDDM,BcmVddmBackBoneFr06,57=0=4,20,,True,True,BodyCAN,POT,CemBodyFr03,0x076,20,2.0,1
VehSpdLgtQf,BackboneFR,VDDM,BcmVddmBackBoneFr06,57=0=4,20,,True,True,BodyCAN,PPOD,CemBodyFr03,0x076,20,2.0,1
VehSpdLgtQf,BackboneFR,VDDM,BcmVddmBackBoneFr06,57=0=4,20,,True,True,BodyExposedCANFD,RCML,CemBodyExpoCommonFr04,0x050,40,2.0,1
VehSpdLgtQf,BackboneFR,VDDM,BcmVddmBackBoneFr06,57=0=4,20,,True,True,BodyExposedCANFD,RCMM,CemBodyExpoCommonFr04,0x050,40,2.0,1
VehSpdLgtQf,BackboneFR,VDDM,BcmVddmBackBoneFr06,57=0=4,20,,True,True,BodyExposedCANFD,RCMR,CemBodyExpoCommonFr04,0x050,40,2.0,1
VehSpdLgtQf,BackboneFR,VDDM,BcmVddmBackBoneFr06,57=0=4,20,,True,True,BodyCAN,RLDM,CemBodyFr03,0x076,20,2.0,1
VehSpdLgtQf,BackboneFR,VDDM,BcmVddmBackBoneFr06,57=0=4,20,,True,True,PassiveSafetyCAN,RML,AsdmPassSafeCANFr16,0x120,20,2.0,0
VehSpdLgtQf,BackboneFR,VDDM,BcmVddmBackBoneFr06,57=0=4,20,,True,True,BodyCAN,RPOD,CemBodyFr03,0x076,20,2.0,1
VehSpdLgtQf,BackboneFR,VDDM,BcmVddmBackBoneFr06,57=0=4,20,,True,True,BodyCAN,RRDM,CemBodyFr03,0x076,20,2.0,1
VehSpdLgtQf,BackboneFR,VDDM,BcmVddmBackBoneFr06,57=0=4,20,,True,True,BodyCAN,SMD,CemBodyFr03,0x076,20,2.0,1
VehSpdLgtQf,BackboneFR,VDDM,BcmVddmBackBoneFr06,57=0=4,20,,True,True,BodyCAN,SMP,CemBodyFr03,0x076,20,2.0,1
VehSpdLgtQf,BackboneFR,VDDM,BcmVddmBackBoneFr06,57=0=4,20,,True,True,BodyCAN,SWTL,CemBodyFr03,0x076,20,2.0,1
VehSpdLgtQf,BackboneFR,VDDM,BcmVddmBackBoneFr06,57=0=4,20,,True,True,BodyCAN,SWTR,CemBodyFr03,0x076,20,2.0,1
VehSpdLgtQf,BackboneFR,VDDM,BcmVddmBackBoneFr06,57=0=4,20,,True,True,ConnectivityCANFD,TCAM,VgmConnFr02,0x150,35,2.0,1
VehSpdLgtQf,BackboneFR,VDDM,BcmVddmBackBoneFr06,57=0=4,20,,True,True,ConnectivityCANFD,WPC,VgmConnFr02,0x150,35,2.0,1
VehSpdLgtQf,BackboneFR,VDDM,BcmVddmBackBoneFr06,57=0=4,20,,True,True,BodyCAN,SMB,CemBodyFr03,0x076,20,2.0,1
VehSpdLgtQf,BackboneFR,VDDM,BcmVddmBackBoneFr06,57=0=4,20,,True,True,ConnectivityCANFD,WPC3,VgmConnFr02,0x150,35,2.0,1
VehSpdLgtQf,BackboneFR,VDDM,BcmVddmBackBoneFr06,57=0=4,20,,True,True,BodyCAN,SMB,CemBodyFr03,0x076,20,2.0,1
WhlDirRotlFrntChks,BackboneFR,VDDM,VddmBackBoneFr40,51=0=2,10,,True,True,ConnectivityCANFD,DRMFL,BgmConnectivityFr12,0x210,20,8.0,0
WhlDirRotlFrntChks,BackboneFR,VDDM,VddmBackBoneFr40,51=0=2,10,,True,True,ConnectivityCANFD,DRMFR,BgmConnectivityFr12,0x210,20,8.0,1
WhlDirRotlFrntChks,BackboneFR,VDDM,VddmBackBoneFr40,51=0=2,10,,True,True,ConnectivityCANFD,DRMRL,BgmConnectivityFr12,0x210,20,8.0,1
WhlDirRotlFrntChks,BackboneFR,VDDM,VddmBackBoneFr40,51=0=2,10,,True,True,ConnectivityCANFD,DRMRR,BgmConnectivityFr12,0x210,20,8.0,1
WhlDirRotlFrntCntr,BackboneFR,VDDM,VddmBackBoneFr40,51=0=2,10,,True,True,ConnectivityCANFD,DRMFL,BgmConnectivityFr12,0x210,20,4.0,0
WhlDirRotlFrntCntr,BackboneFR,VDDM,VddmBackBoneFr40,51=0=2,10,,True,True,ConnectivityCANFD,DRMFR,BgmConnectivityFr12,0x210,20,4.0,1
WhlDirRotlFrntCntr,BackboneFR,VDDM,VddmBackBoneFr40,51=0=2,10,,True,True,ConnectivityCANFD,DRMRL,BgmConnectivityFr12,0x210,20,4.0,1
WhlDirRotlFrntCntr,BackboneFR,VDDM,VddmBackBoneFr40,51=0=2,10,,True,True,ConnectivityCANFD,DRMRR,BgmConnectivityFr12,0x210,20,4.0,1
WhlDirRotlFrntLe,BackboneFR,VDDM,VddmBackBoneFr40,51=0=2,10,,True,True,ConnectivityCANFD,DRMFL,BgmConnectivityFr12,0x210,20,2.0,0
WhlDirRotlFrntLe,BackboneFR,VDDM,VddmBackBoneFr40,51=0=2,10,,True,True,ConnectivityCANFD,DRMFR,BgmConnectivityFr12,0x210,20,2.0,1
WhlDirRotlFrntLe,BackboneFR,VDDM,VddmBackBoneFr40,51=0=2,10,,True,True,ConnectivityCANFD,DRMRL,BgmConnectivityFr12,0x210,20,2.0,1
WhlDirRotlFrntLe,BackboneFR,VDDM,VddmBackBoneFr40,51=0=2,10,,True,True,ConnectivityCANFD,DRMRR,BgmConnectivityFr12,0x210,20,2.0,1
WhlDirRotlFrntRi,BackboneFR,VDDM,VddmBackBoneFr40,51=0=2,10,,True,True,ConnectivityCANFD,DRMFL,BgmConnectivityFr12,0x210,20,2.0,0
WhlDirRotlFrntRi,BackboneFR,VDDM,VddmBackBoneFr40,51=0=2,10,,True,True,ConnectivityCANFD,DRMFR,BgmConnectivityFr12,0x210,20,2.0,1
WhlDirRotlFrntRi,BackboneFR,VDDM,VddmBackBoneFr40,51=0=2,10,,True,True,ConnectivityCANFD,DRMRL,BgmConnectivityFr12,0x210,20,2.0,1
WhlDirRotlFrntRi,BackboneFR,VDDM,VddmBackBoneFr40,51=0=2,10,,True,True,ConnectivityCANFD,DRMRR,BgmConnectivityFr12,0x210,20,2.0,1
WhlDirRotlReChks,BackboneFR,VDDM,VddmBackBoneFr40,51=0=2,10,,True,True,ConnectivityCANFD,DRMFL,BgmConnectivityFr12,0x210,20,8.0,0
WhlDirRotlReChks,BackboneFR,VDDM,VddmBackBoneFr40,51=0=2,10,,True,True,ConnectivityCANFD,DRMFR,BgmConnectivityFr12,0x210,20,8.0,1
WhlDirRotlReChks,BackboneFR,VDDM,VddmBackBoneFr40,51=0=2,10,,True,True,ConnectivityCANFD,DRMRL,BgmConnectivityFr12,0x210,20,8.0,1
WhlDirRotlReChks,BackboneFR,VDDM,VddmBackBoneFr40,51=0=2,10,,True,True,ConnectivityCANFD,DRMRR,BgmConnectivityFr12,0x210,20,8.0,1
WhlDirRotlReCntr,BackboneFR,VDDM,VddmBackBoneFr40,51=0=2,10,,True,True,ConnectivityCANFD,DRMFL,BgmConnectivityFr12,0x210,20,4.0,0
WhlDirRotlReCntr,BackboneFR,VDDM,VddmBackBoneFr40,51=0=2,10,,True,True,ConnectivityCANFD,DRMFR,BgmConnectivityFr12,0x210,20,4.0,1
WhlDirRotlReCntr,BackboneFR,VDDM,VddmBackBoneFr40,51=0=2,10,,True,True,ConnectivityCANFD,DRMRL,BgmConnectivityFr12,0x210,20,4.0,1
WhlDirRotlReCntr,BackboneFR,VDDM,VddmBackBoneFr40,51=0=2,10,,True,True,ConnectivityCANFD,DRMRR,BgmConnectivityFr12,0x210,20,4.0,1
WhlDirRotlReLe,BackboneFR,VDDM,VddmBackBoneFr40,51=0=2,10,,True,True,ConnectivityCANFD,DRMFL,BgmConnectivityFr12,0x210,20,2.0,0
WhlDirRotlReLe,BackboneFR,VDDM,VddmBackBoneFr40,51=0=2,10,,True,True,ConnectivityCANFD,DRMFR,BgmConnectivityFr12,0x210,20,2.0,1
WhlDirRotlReLe,BackboneFR,VDDM,VddmBackBoneFr40,51=0=2,10,,True,True,ConnectivityCANFD,DRMRL,BgmConnectivityFr12,0x210,20,2.0,1
WhlDirRotlReLe,BackboneFR,VDDM,VddmBackBoneFr40,51=0=2,10,,True,True,ConnectivityCANFD,DRMRR,BgmConnectivityFr12,0x210,20,2.0,1
WhlDirRotlReRi,BackboneFR,VDDM,VddmBackBoneFr40,51=0=2,10,,True,True,ConnectivityCANFD,DRMFL,BgmConnectivityFr12,0x210,20,2.0,0
WhlDirRotlReRi,BackboneFR,VDDM,VddmBackBoneFr40,51=0=2,10,,True,True,ConnectivityCANFD,DRMFR,BgmConnectivityFr12,0x210,20,2.0,1
WhlDirRotlReRi,BackboneFR,VDDM,VddmBackBoneFr40,51=0=2,10,,True,True,ConnectivityCANFD,DRMRL,BgmConnectivityFr12,0x210,20,2.0,1
WhlDirRotlReRi,BackboneFR,VDDM,VddmBackBoneFr40,51=0=2,10,,True,True,ConnectivityCANFD,DRMRR,BgmConnectivityFr12,0x210,20,2.0,1
WhlMotSysSpdActSafe800Chks,ChassisCAN1,IEM,IemChas1Fr02,0x100,10,,True,True,BackboneFR,CDC,CemBackBoneFr04,37=1=2,10,8.0,0
WhlMotSysSpdActSafe800Cntr,ChassisCAN1,IEM,IemChas1Fr02,0x100,10,,True,True,BackboneFR,CDC,CemBackBoneFr04,37=1=2,10,4.0,0
WhlMotSysSpdActSafe800IsgSpdActSgn800,ChassisCAN1,IEM,IemChas1Fr02,0x100,10,,True,True,BackboneFR,CDC,CemBackBoneFr04,37=1=2,10,16.0,0
WhlMotSysSpdActSafe800Qf,ChassisCAN1,IEM,IemChas1Fr02,0x100,10,,True,True,BackboneFR,CDC,CemBackBoneFr04,37=1=2,10,2.0,0
WhlRotToothCntrChks,BackboneFR,VDDM,VddmBackBoneFr40,51=0=2,10,,True,True,ConnectivityCANFD,DRMFL,BgmConnectivityFr21,0x050,10,8.0,0
WhlRotToothCntrChks,BackboneFR,VDDM,VddmBackBoneFr40,51=0=2,10,,True,True,ConnectivityCANFD,DRMFR,BgmConnectivityFr21,0x050,10,8.0,1
WhlRotToothCntrChks,BackboneFR,VDDM,VddmBackBoneFr40,51=0=2,10,,True,True,ConnectivityCANFD,DRMRL,BgmConnectivityFr21,0x050,10,8.0,1
WhlRotToothCntrChks,BackboneFR,VDDM,VddmBackBoneFr40,51=0=2,10,,True,True,ConnectivityCANFD,DRMRR,BgmConnectivityFr21,0x050,10,8.0,1
WhlRotToothCntrCntr,BackboneFR,VDDM,VddmBackBoneFr40,51=0=2,10,,True,True,ConnectivityCANFD,DRMFL,BgmConnectivityFr21,0x050,10,4.0,0
WhlRotToothCntrCntr,BackboneFR,VDDM,VddmBackBoneFr40,51=0=2,10,,True,True,ConnectivityCANFD,DRMFR,BgmConnectivityFr21,0x050,10,4.0,1
WhlRotToothCntrCntr,BackboneFR,VDDM,VddmBackBoneFr40,51=0=2,10,,True,True,ConnectivityCANFD,DRMRL,BgmConnectivityFr21,0x050,10,4.0,1
WhlRotToothCntrCntr,BackboneFR,VDDM,VddmBackBoneFr40,51=0=2,10,,True,True,ConnectivityCANFD,DRMRR,BgmConnectivityFr21,0x050,10,4.0,1
WhlRotToothCntrFrntLe,BackboneFR,VDDM,VddmBackBoneFr40,51=0=2,10,,True,True,ConnectivityCANFD,DRMFL,BgmConnectivityFr21,0x050,10,8.0,0
WhlRotToothCntrFrntLe,BackboneFR,VDDM,VddmBackBoneFr40,51=0=2,10,,True,True,ConnectivityCANFD,DRMFR,BgmConnectivityFr21,0x050,10,8.0,1
WhlRotToothCntrFrntLe,BackboneFR,VDDM,VddmBackBoneFr40,51=0=2,10,,True,True,ConnectivityCANFD,DRMRL,BgmConnectivityFr21,0x050,10,8.0,1
WhlRotToothCntrFrntLe,BackboneFR,VDDM,VddmBackBoneFr40,51=0=2,10,,True,True,ConnectivityCANFD,DRMRR,BgmConnectivityFr21,0x050,10,8.0,1
WhlRotToothCntrFrntRi,BackboneFR,VDDM,VddmBackBoneFr40,51=0=2,10,,True,True,ConnectivityCANFD,DRMFL,BgmConnectivityFr21,0x050,10,8.0,0
WhlRotToothCntrFrntRi,BackboneFR,VDDM,VddmBackBoneFr40,51=0=2,10,,True,True,ConnectivityCANFD,DRMFR,BgmConnectivityFr21,0x050,10,8.0,1
WhlRotToothCntrFrntRi,BackboneFR,VDDM,VddmBackBoneFr40,51=0=2,10,,True,True,ConnectivityCANFD,DRMRL,BgmConnectivityFr21,0x050,10,8.0,1
WhlRotToothCntrFrntRi,BackboneFR,VDDM,VddmBackBoneFr40,51=0=2,10,,True,True,ConnectivityCANFD,DRMRR,BgmConnectivityFr21,0x050,10,8.0,1
WhlRotToothCntrReLe,BackboneFR,VDDM,VddmBackBoneFr40,51=0=2,10,,True,True,ConnectivityCANFD,DRMFL,BgmConnectivityFr21,0x050,10,8.0,0
WhlRotToothCntrReLe,BackboneFR,VDDM,VddmBackBoneFr40,51=0=2,10,,True,True,ConnectivityCANFD,DRMFR,BgmConnectivityFr21,0x050,10,8.0,1
WhlRotToothCntrReLe,BackboneFR,VDDM,VddmBackBoneFr40,51=0=2,10,,True,True,ConnectivityCANFD,DRMRL,BgmConnectivityFr21,0x050,10,8.0,1
WhlRotToothCntrReLe,BackboneFR,VDDM,VddmBackBoneFr40,51=0=2,10,,True,True,ConnectivityCANFD,DRMRR,BgmConnectivityFr21,0x050,10,8.0,1
WhlRotToothCntrReRi,BackboneFR,VDDM,VddmBackBoneFr40,51=0=2,10,,True,True,ConnectivityCANFD,DRMFL,BgmConnectivityFr21,0x050,10,8.0,0
WhlRotToothCntrReRi,BackboneFR,VDDM,VddmBackBoneFr40,51=0=2,10,,True,True,ConnectivityCANFD,DRMFR,BgmConnectivityFr21,0x050,10,8.0,1
WhlRotToothCntrReRi,BackboneFR,VDDM,VddmBackBoneFr40,51=0=2,10,,True,True,ConnectivityCANFD,DRMRL,BgmConnectivityFr21,0x050,10,8.0,1
WhlRotToothCntrReRi,BackboneFR,VDDM,VddmBackBoneFr40,51=0=2,10,,True,True,ConnectivityCANFD,DRMRR,BgmConnectivityFr21,0x050,10,8.0,1
SumRoadTyp,ADCANFD,ACU,AcuADCANFDFr14,0x110,EventTriggered,,,,ChassisCAN2,SUM1,BgmChas2Fr03,0x02D,EventTriggered,4.0,0
SumRoadTyp,ADCANFD,ACU,AcuADCANFDFr14,0x110,EventTriggered,,,,ChassisCAN2,SUM2,BgmChas2Fr03,0x02D,EventTriggered,4.0,1
SumSnsrSts,ADCANFD,ACU,AcuADCANFDFr14,0x110,EventTriggered,,,,ChassisCAN2,SUM1,BgmChas2Fr03,0x02D,EventTriggered,3.0,0
SumSnsrSts,ADCANFD,ACU,AcuADCANFDFr14,0x110,EventTriggered,,,,ChassisCAN2,SUM2,BgmChas2Fr03,0x02D,EventTriggered,3.0,1
ObjInfoObjConfidenceLvl,ADCANFD,ACU,AcuADCANFDFr13,0x135,10,,,,ChassisCAN2,SUM1,BgmChas2Fr02,0x040,10,7.0,0
ObjInfoObjConfidenceLvl,ADCANFD,ACU,AcuADCANFDFr13,0x135,10,,,,ChassisCAN2,SUM2,BgmChas2Fr02,0x040,10,7.0,1
ObjInfoObjDst1,ADCANFD,ACU,AcuADCANFDFr13,0x135,10,,,,ChassisCAN2,SUM1,BgmChas2Fr02,0x040,10,10.0,0
ObjInfoObjDst1,ADCANFD,ACU,AcuADCANFDFr13,0x135,10,,,,ChassisCAN2,SUM2,BgmChas2Fr02,0x040,10,10.0,1
ObjInfoObjDst2,ADCANFD,ACU,AcuADCANFDFr13,0x135,10,,,,ChassisCAN2,SUM1,BgmChas2Fr02,0x040,10,10.0,0
ObjInfoObjDst2,ADCANFD,ACU,AcuADCANFDFr13,0x135,10,,,,ChassisCAN2,SUM2,BgmChas2Fr02,0x040,10,10.0,1
ObjInfoObjHei,ADCANFD,ACU,AcuADCANFDFr13,0x135,10,,,,ChassisCAN2,SUM1,BgmChas2Fr02,0x040,10,8.0,0
ObjInfoObjHei,ADCANFD,ACU,AcuADCANFDFr13,0x135,10,,,,ChassisCAN2,SUM2,BgmChas2Fr02,0x040,10,8.0,1
ObjInfoObjSide,ADCANFD,ACU,AcuADCANFDFr13,0x135,10,,,,ChassisCAN2,SUM1,BgmChas2Fr02,0x040,10,2.0,0
ObjInfoObjSide,ADCANFD,ACU,AcuADCANFDFr13,0x135,10,,,,ChassisCAN2,SUM2,BgmChas2Fr02,0x040,10,2.0,1
ObjInfoObjTypMai,ADCANFD,ACU,AcuADCANFDFr13,0x135,10,,,,ChassisCAN2,SUM1,BgmChas2Fr02,0x040,10,4.0,0
ObjInfoObjTypMai,ADCANFD,ACU,AcuADCANFDFr13,0x135,10,,,,ChassisCAN2,SUM2,BgmChas2Fr02,0x040,10,4.0,1
ObjInfo2ObjConfidenceLvl,ADCANFD,ACU,AcuADCANFDFr14,0x110,EventTriggered,,,,ChassisCAN2,SUM1,BgmChas2Fr03,0x02D,EventTriggered,7.0,0
ObjInfo2ObjConfidenceLvl,ADCANFD,ACU,AcuADCANFDFr14,0x110,EventTriggered,,,,ChassisCAN2,SUM2,BgmChas2Fr03,0x02D,EventTriggered,7.0,1
ObjInfo2ObjDst1,ADCANFD,ACU,AcuADCANFDFr14,0x110,EventTriggered,,,,ChassisCAN2,SUM1,BgmChas2Fr03,0x02D,EventTriggered,10.0,0
ObjInfo2ObjDst1,ADCANFD,ACU,AcuADCANFDFr14,0x110,EventTriggered,,,,ChassisCAN2,SUM2,BgmChas2Fr03,0x02D,EventTriggered,10.0,1
ObjInfo2ObjDst2,ADCANFD,ACU,AcuADCANFDFr14,0x110,EventTriggered,,,,ChassisCAN2,SUM1,BgmChas2Fr03,0x02D,EventTriggered,10.0,0
ObjInfo2ObjDst2,ADCANFD,ACU,AcuADCANFDFr14,0x110,EventTriggered,,,,ChassisCAN2,SUM2,BgmChas2Fr03,0x02D,EventTriggered,10.0,1
ObjInfo2ObjHei,ADCANFD,ACU,AcuADCANFDFr14,0x110,EventTriggered,,,,ChassisCAN2,SUM1,BgmChas2Fr03,0x02D,EventTriggered,8.0,0
ObjInfo2ObjHei,ADCANFD,ACU,AcuADCANFDFr14,0x110,EventTriggered,,,,ChassisCAN2,SUM2,BgmChas2Fr03,0x02D,EventTriggered,8.0,1
ObjInfo2ObjSide,ADCANFD,ACU,AcuADCANFDFr14,0x110,EventTriggered,,,,ChassisCAN2,SUM1,BgmChas2Fr03,0x02D,EventTriggered,2.0,0
ObjInfo2ObjSide,ADCANFD,ACU,AcuADCANFDFr14,0x110,EventTriggered,,,,ChassisCAN2,SUM2,BgmChas2Fr03,0x02D,EventTriggered,2.0,1
ObjInfo2ObjTypMai,ADCANFD,ACU,AcuADCANFDFr14,0x110,EventTriggered,,,,ChassisCAN2,SUM1,BgmChas2Fr03,0x02D,EventTriggered,4.0,0
ObjInfo2ObjTypMai,ADCANFD,ACU,AcuADCANFDFr14,0x110,EventTriggered,,,,ChassisCAN2,SUM2,BgmChas2Fr03,0x02D,EventTriggered,4.0,1
